solid HA-Monitor_Case_v2
facet normal -0.13052619222004908 -0.9914448613738107 8.235852161734194e-16
  outer loop
    vertex 2.8 283.6499999999999 1.599999999999928
    vertex 1.9329561989065567 283.7641484819316 3.299999999999849
    vertex 1.9329561989065567 283.76414848193156 1.5999999999999195
  endloop
endfacet
facet normal -0.13052619222004908 -0.9914448613738107 8.235852161734194e-16
  outer loop
    vertex 1.9329561989065567 283.7641484819316 3.299999999999849
    vertex 2.8 283.6499999999999 1.599999999999928
    vertex 2.8 283.65 3.299999999999849
  endloop
endfacet
facet normal -0.7933533402912306 0.6087614290087265 -2.4362154291858727e-16
  outer loop
    vertex 90.38564064605511 286.2 4.799999999999846
    vertex 90.13137084989847 285.8686291501015 1.5999999999998984
    vertex 90.13137084989847 285.8686291501015 4.799999999999846
  endloop
endfacet
facet normal -0.7933533402912306 0.6087614290087265 -2.4362154291858727e-16
  outer loop
    vertex 90.13137084989847 285.8686291501015 1.5999999999998984
    vertex 90.38564064605511 286.2 4.799999999999846
    vertex 90.38564064605511 286.2 1.5999999999998984
  endloop
endfacet
facet normal -0.6087614290087209 -0.7933533402912352 4.2196489015330774e-16
  outer loop
    vertex 3.931370849898476 203.93137084989846 4.799999999999887
    vertex 3.599999999999999 204.18564064605508 1.5999999999999506
    vertex 3.931370849898476 203.93137084989846 1.5999999999999506
  endloop
endfacet
facet normal -0.6087614290087209 -0.7933533402912352 4.2196489015330774e-16
  outer loop
    vertex 3.599999999999999 204.18564064605508 1.5999999999999506
    vertex 3.931370849898476 203.93137084989846 4.799999999999887
    vertex 3.599999999999999 204.18564064605508 4.799999999999887
  endloop
endfacet
facet normal -0.38268343236508956 -0.9238795325112867 4.706406802909002e-16
  outer loop
    vertex 3.599999999999999 204.18564064605508 4.799999999999887
    vertex 3.2141104721640326 204.34548132206245 1.5999999999999506
    vertex 3.599999999999999 204.18564064605508 1.5999999999999506
  endloop
endfacet
facet normal -0.38268343236508956 -0.9238795325112867 4.706406802909002e-16
  outer loop
    vertex 3.2141104721640326 204.34548132206245 1.5999999999999506
    vertex 3.599999999999999 204.18564064605508 4.799999999999887
    vertex 3.2141104721640326 204.34548132206245 4.799999999999887
  endloop
endfacet
facet normal 0.3826834323650901 0.9238795325112867 -7.674592447301222e-16
  outer loop
    vertex 3.6670438010934445 290.23585151806833 3.299999999999843
    vertex 4.474999999999999 289.9011851026778 1.599999999999928
    vertex 3.6670438010934445 290.2358515180683 1.599999999999928
  endloop
endfacet
facet normal 0.3826834323650901 0.9238795325112867 -7.674592447301222e-16
  outer loop
    vertex 4.474999999999999 289.9011851026778 1.599999999999928
    vertex 3.6670438010934445 290.23585151806833 3.299999999999843
    vertex 4.474999999999999 289.9011851026778 3.299999999999843
  endloop
endfacet
facet normal -0.9238795325112867 0.38268343236508956 -1.2610779020918098e-16
  outer loop
    vertex 4.3454813220625095 202.38588952783593 4.799999999999888
    vertex 4.185640646055102 201.99999999999997 1.5999999999999506
    vertex 4.185640646055102 201.99999999999997 4.799999999999877
  endloop
endfacet
facet normal -0.9238795325112867 0.38268343236508956 -1.2610779020918098e-16
  outer loop
    vertex 4.185640646055102 201.99999999999997 1.5999999999999506
    vertex 4.3454813220625095 202.38588952783593 4.799999999999888
    vertex 4.3454813220625095 202.38588952783593 1.5999999999999603
  endloop
endfacet
facet normal 0.38268343236508695 -0.9238795325112878 8.317759759188902e-16
  outer loop
    vertex 2.385889527835967 288.54548132206247 4.799999999999844
    vertex 2.0000000000000004 288.38564064605504 1.599999999999928
    vertex 2.385889527835967 288.5454813220624 1.599999999999928
  endloop
endfacet
facet normal 0.38268343236508695 -0.9238795325112878 8.317759759188902e-16
  outer loop
    vertex 2.0000000000000004 288.38564064605504 1.599999999999928
    vertex 2.385889527835967 288.54548132206247 4.799999999999844
    vertex 2.0000000000000004 288.38564064605504 4.799999999999844
  endloop
endfacet
facet normal 0.7933533402912346 0.6087614290087215 -3.445328900817196e-16
  outer loop
    vertex 1.4143593539448975 201.99999999999997 1.5999999999999506
    vertex 1.6686291501015236 201.6686291501015 4.799999999999878
    vertex 1.6686291501015236 201.6686291501015 1.5999999999999535
  endloop
endfacet
facet normal 0.7933533402912346 0.6087614290087215 -3.445328900817196e-16
  outer loop
    vertex 1.6686291501015236 201.6686291501015 4.799999999999878
    vertex 1.4143593539448975 201.99999999999997 1.5999999999999506
    vertex 1.4143593539448975 201.99999999999997 4.799999999999878
  endloop
endfacet
facet normal -0.6087614290087204 0.7933533402912355 -6.590321940448368e-16
  outer loop
    vertex 0.4311922830250694 289.3688077169749 3.299999999999843
    vertex 1.1250000000000036 289.9011851026778 1.599999999999928
    vertex 0.4311922830250694 289.36880771697486 1.5999999999999195
  endloop
endfacet
facet normal -0.6087614290087204 0.7933533402912355 -6.590321940448368e-16
  outer loop
    vertex 1.1250000000000036 289.9011851026778 1.599999999999928
    vertex 0.4311922830250694 289.3688077169749 3.299999999999843
    vertex 1.1250000000000036 289.9011851026778 3.299999999999843
  endloop
endfacet
facet normal -0.9914448613738106 0.13052619222005057 -1.0842705068528529e-16
  outer loop
    vertex -0.549999999999994 286.99999999999994 3.2999999999998457
    vertex -0.4358515180683738 287.86704380109336 1.599999999999928
    vertex -0.549999999999994 286.99999999999994 1.599999999999928
  endloop
endfacet
facet normal -0.9914448613738106 0.13052619222005057 -1.0842705068528529e-16
  outer loop
    vertex -0.4358515180683738 287.86704380109336 1.599999999999928
    vertex -0.549999999999994 286.99999999999994 3.2999999999998457
    vertex -0.4358515180683738 287.8670438010934 3.299999999999843
  endloop
endfacet
facet normal 0.6087614290087207 0.7933533402912354 -4.0186460993116404e-16
  outer loop
    vertex 0.8908116907963214 200.8908116907963 4.799999999999888
    vertex 1.4500000000000002 200.46173140978198 5.399999999999884
    vertex 1.4500000000000002 200.46173140978198 4.799999999999883
  endloop
endfacet
facet normal 0.6087614290087207 0.7933533402912354 -4.0186460993116404e-16
  outer loop
    vertex 1.4500000000000002 200.46173140978198 5.399999999999884
    vertex 0.8908116907963214 200.8908116907963 4.799999999999888
    vertex 0.8908116907963214 200.8908116907963 5.399999999999888
  endloop
endfacet
facet normal 0.3826834323650914 -0.9238795325112861 4.679812500943671e-16
  outer loop
    vertex 88.3011885782232 205.40799973098044 5.399999999999888
    vertex 87.65 205.13826859021796 4.799999999999888
    vertex 88.3011885782232 205.40799973098044 4.799999999999888
  endloop
endfacet
facet normal 0.3826834323650914 -0.9238795325112861 4.679812500943671e-16
  outer loop
    vertex 87.65 205.13826859021796 4.799999999999888
    vertex 88.3011885782232 205.40799973098044 5.399999999999888
    vertex 87.65 205.13826859021796 5.399999999999888
  endloop
endfacet
facet normal 0.6087614290087201 -0.7933533402912356 4.0186460993116424e-16
  outer loop
    vertex 87.65 205.13826859021796 4.799999999999888
    vertex 87.09081169079633 204.70918830920363 5.399999999999884
    vertex 87.09081169079633 204.70918830920363 4.799999999999883
  endloop
endfacet
facet normal 0.6087614290087201 -0.7933533402912356 4.0186460993116424e-16
  outer loop
    vertex 87.09081169079633 204.70918830920363 5.399999999999884
    vertex 87.65 205.13826859021796 4.799999999999888
    vertex 87.65 205.13826859021796 5.399999999999888
  endloop
endfacet
facet normal 0.6087614290087204 -0.7933533402912353 4.018646099311641e-16
  outer loop
    vertex 1.4499999999999988 205.13826859021796 4.799999999999888
    vertex 0.8908116907963199 204.70918830920363 5.399999999999884
    vertex 0.8908116907963199 204.70918830920363 4.799999999999883
  endloop
endfacet
facet normal 0.6087614290087204 -0.7933533402912353 4.018646099311641e-16
  outer loop
    vertex 0.8908116907963199 204.70918830920363 5.399999999999884
    vertex 1.4499999999999988 205.13826859021796 4.799999999999888
    vertex 1.4499999999999988 205.13826859021796 5.399999999999888
  endloop
endfacet
facet normal 0.1305261922200522 -0.9914448613738104 5.022057414392221e-16
  outer loop
    vertex 2.799999999999999 205.49999999999997 5.399999999999888
    vertex 2.1011885782231916 205.40799973098046 4.799999999999888
    vertex 2.799999999999999 205.49999999999997 4.799999999999888
  endloop
endfacet
facet normal 0.1305261922200522 -0.9914448613738104 5.022057414392221e-16
  outer loop
    vertex 2.1011885782231916 205.40799973098046 4.799999999999888
    vertex 2.799999999999999 205.49999999999997 5.399999999999888
    vertex 2.1011885782231916 205.40799973098046 5.399999999999888
  endloop
endfacet
facet normal 0.3826834323650896 0.9238795325112868 -4.679812500943676e-16
  outer loop
    vertex 1.4500000000000002 200.46173140978198 5.399999999999884
    vertex 2.101188578223194 200.19200026901947 4.799999999999888
    vertex 1.4500000000000002 200.46173140978198 4.799999999999883
  endloop
endfacet
facet normal 0.3826834323650896 0.9238795325112868 -4.679812500943676e-16
  outer loop
    vertex 2.101188578223194 200.19200026901947 4.799999999999888
    vertex 1.4500000000000002 200.46173140978198 5.399999999999884
    vertex 2.101188578223194 200.19200026901947 5.399999999999888
  endloop
endfacet
facet normal -0.9238795325112817 0.3826834323651016 -1.9384418072540846e-16
  outer loop
    vertex 91.6079997309805 202.10118857822314 5.399999999999888
    vertex 91.33826859021798 201.45 4.799999999999888
    vertex 91.33826859021798 201.45 5.399999999999888
  endloop
endfacet
facet normal -0.9238795325112817 0.3826834323651016 -1.9384418072540846e-16
  outer loop
    vertex 91.33826859021798 201.45 4.799999999999888
    vertex 91.6079997309805 202.10118857822314 5.399999999999888
    vertex 91.6079997309805 202.10118857822314 4.799999999999888
  endloop
endfacet
facet normal 0.7933533402912349 0.608761429008721 -3.0836156071382e-16
  outer loop
    vertex 0.4617314097820156 201.44999999999996 4.799999999999888
    vertex 0.8908116907963214 200.8908116907963 5.399999999999888
    vertex 0.8908116907963214 200.8908116907963 4.799999999999888
  endloop
endfacet
facet normal 0.7933533402912349 0.608761429008721 -3.0836156071382e-16
  outer loop
    vertex 0.8908116907963214 200.8908116907963 5.399999999999888
    vertex 0.4617314097820156 201.44999999999996 4.799999999999888
    vertex 0.4617314097820156 201.44999999999996 5.399999999999888
  endloop
endfacet
facet normal 0.9238795325112868 -0.38268343236508967 1.9384418072540224e-16
  outer loop
    vertex 0.1920002690195147 203.4988114217768 4.799999999999888
    vertex 0.4617314097820149 204.14999999999995 5.399999999999888
    vertex 0.1920002690195147 203.49881142177674 5.399999999999888
  endloop
endfacet
facet normal 0.9238795325112868 -0.38268343236508967 1.9384418072540224e-16
  outer loop
    vertex 0.4617314097820149 204.14999999999995 5.399999999999888
    vertex 0.1920002690195147 203.4988114217768 4.799999999999888
    vertex 0.4617314097820149 204.14999999999995 4.799999999999888
  endloop
endfacet
facet normal -0.38268343236508967 0.9238795325112868 -4.679812500943675e-16
  outer loop
    vertex 3.498811421776806 200.19200026901947 4.799999999999888
    vertex 4.1499999999999995 200.46173140978198 5.399999999999884
    vertex 4.1499999999999995 200.46173140978198 4.799999999999883
  endloop
endfacet
facet normal -0.38268343236508967 0.9238795325112868 -4.679812500943675e-16
  outer loop
    vertex 4.1499999999999995 200.46173140978198 5.399999999999884
    vertex 3.498811421776806 200.19200026901947 4.799999999999888
    vertex 3.498811421776806 200.19200026901947 5.399999999999888
  endloop
endfacet
facet normal 0.3826834323650875 0.9238795325112878 -4.67981250094368e-16
  outer loop
    vertex 1.4500000000000002 284.661731409782 5.399999999999845
    vertex 2.101188578223194 284.3920002690195 4.799999999999846
    vertex 1.4500000000000002 284.661731409782 4.799999999999846
  endloop
endfacet
facet normal 0.3826834323650875 0.9238795325112878 -4.67981250094368e-16
  outer loop
    vertex 2.101188578223194 284.3920002690195 4.799999999999846
    vertex 1.4500000000000002 284.661731409782 5.399999999999845
    vertex 2.101188578223194 284.3920002690195 5.399999999999848
  endloop
endfacet
facet normal 0.3826834323650904 -0.9238795325112866 4.679812500943674e-16
  outer loop
    vertex 2.1011885782231916 205.40799973098046 5.399999999999888
    vertex 1.4499999999999988 205.13826859021796 4.799999999999888
    vertex 2.1011885782231916 205.40799973098046 4.799999999999888
  endloop
endfacet
facet normal 0.3826834323650904 -0.9238795325112866 4.679812500943674e-16
  outer loop
    vertex 1.4499999999999988 205.13826859021796 4.799999999999888
    vertex 2.1011885782231916 205.40799973098046 5.399999999999888
    vertex 1.4499999999999988 205.13826859021796 5.399999999999888
  endloop
endfacet
facet normal -0.9238795325112865 -0.3826834323650905 1.9384418072540264e-16
  outer loop
    vertex 5.138268590217983 204.14999999999995 5.399999999999888
    vertex 5.4079997309804835 203.4988114217768 4.799999999999888
    vertex 5.4079997309804835 203.4988114217768 5.399999999999888
  endloop
endfacet
facet normal -0.9238795325112865 -0.3826834323650905 1.9384418072540264e-16
  outer loop
    vertex 5.4079997309804835 203.4988114217768 4.799999999999888
    vertex 5.138268590217983 204.14999999999995 5.399999999999888
    vertex 5.138268590217983 204.14999999999995 4.799999999999888
  endloop
endfacet
facet normal -0.6087614290087201 -0.7933533402912356 4.0186460993116424e-16
  outer loop
    vertex 90.90918830920369 204.70918830920363 5.399999999999884
    vertex 90.35000000000001 205.13826859021796 4.799999999999888
    vertex 90.90918830920369 204.70918830920363 4.799999999999883
  endloop
endfacet
facet normal -0.6087614290087201 -0.7933533402912356 4.0186460993116424e-16
  outer loop
    vertex 90.35000000000001 205.13826859021796 4.799999999999888
    vertex 90.90918830920369 204.70918830920363 5.399999999999884
    vertex 90.35000000000001 205.13826859021796 5.399999999999888
  endloop
endfacet
facet normal 0.7933533402912359 -0.6087614290087199 3.083615607138195e-16
  outer loop
    vertex 0.8908116907963199 204.70918830920363 4.799999999999883
    vertex 0.4617314097820149 204.14999999999995 5.399999999999888
    vertex 0.4617314097820149 204.14999999999995 4.799999999999888
  endloop
endfacet
facet normal 0.7933533402912359 -0.6087614290087199 3.083615607138195e-16
  outer loop
    vertex 0.4617314097820149 204.14999999999995 5.399999999999888
    vertex 0.8908116907963199 204.70918830920363 4.799999999999883
    vertex 0.8908116907963199 204.70918830920363 5.399999999999884
  endloop
endfacet
facet normal 0.9914448613738105 0.130526192220052 -6.611664016320375e-17
  outer loop
    vertex 0.09999999999999981 202.79999999999995 4.799999999999888
    vertex 0.1920002690195161 202.10118857822314 5.399999999999888
    vertex 0.1920002690195161 202.10118857822314 4.799999999999888
  endloop
endfacet
facet normal 0.9914448613738105 0.130526192220052 -6.611664016320375e-17
  outer loop
    vertex 0.1920002690195161 202.10118857822314 5.399999999999888
    vertex 0.09999999999999981 202.79999999999995 4.799999999999888
    vertex 0.09999999999999981 202.79999999999995 5.399999999999888
  endloop
endfacet
facet normal -0.9914448613738105 -0.13052619222005216 6.611664016320382e-17
  outer loop
    vertex 5.4079997309804835 203.4988114217768 5.399999999999888
    vertex 5.5 202.79999999999995 4.799999999999888
    vertex 5.5 202.79999999999995 5.399999999999888
  endloop
endfacet
facet normal -0.9914448613738105 -0.13052619222005216 6.611664016320382e-17
  outer loop
    vertex 5.5 202.79999999999995 4.799999999999888
    vertex 5.4079997309804835 203.4988114217768 5.399999999999888
    vertex 5.4079997309804835 203.4988114217768 4.799999999999888
  endloop
endfacet
facet normal 0.9914448613738105 -0.13052619222005113 6.611664016320331e-17
  outer loop
    vertex 0.1920002690195147 203.4988114217768 4.799999999999888
    vertex 0.09999999999999981 202.79999999999995 5.399999999999888
    vertex 0.09999999999999981 202.79999999999995 4.799999999999888
  endloop
endfacet
facet normal 0.9914448613738105 -0.13052619222005113 6.611664016320331e-17
  outer loop
    vertex 0.09999999999999981 202.79999999999995 5.399999999999888
    vertex 0.1920002690195147 203.4988114217768 4.799999999999888
    vertex 0.1920002690195147 203.49881142177674 5.399999999999888
  endloop
endfacet
facet normal 0.13052619222005216 -0.9914448613738105 5.022057414392222e-16
  outer loop
    vertex 89.0 205.49999999999997 5.399999999999888
    vertex 88.3011885782232 205.40799973098044 4.799999999999888
    vertex 89.0 205.49999999999997 4.799999999999888
  endloop
endfacet
facet normal 0.13052619222005216 -0.9914448613738105 5.022057414392222e-16
  outer loop
    vertex 88.3011885782232 205.40799973098044 4.799999999999888
    vertex 89.0 205.49999999999997 5.399999999999888
    vertex 88.3011885782232 205.40799973098044 5.399999999999888
  endloop
endfacet
facet normal 0.9238795325112868 0.3826834323650899 -1.9384418072540234e-16
  outer loop
    vertex 0.1920002690195161 202.10118857822314 4.799999999999888
    vertex 0.4617314097820156 201.44999999999996 5.399999999999888
    vertex 0.4617314097820156 201.44999999999996 4.799999999999888
  endloop
endfacet
facet normal 0.9238795325112868 0.3826834323650899 -1.9384418072540234e-16
  outer loop
    vertex 0.4617314097820156 201.44999999999996 5.399999999999888
    vertex 0.1920002690195161 202.10118857822314 4.799999999999888
    vertex 0.1920002690195161 202.10118857822314 5.399999999999888
  endloop
endfacet
facet normal 0.9238795325112819 0.38268343236510144 -1.9384418072540823e-16
  outer loop
    vertex 86.39200026901952 202.10118857822314 4.799999999999888
    vertex 86.66173140978204 201.45 5.399999999999888
    vertex 86.66173140978204 201.45 4.799999999999888
  endloop
endfacet
facet normal 0.9238795325112819 0.38268343236510144 -1.9384418072540823e-16
  outer loop
    vertex 86.66173140978204 201.45 5.399999999999888
    vertex 86.39200026901952 202.10118857822314 4.799999999999888
    vertex 86.39200026901952 202.10118857822314 5.399999999999888
  endloop
endfacet
facet normal 0.9914448613738113 0.13052619222004486 -6.611664016320013e-17
  outer loop
    vertex 86.30000000000001 202.79999999999995 4.799999999999888
    vertex 86.39200026901952 202.10118857822314 5.399999999999888
    vertex 86.39200026901952 202.10118857822314 4.799999999999888
  endloop
endfacet
facet normal 0.9914448613738113 0.13052619222004486 -6.611664016320013e-17
  outer loop
    vertex 86.39200026901952 202.10118857822314 5.399999999999888
    vertex 86.30000000000001 202.79999999999995 4.799999999999888
    vertex 86.30000000000001 202.79999999999995 5.399999999999888
  endloop
endfacet
facet normal -0.6087614290087197 -0.7933533402912359 4.018646099311644e-16
  outer loop
    vertex 4.709188309203678 204.70918830920363 5.399999999999884
    vertex 4.149999999999998 205.13826859021796 4.799999999999888
    vertex 4.709188309203678 204.70918830920363 4.799999999999883
  endloop
endfacet
facet normal -0.6087614290087197 -0.7933533402912359 4.018646099311644e-16
  outer loop
    vertex 4.149999999999998 205.13826859021796 4.799999999999888
    vertex 4.709188309203678 204.70918830920363 5.399999999999884
    vertex 4.149999999999998 205.13826859021796 5.399999999999888
  endloop
endfacet
facet normal -0.13052619222005177 -0.9914448613738105 5.022057414392222e-16
  outer loop
    vertex 3.4988114217768045 205.40799973098046 5.399999999999888
    vertex 2.799999999999999 205.49999999999997 4.799999999999888
    vertex 3.4988114217768045 205.40799973098046 4.799999999999888
  endloop
endfacet
facet normal -0.13052619222005177 -0.9914448613738105 5.022057414392222e-16
  outer loop
    vertex 2.799999999999999 205.49999999999997 4.799999999999888
    vertex 3.4988114217768045 205.40799973098046 5.399999999999888
    vertex 2.799999999999999 205.49999999999997 5.399999999999888
  endloop
endfacet
facet normal -0.3826834323650914 -0.9238795325112861 4.679812500943671e-16
  outer loop
    vertex 90.35000000000001 205.13826859021796 5.399999999999888
    vertex 89.69881142177681 205.40799973098044 4.799999999999888
    vertex 90.35000000000001 205.13826859021796 4.799999999999888
  endloop
endfacet
facet normal -0.3826834323650914 -0.9238795325112861 4.679812500943671e-16
  outer loop
    vertex 89.69881142177681 205.40799973098044 4.799999999999888
    vertex 90.35000000000001 205.13826859021796 5.399999999999888
    vertex 89.69881142177681 205.40799973098044 5.399999999999888
  endloop
endfacet
facet normal -0.13052619222005019 -0.9914448613738106 5.022057414392223e-16
  outer loop
    vertex 89.69881142177681 205.40799973098044 5.399999999999888
    vertex 89.0 205.49999999999997 4.799999999999888
    vertex 89.69881142177681 205.40799973098044 4.799999999999888
  endloop
endfacet
facet normal -0.13052619222005019 -0.9914448613738106 5.022057414392223e-16
  outer loop
    vertex 89.0 205.49999999999997 4.799999999999888
    vertex 89.69881142177681 205.40799973098044 5.399999999999888
    vertex 89.0 205.49999999999997 5.399999999999888
  endloop
endfacet
facet normal -0.13052619222005193 0.9914448613738104 -5.022057414392222e-16
  outer loop
    vertex 2.8 200.09999999999997 5.399999999999888
    vertex 3.498811421776806 200.19200026901947 4.799999999999888
    vertex 2.8 200.09999999999997 4.799999999999888
  endloop
endfacet
facet normal -0.13052619222005193 0.9914448613738104 -5.022057414392222e-16
  outer loop
    vertex 3.498811421776806 200.19200026901947 4.799999999999888
    vertex 2.8 200.09999999999997 5.399999999999888
    vertex 3.498811421776806 200.19200026901947 5.399999999999888
  endloop
endfacet
facet normal -0.7933533402912353 -0.6087614290087205 3.083615607138199e-16
  outer loop
    vertex 4.709188309203678 204.70918830920363 5.399999999999884
    vertex 5.138268590217983 204.14999999999995 4.799999999999888
    vertex 5.138268590217983 204.14999999999995 5.399999999999888
  endloop
endfacet
facet normal -0.7933533402912353 -0.6087614290087205 3.083615607138199e-16
  outer loop
    vertex 5.138268590217983 204.14999999999995 4.799999999999888
    vertex 4.709188309203678 204.70918830920363 5.399999999999884
    vertex 4.709188309203678 204.70918830920363 4.799999999999883
  endloop
endfacet
facet normal 0.9914448613738114 -0.13052619222004502 6.611664016320021e-17
  outer loop
    vertex 86.39200026901952 203.49881142177674 4.799999999999888
    vertex 86.30000000000001 202.79999999999995 5.399999999999888
    vertex 86.30000000000001 202.79999999999995 4.799999999999888
  endloop
endfacet
facet normal 0.9914448613738114 -0.13052619222004502 6.611664016320021e-17
  outer loop
    vertex 86.30000000000001 202.79999999999995 5.399999999999888
    vertex 86.39200026901952 203.49881142177674 4.799999999999888
    vertex 86.39200026901952 203.49881142177674 5.399999999999888
  endloop
endfacet
facet normal 0.9238795325112876 -0.38268343236508795 1.9384418072540138e-16
  outer loop
    vertex 86.66173140978202 204.14999999999995 4.799999999999888
    vertex 86.39200026901952 203.49881142177674 5.399999999999888
    vertex 86.39200026901952 203.49881142177674 4.799999999999888
  endloop
endfacet
facet normal 0.9238795325112876 -0.38268343236508795 1.9384418072540138e-16
  outer loop
    vertex 86.39200026901952 203.49881142177674 5.399999999999888
    vertex 86.66173140978202 204.14999999999995 4.799999999999888
    vertex 86.66173140978202 204.14999999999995 5.399999999999888
  endloop
endfacet
facet normal 0.7933533402912393 0.6087614290087153 -3.0836156071381717e-16
  outer loop
    vertex 86.66173140978204 201.45 4.799999999999888
    vertex 87.09081169079633 200.8908116907963 5.399999999999888
    vertex 87.09081169079633 200.8908116907963 4.799999999999888
  endloop
endfacet
facet normal 0.7933533402912393 0.6087614290087153 -3.0836156071381717e-16
  outer loop
    vertex 87.09081169079633 200.8908116907963 5.399999999999888
    vertex 86.66173140978204 201.45 4.799999999999888
    vertex 86.66173140978204 201.45 5.399999999999888
  endloop
endfacet
facet normal -0.3826834323650893 -0.923879532511287 4.679812500943676e-16
  outer loop
    vertex 4.149999999999998 205.13826859021796 5.399999999999888
    vertex 3.4988114217768045 205.40799973098046 4.799999999999888
    vertex 4.149999999999998 205.13826859021796 4.799999999999888
  endloop
endfacet
facet normal -0.3826834323650893 -0.923879532511287 4.679812500943676e-16
  outer loop
    vertex 3.4988114217768045 205.40799973098046 4.799999999999888
    vertex 4.149999999999998 205.13826859021796 5.399999999999888
    vertex 3.4988114217768045 205.40799973098046 5.399999999999888
  endloop
endfacet
facet normal -1.0 0.0 0.0
  outer loop
    vertex 89.80000000000001 281.4 4.299999999999848
    vertex 89.80000000000001 215.89999999999998 3.2999999999999416
    vertex 89.80000000000001 215.89999999999998 4.299999999999883
  endloop
endfacet
facet normal -1.0 0.0 0.0
  outer loop
    vertex 89.80000000000001 215.89999999999998 3.2999999999999416
    vertex 89.80000000000001 281.4 4.299999999999848
    vertex 89.80000000000001 281.4 3.299999999999897
  endloop
endfacet
facet normal 0.9914448613738106 -0.13052619222005066 1.6455302212858267e-16
  outer loop
    vertex 92.35 286.99999999999994 1.5999999999998997
    vertex 92.23585151806839 286.1329561989065 3.2999999999998457
    vertex 92.23585151806839 286.1329561989065 1.5999999999998997
  endloop
endfacet
facet normal 0.9914448613738106 -0.13052619222005066 1.6455302212858267e-16
  outer loop
    vertex 92.23585151806839 286.1329561989065 3.2999999999998457
    vertex 92.35 286.99999999999994 1.5999999999998997
    vertex 92.35 286.99999999999994 3.2999999999998457
  endloop
endfacet
facet normal 0.6087614290087172 -0.7933533402912378 3.9726613775230503e-16
  outer loop
    vertex 91.36880771697494 284.63119228302503 3.2999999999998475
    vertex 90.67500000000001 284.09881489732214 1.5999999999998997
    vertex 91.36880771697494 284.63119228302503 1.5999999999998997
  endloop
endfacet
facet normal 0.6087614290087172 -0.7933533402912378 3.9726613775230503e-16
  outer loop
    vertex 90.67500000000001 284.09881489732214 1.5999999999998997
    vertex 91.36880771697494 284.63119228302503 3.2999999999998475
    vertex 90.67500000000001 284.09881489732214 3.2999999999998373
  endloop
endfacet
facet normal 0.13052619222004896 -0.9914448613738107 4.2631907842111463e-16
  outer loop
    vertex 89.86704380109344 283.7641484819316 3.2999999999998457
    vertex 89.0 283.65 1.5999999999998997
    vertex 89.86704380109344 283.7641484819316 1.5999999999998913
  endloop
endfacet
facet normal 0.13052619222004896 -0.9914448613738107 4.2631907842111463e-16
  outer loop
    vertex 89.0 283.65 1.5999999999998997
    vertex 89.86704380109344 283.7641484819316 3.2999999999998457
    vertex 89.0 283.65 3.2999999999998457
  endloop
endfacet
facet normal 0.3826834323650884 0.9238795325112875 -3.411401663090076e-16
  outer loop
    vertex 89.86704380109344 206.03585151806834 3.299999999999877
    vertex 90.675 205.70118510267784 1.5999999999999561
    vertex 89.86704380109344 206.03585151806834 1.5999999999999561
  endloop
endfacet
facet normal 0.3826834323650884 0.9238795325112875 -3.411401663090076e-16
  outer loop
    vertex 90.675 205.70118510267784 1.5999999999999561
    vertex 89.86704380109344 206.03585151806834 3.299999999999877
    vertex 90.675 205.70118510267784 3.2999999999998852
  endloop
endfacet
facet normal 0.9238795325112841 -0.3826834323650965 1.2305399195739004e-15
  outer loop
    vertex 92.23585151806839 286.1329561989065 1.5999999999998997
    vertex 91.90118510267787 285.325 3.2999999999998457
    vertex 91.90118510267787 285.325 1.5999999999998997
  endloop
endfacet
facet normal 0.9238795325112841 -0.3826834323650965 1.2305399195739004e-15
  outer loop
    vertex 91.90118510267787 285.325 3.2999999999998457
    vertex 92.23585151806839 286.1329561989065 1.5999999999998997
    vertex 92.15 285.92569229963556 3.2999999999998475
  endloop
endfacet
facet normal 0.9238795325112841 -0.3826834323650965 1.2305399195739004e-15
  outer loop
    vertex 92.15 285.92569229963556 3.2999999999998475
    vertex 92.23585151806839 286.1329561989065 1.5999999999998997
    vertex 92.23585151806839 286.1329561989065 3.2999999999998457
  endloop
endfacet
facet normal -0.1305261922200607 0.9914448613738092 -4.2631907842111394e-16
  outer loop
    vertex 1.9329561989065496 206.03585151806834 3.299999999999877
    vertex 2.8 206.14999999999995 1.5999999999999506
    vertex 1.9329561989065496 206.03585151806834 1.5999999999999506
  endloop
endfacet
facet normal -0.1305261922200607 0.9914448613738092 -4.2631907842111394e-16
  outer loop
    vertex 2.8 206.14999999999995 1.5999999999999506
    vertex 1.9329561989065496 206.03585151806834 3.299999999999877
    vertex 2.8 206.14999999999995 3.299999999999877
  endloop
endfacet
facet normal 0.3826834323650884 -0.9238795325112875 4.263190784211151e-16
  outer loop
    vertex 90.67500000000001 284.09881489732214 1.5999999999998997
    vertex 89.86704380109344 283.7641484819316 3.2999999999998457
    vertex 89.86704380109344 283.7641484819316 1.5999999999998913
  endloop
endfacet
facet normal 0.3826834323650884 -0.9238795325112875 4.263190784211151e-16
  outer loop
    vertex 89.86704380109344 283.7641484819316 3.2999999999998457
    vertex 90.67500000000001 284.09881489732214 1.5999999999998997
    vertex 90.67500000000001 284.09881489732214 3.2999999999998373
  endloop
endfacet
facet normal 0.6087614290087172 -0.7933533402912378 3.9726613775230474e-16
  outer loop
    vertex 91.36880771697494 200.431192283025 3.29999999999988
    vertex 90.67500000000001 199.8988148973221 1.5999999999999561
    vertex 91.36880771697494 200.431192283025 1.5999999999999561
  endloop
endfacet
facet normal 0.6087614290087172 -0.7933533402912378 3.9726613775230474e-16
  outer loop
    vertex 90.67500000000001 199.8988148973221 1.5999999999999561
    vertex 91.36880771697494 200.431192283025 3.29999999999988
    vertex 90.67500000000001 199.8988148973221 3.2999999999998897
  endloop
endfacet
facet normal 0.6087614290087172 0.7933533402912378 -2.617660562925335e-16
  outer loop
    vertex 90.675 205.70118510267784 1.5999999999999561
    vertex 91.36880771697494 205.1688077169749 3.2999999999998866
    vertex 91.36880771697494 205.1688077169749 1.5999999999999548
  endloop
endfacet
facet normal 0.6087614290087172 0.7933533402912378 -2.617660562925335e-16
  outer loop
    vertex 91.36880771697494 205.1688077169749 3.2999999999998866
    vertex 90.675 205.70118510267784 1.5999999999999561
    vertex 90.675 205.70118510267784 3.2999999999998852
  endloop
endfacet
facet normal -0.7933533402912378 0.6087614290087172 -3.4114016630900663e-16
  outer loop
    vertex 86.63119228302507 289.3688077169749 3.299999999999843
    vertex 86.09881489732214 288.67499999999995 1.599999999999897
    vertex 86.09881489732214 288.67499999999995 3.2999999999998444
  endloop
endfacet
facet normal -0.7933533402912378 0.6087614290087172 -3.4114016630900663e-16
  outer loop
    vertex 86.09881489732214 288.67499999999995 1.599999999999897
    vertex 86.63119228302507 289.3688077169749 3.299999999999843
    vertex 86.63119228302507 289.3688077169749 1.5999999999998884
  endloop
endfacet
facet normal -0.13052619222004896 0.9914448613738107 -4.2631907842111463e-16
  outer loop
    vertex 88.13295619890656 290.23585151806833 3.2999999999998444
    vertex 89.0 290.34999999999997 1.599999999999897
    vertex 88.13295619890656 290.23585151806833 1.599999999999897
  endloop
endfacet
facet normal -0.13052619222004896 0.9914448613738107 -4.2631907842111463e-16
  outer loop
    vertex 89.0 290.34999999999997 1.599999999999897
    vertex 88.13295619890656 290.23585151806833 3.2999999999998444
    vertex 89.0 290.34999999999997 3.2999999999998444
  endloop
endfacet
facet normal 0.9238795325112841 0.3826834323650964 1.221889375323837e-15
  outer loop
    vertex 91.90118510267787 204.47499999999997 1.5999999999999477
    vertex 92.23585151806839 203.66704380109343 3.2999999999998884
    vertex 92.23585151806839 203.66704380109343 1.5999999999999577
  endloop
endfacet
facet normal 0.9238795325112841 0.3826834323650964 1.221889375323837e-15
  outer loop
    vertex 92.23585151806839 203.66704380109343 3.2999999999998884
    vertex 91.90118510267787 204.47499999999997 1.5999999999999477
    vertex 92.15 203.87430770036443 3.2999999999998897
  endloop
endfacet
facet normal 0.9238795325112841 0.3826834323650964 1.221889375323837e-15
  outer loop
    vertex 92.15 203.87430770036443 3.2999999999998897
    vertex 91.90118510267787 204.47499999999997 1.5999999999999477
    vertex 91.90118510267787 204.47499999999997 3.2999999999998852
  endloop
endfacet
facet normal 0.0 1.0 0.0
  outer loop
    vertex 1.9999999999999998 215.89999999999998 4.299999999999871
    vertex 89.80000000000001 215.89999999999998 3.2999999999999416
    vertex 1.9999999999999991 215.89999999999998 3.2999999999999416
  endloop
endfacet
facet normal 0.0 1.0 0.0
  outer loop
    vertex 89.80000000000001 215.89999999999998 3.2999999999999416
    vertex 1.9999999999999998 215.89999999999998 4.299999999999871
    vertex 89.80000000000001 215.89999999999998 4.299999999999883
  endloop
endfacet
facet normal 0.7933533402912442 -0.6087614290087092 3.411401663090043e-16
  outer loop
    vertex 91.90118510267787 285.325 1.5999999999998997
    vertex 91.36880771697494 284.63119228302503 3.2999999999998475
    vertex 91.36880771697494 284.63119228302503 1.5999999999998997
  endloop
endfacet
facet normal 0.7933533402912442 -0.6087614290087092 3.411401663090043e-16
  outer loop
    vertex 91.36880771697494 284.63119228302503 3.2999999999998475
    vertex 91.90118510267787 285.325 1.5999999999998997
    vertex 91.90118510267787 285.325 3.2999999999998457
  endloop
endfacet
facet normal 1.0 -3.6045837087615065e-31 -7.049916206370161e-16
  outer loop
    vertex 1.9999999999999991 281.4 3.299999999999897
    vertex 1.9999999999999998 215.89999999999998 4.299999999999871
    vertex 1.9999999999999991 215.89999999999998 3.2999999999999416
  endloop
endfacet
facet normal 1.0 -3.6045837087615065e-31 -7.049916206370161e-16
  outer loop
    vertex 1.9999999999999998 215.89999999999998 4.299999999999871
    vertex 1.9999999999999991 281.4 3.299999999999897
    vertex 1.9999999999999998 281.4 4.299999999999848
  endloop
endfacet
facet normal 0.13052619222006157 0.9914448613738092 -4.263190784211139e-16
  outer loop
    vertex 2.8 206.14999999999995 3.299999999999877
    vertex 3.6670438010934445 206.03585151806834 1.5999999999999506
    vertex 2.8 206.14999999999995 1.5999999999999506
  endloop
endfacet
facet normal 0.13052619222006157 0.9914448613738092 -4.263190784211139e-16
  outer loop
    vertex 3.6670438010934445 206.03585151806834 1.5999999999999506
    vertex 2.8 206.14999999999995 3.299999999999877
    vertex 3.6670438010934445 206.03585151806834 3.299999999999877
  endloop
endfacet
facet normal -0.9238795325112871 -0.3826834323650889 -6.466281826934793e-16
  outer loop
    vertex -0.3499999999999937 201.72569229963548 3.2999999999998866
    vertex -0.101185102677871 201.12499999999997 1.599999999999962
    vertex -0.101185102677871 201.12499999999997 3.2999999999998884
  endloop
endfacet
facet normal -0.9238795325112871 -0.3826834323650889 -6.466281826934793e-16
  outer loop
    vertex -0.101185102677871 201.12499999999997 1.599999999999962
    vertex -0.3499999999999937 201.72569229963548 3.2999999999998866
    vertex -0.4358515180683802 201.9329561989065 1.5999999999999506
  endloop
endfacet
facet normal -0.9238795325112871 -0.3826834323650889 -6.466281826934793e-16
  outer loop
    vertex -0.4358515180683802 201.9329561989065 1.5999999999999506
    vertex -0.3499999999999937 201.72569229963548 3.2999999999998866
    vertex -0.4358515180683802 201.9329561989065 3.29999999999988
  endloop
endfacet
facet normal 0.3826834323650884 -0.9238795325112875 4.2631907842111483e-16
  outer loop
    vertex 90.67500000000001 199.8988148973221 1.5999999999999561
    vertex 89.86704380109344 199.56414848193157 3.2999999999998897
    vertex 89.86704380109344 199.56414848193157 1.5999999999999548
  endloop
endfacet
facet normal 0.3826834323650884 -0.9238795325112875 4.2631907842111483e-16
  outer loop
    vertex 89.86704380109344 199.56414848193157 3.2999999999998897
    vertex 90.67500000000001 199.8988148973221 1.5999999999999561
    vertex 90.67500000000001 199.8988148973221 3.2999999999998897
  endloop
endfacet
facet normal -0.3826834323650901 0.9238795325112867 -3.9726613775230375e-16
  outer loop
    vertex 1.1249999999999951 205.70118510267784 3.2999999999998852
    vertex 1.9329561989065496 206.03585151806834 1.5999999999999506
    vertex 1.1249999999999951 205.70118510267784 1.5999999999999506
  endloop
endfacet
facet normal -0.3826834323650901 0.9238795325112867 -3.9726613775230375e-16
  outer loop
    vertex 1.9329561989065496 206.03585151806834 1.5999999999999506
    vertex 1.1249999999999951 205.70118510267784 3.2999999999998852
    vertex 1.9329561989065496 206.03585151806834 3.299999999999877
  endloop
endfacet
facet normal 0.7933533402912324 0.6087614290087245 -2.6176605629253364e-16
  outer loop
    vertex 5.168807716974935 205.1688077169749 1.599999999999949
    vertex 5.70118510267787 204.47499999999997 3.2999999999998852
    vertex 5.70118510267787 204.47499999999997 1.5999999999999421
  endloop
endfacet
facet normal 0.7933533402912324 0.6087614290087245 -2.6176605629253364e-16
  outer loop
    vertex 5.70118510267787 204.47499999999997 3.2999999999998852
    vertex 5.168807716974935 205.1688077169749 1.599999999999949
    vertex 5.168807716974935 205.1688077169749 3.2999999999998866
  endloop
endfacet
facet normal 0.9238795325112841 0.3826834323650964 1.2175641031987784e-15
  outer loop
    vertex 91.90118510267787 288.67499999999995 1.599999999999897
    vertex 92.23585151806839 287.8670438010934 3.2999999999998457
    vertex 92.23585151806839 287.8670438010934 1.5999999999998997
  endloop
endfacet
facet normal 0.9238795325112841 0.3826834323650964 1.2175641031987784e-15
  outer loop
    vertex 92.23585151806839 287.8670438010934 3.2999999999998457
    vertex 91.90118510267787 288.67499999999995 1.599999999999897
    vertex 92.15 288.0743077003644 3.2999999999998475
  endloop
endfacet
facet normal 0.9238795325112841 0.3826834323650964 1.2175641031987784e-15
  outer loop
    vertex 92.15 288.0743077003644 3.2999999999998475
    vertex 91.90118510267787 288.67499999999995 1.599999999999897
    vertex 91.90118510267787 288.67499999999995 3.2999999999998444
  endloop
endfacet
facet normal -0.3826834323650884 -0.9238795325112875 3.411401663090076e-16
  outer loop
    vertex 88.13295619890657 199.56414848193157 3.2999999999998897
    vertex 87.32500000000002 199.8988148973221 1.5999999999999561
    vertex 88.13295619890657 199.56414848193157 1.5999999999999548
  endloop
endfacet
facet normal -0.3826834323650884 -0.9238795325112875 3.411401663090076e-16
  outer loop
    vertex 87.32500000000002 199.8988148973221 1.5999999999999561
    vertex 88.13295619890657 199.56414848193157 3.2999999999998897
    vertex 87.32500000000002 199.8988148973221 3.2999999999998884
  endloop
endfacet
facet normal 0.7933533402912393 -0.6087614290087153 3.411401663090057e-16
  outer loop
    vertex 91.90118510267787 201.12499999999997 1.5999999999999561
    vertex 91.36880771697494 200.431192283025 3.29999999999988
    vertex 91.36880771697494 200.431192283025 1.5999999999999561
  endloop
endfacet
facet normal 0.7933533402912393 -0.6087614290087153 3.411401663090057e-16
  outer loop
    vertex 91.36880771697494 200.431192283025 3.29999999999988
    vertex 91.90118510267787 201.12499999999997 1.5999999999999561
    vertex 91.90118510267787 201.12499999999997 3.2999999999998884
  endloop
endfacet
facet normal 0.0 -1.0 0.0
  outer loop
    vertex 89.80000000000001 281.4 4.299999999999848
    vertex 1.9999999999999991 281.4 3.299999999999897
    vertex 89.80000000000001 281.4 3.299999999999897
  endloop
endfacet
facet normal 0.0 -1.0 0.0
  outer loop
    vertex 1.9999999999999991 281.4 3.299999999999897
    vertex 89.80000000000001 281.4 4.299999999999848
    vertex 1.9999999999999998 281.4 4.299999999999848
  endloop
endfacet
facet normal -0.13052619222004877 -0.9914448613738107 4.263190784211146e-16
  outer loop
    vertex 2.799999999999999 199.44999999999996 1.599999999999962
    vertex 1.9329561989065538 199.56414848193157 3.2999999999998897
    vertex 1.9329561989065538 199.56414848193157 1.5999999999999603
  endloop
endfacet
facet normal -0.13052619222004877 -0.9914448613738107 4.263190784211146e-16
  outer loop
    vertex 1.9329561989065538 199.56414848193157 3.2999999999998897
    vertex 2.799999999999999 199.44999999999996 1.599999999999962
    vertex 2.799999999999999 199.44999999999996 3.2999999999998897
  endloop
endfacet
facet normal 0.9914448613738107 0.13052619222004896 5.612597144329825e-17
  outer loop
    vertex 92.23585151806839 287.8670438010934 1.5999999999998997
    vertex 92.35 286.99999999999994 3.2999999999998457
    vertex 92.35 286.99999999999994 1.5999999999998997
  endloop
endfacet
facet normal 0.9914448613738107 0.13052619222004896 5.612597144329825e-17
  outer loop
    vertex 92.35 286.99999999999994 3.2999999999998457
    vertex 92.23585151806839 287.8670438010934 1.5999999999998997
    vertex 92.23585151806839 287.8670438010934 3.2999999999998457
  endloop
endfacet
facet normal 0.13052619222005066 0.9914448613738106 -3.972661377523041e-16
  outer loop
    vertex 89.0 290.34999999999997 3.2999999999998444
    vertex 89.86704380109344 290.23585151806833 1.599999999999897
    vertex 89.0 290.34999999999997 1.599999999999897
  endloop
endfacet
facet normal 0.13052619222005066 0.9914448613738106 -3.972661377523041e-16
  outer loop
    vertex 89.86704380109344 290.23585151806833 1.599999999999897
    vertex 89.0 290.34999999999997 3.2999999999998444
    vertex 89.86704380109344 290.23585151806833 3.2999999999998444
  endloop
endfacet
facet normal 0.13052619222004896 -0.9914448613738107 4.2631907842111463e-16
  outer loop
    vertex 3.667043801093443 199.56414848193157 3.2999999999998897
    vertex 2.799999999999999 199.44999999999996 1.599999999999962
    vertex 3.667043801093443 199.56414848193157 1.5999999999999603
  endloop
endfacet
facet normal 0.13052619222004896 -0.9914448613738107 4.2631907842111463e-16
  outer loop
    vertex 2.799999999999999 199.44999999999996 1.599999999999962
    vertex 3.667043801093443 199.56414848193157 3.2999999999998897
    vertex 2.799999999999999 199.44999999999996 3.2999999999998897
  endloop
endfacet
facet normal 0.7933533402912378 0.6087614290087172 -1.6455302212858043e-16
  outer loop
    vertex 91.36880771697494 289.3688077169749 1.5999999999998884
    vertex 91.90118510267787 288.67499999999995 3.2999999999998444
    vertex 91.90118510267787 288.67499999999995 1.599999999999897
  endloop
endfacet
facet normal 0.7933533402912378 0.6087614290087172 -1.6455302212858043e-16
  outer loop
    vertex 91.90118510267787 288.67499999999995 3.2999999999998444
    vertex 91.36880771697494 289.3688077169749 1.5999999999998884
    vertex 91.36880771697494 289.3688077169749 3.299999999999843
  endloop
endfacet
facet normal -0.6087614290087234 0.7933533402912331 -3.972661377523037e-16
  outer loop
    vertex 86.63119228302507 289.3688077169749 3.299999999999843
    vertex 87.325 289.9011851026778 1.5999999999998984
    vertex 86.63119228302507 289.3688077169749 1.5999999999998884
  endloop
endfacet
facet normal -0.6087614290087234 0.7933533402912331 -3.972661377523037e-16
  outer loop
    vertex 87.325 289.9011851026778 1.5999999999998984
    vertex 86.63119228302507 289.3688077169749 3.299999999999843
    vertex 87.325 289.9011851026778 3.2999999999998444
  endloop
endfacet
facet normal -0.7933533402912331 -0.6087614290087234 2.617660562925332e-16
  outer loop
    vertex -0.101185102677871 201.12499999999997 3.2999999999998884
    vertex 0.4311922830250638 200.431192283025 1.5999999999999506
    vertex 0.4311922830250638 200.431192283025 3.29999999999988
  endloop
endfacet
facet normal -0.7933533402912331 -0.6087614290087234 2.617660562925332e-16
  outer loop
    vertex 0.4311922830250638 200.431192283025 1.5999999999999506
    vertex -0.101185102677871 201.12499999999997 3.2999999999998884
    vertex -0.101185102677871 201.12499999999997 1.599999999999962
  endloop
endfacet
facet normal -0.9914448613738107 0.13052619222004896 -1.64553022128582e-16
  outer loop
    vertex 85.76414848193163 287.8670438010934 3.299999999999843
    vertex 85.65 286.99999999999994 1.5999999999998997
    vertex 85.65 286.99999999999994 3.2999999999998444
  endloop
endfacet
facet normal -0.9914448613738107 0.13052619222004896 -1.64553022128582e-16
  outer loop
    vertex 85.65 286.99999999999994 1.5999999999998997
    vertex 85.76414848193163 287.8670438010934 3.299999999999843
    vertex 85.76414848193163 287.8670438010934 1.599999999999897
  endloop
endfacet
facet normal -0.9238795325112875 -0.3826834323650884 5.612597144329571e-17
  outer loop
    vertex 85.76414848193163 201.9329561989065 3.299999999999878
    vertex 86.09881489732214 201.12499999999997 1.5999999999999561
    vertex 86.09881489732214 201.12499999999997 3.2999999999998884
  endloop
endfacet
facet normal -0.9238795325112875 -0.3826834323650884 5.612597144329571e-17
  outer loop
    vertex 86.09881489732214 201.12499999999997 1.5999999999999561
    vertex 85.76414848193163 201.9329561989065 3.299999999999878
    vertex 85.76414848193163 201.9329561989065 1.5999999999999561
  endloop
endfacet
facet normal 0.13052619222004896 -0.9914448613738107 4.2631907842111443e-16
  outer loop
    vertex 89.86704380109344 199.56414848193157 3.2999999999998897
    vertex 89.0 199.45 1.5999999999999561
    vertex 89.86704380109344 199.56414848193157 1.5999999999999548
  endloop
endfacet
facet normal 0.13052619222004896 -0.9914448613738107 4.2631907842111443e-16
  outer loop
    vertex 89.0 199.45 1.5999999999999561
    vertex 89.86704380109344 199.56414848193157 3.2999999999998897
    vertex 89.0 199.45 3.2999999999998897
  endloop
endfacet
facet normal -0.7933533402912335 0.608761429008723 -2.6176605629253314e-16
  outer loop
    vertex 0.43119228302506235 205.1688077169749 3.2999999999998866
    vertex -0.1011851026778717 204.47499999999997 1.5999999999999421
    vertex -0.1011851026778717 204.47499999999997 3.2999999999998852
  endloop
endfacet
facet normal -0.7933533402912335 0.608761429008723 -2.6176605629253314e-16
  outer loop
    vertex -0.1011851026778717 204.47499999999997 1.5999999999999421
    vertex 0.43119228302506235 205.1688077169749 3.2999999999998866
    vertex 0.43119228302506235 205.1688077169749 1.599999999999949
  endloop
endfacet
facet normal -0.3826834323650884 0.9238795325112875 -4.2631907842111483e-16
  outer loop
    vertex 87.325 205.70118510267784 3.2999999999998852
    vertex 88.13295619890656 206.03585151806834 1.5999999999999561
    vertex 87.325 205.70118510267784 1.5999999999999561
  endloop
endfacet
facet normal -0.3826834323650884 0.9238795325112875 -4.2631907842111483e-16
  outer loop
    vertex 88.13295619890656 206.03585151806834 1.5999999999999561
    vertex 87.325 205.70118510267784 3.2999999999998852
    vertex 88.13295619890656 206.03585151806834 3.299999999999877
  endloop
endfacet
facet normal 0.6087614290087284 -0.7933533402912292 3.4114016630900465e-16
  outer loop
    vertex 5.168807716974935 200.431192283025 3.29999999999988
    vertex 4.4750000000000005 199.8988148973221 1.599999999999962
    vertex 5.168807716974935 200.431192283025 1.5999999999999506
  endloop
endfacet
facet normal 0.6087614290087284 -0.7933533402912292 3.4114016630900465e-16
  outer loop
    vertex 4.4750000000000005 199.8988148973221 1.599999999999962
    vertex 5.168807716974935 200.431192283025 3.29999999999988
    vertex 4.4750000000000005 199.8988148973221 3.2999999999998897
  endloop
endfacet
facet normal 0.9238795325112875 0.3826834323650884 -1.645530221285816e-16
  outer loop
    vertex 5.70118510267787 204.47499999999997 1.5999999999999421
    vertex 6.035851518068379 203.66704380109343 3.2999999999998866
    vertex 6.035851518068379 203.66704380109343 1.599999999999952
  endloop
endfacet
facet normal 0.9238795325112875 0.3826834323650884 -1.645530221285816e-16
  outer loop
    vertex 6.035851518068379 203.66704380109343 3.2999999999998866
    vertex 5.70118510267787 204.47499999999997 1.5999999999999421
    vertex 5.70118510267787 204.47499999999997 3.2999999999998852
  endloop
endfacet
facet normal -0.6087614290087172 -0.7933533402912378 2.6176605629253344e-16
  outer loop
    vertex 87.32500000000002 284.09881489732214 3.2999999999998373
    vertex 86.63119228302507 284.63119228302503 1.5999999999998997
    vertex 87.32500000000002 284.09881489732214 1.5999999999998997
  endloop
endfacet
facet normal -0.6087614290087172 -0.7933533402912378 2.6176605629253344e-16
  outer loop
    vertex 86.63119228302507 284.63119228302503 1.5999999999998997
    vertex 87.32500000000002 284.09881489732214 3.2999999999998373
    vertex 86.63119228302507 284.63119228302503 3.2999999999998457
  endloop
endfacet
facet normal -0.13052619222005066 -0.9914448613738106 3.972661377523041e-16
  outer loop
    vertex 89.0 199.45 1.5999999999999561
    vertex 88.13295619890657 199.56414848193157 3.2999999999998897
    vertex 88.13295619890657 199.56414848193157 1.5999999999999548
  endloop
endfacet
facet normal -0.13052619222005066 -0.9914448613738106 3.972661377523041e-16
  outer loop
    vertex 88.13295619890657 199.56414848193157 3.2999999999998897
    vertex 89.0 199.45 1.5999999999999561
    vertex 89.0 199.45 3.2999999999998897
  endloop
endfacet
facet normal -0.6087614290087211 0.7933533402912347 -3.411401663090073e-16
  outer loop
    vertex 0.43119228302506235 205.1688077169749 3.2999999999998866
    vertex 1.1249999999999951 205.70118510267784 1.5999999999999506
    vertex 0.43119228302506235 205.1688077169749 1.599999999999949
  endloop
endfacet
facet normal -0.6087614290087211 0.7933533402912347 -3.411401663090073e-16
  outer loop
    vertex 1.1249999999999951 205.70118510267784 1.5999999999999506
    vertex 0.43119228302506235 205.1688077169749 3.2999999999998866
    vertex 1.1249999999999951 205.70118510267784 3.2999999999998852
  endloop
endfacet
facet normal 0.9914448613738107 -0.13052619222004896 1.6455302212858166e-16
  outer loop
    vertex 92.35 202.79999999999995 1.5999999999999561
    vertex 92.23585151806839 201.9329561989065 3.29999999999988
    vertex 92.23585151806839 201.9329561989065 1.5999999999999561
  endloop
endfacet
facet normal 0.9914448613738107 -0.13052619222004896 1.6455302212858166e-16
  outer loop
    vertex 92.23585151806839 201.9329561989065 3.29999999999988
    vertex 92.35 202.79999999999995 1.5999999999999561
    vertex 92.35 202.79999999999995 3.2999999999998884
  endloop
endfacet
facet normal -0.9914448613738107 0.13052619222004896 -1.6455302212858166e-16
  outer loop
    vertex 85.76414848193163 203.66704380109343 3.2999999999998866
    vertex 85.65 202.79999999999995 1.5999999999999561
    vertex 85.65 202.79999999999995 3.2999999999998866
  endloop
endfacet
facet normal -0.9914448613738107 0.13052619222004896 -1.6455302212858166e-16
  outer loop
    vertex 85.65 202.79999999999995 1.5999999999999561
    vertex 85.76414848193163 203.66704380109343 3.2999999999998866
    vertex 85.76414848193163 203.66704380109343 1.5999999999999577
  endloop
endfacet
facet normal -0.6087614290087204 -0.7933533402912355 3.4114016630900717e-16
  outer loop
    vertex 1.124999999999998 199.8988148973221 1.599999999999962
    vertex 0.4311922830250638 200.431192283025 3.29999999999988
    vertex 0.4311922830250638 200.431192283025 1.5999999999999506
  endloop
endfacet
facet normal -0.6087614290087204 -0.7933533402912355 3.4114016630900717e-16
  outer loop
    vertex 0.4311922830250638 200.431192283025 3.29999999999988
    vertex 1.124999999999998 199.8988148973221 1.599999999999962
    vertex 1.124999999999998 199.8988148973221 3.2999999999998897
  endloop
endfacet
facet normal 0.38268343236507735 0.9238795325112918 -3.4114016630901067e-16
  outer loop
    vertex 89.86704380109344 290.23585151806833 3.2999999999998444
    vertex 90.675 289.9011851026778 1.5999999999998997
    vertex 89.86704380109344 290.23585151806833 1.599999999999897
  endloop
endfacet
facet normal 0.38268343236507735 0.9238795325112918 -3.4114016630901067e-16
  outer loop
    vertex 90.675 289.9011851026778 1.5999999999998997
    vertex 89.86704380109344 290.23585151806833 3.2999999999998444
    vertex 90.675 289.9011851026778 3.2999999999998444
  endloop
endfacet
facet normal -0.48191874977216004 4.4410154845627245e-16 0.8762159086766447
  outer loop
    vertex 91.8 213.9 5.399999999999893
    vertex 89.80000000000001 281.4 4.299999999999848
    vertex 89.80000000000001 215.89999999999998 4.299999999999883
  endloop
endfacet
facet normal -0.48191874977216004 4.4410154845627245e-16 0.8762159086766447
  outer loop
    vertex 89.80000000000001 281.4 4.299999999999848
    vertex 91.8 213.9 5.399999999999893
    vertex 91.8 283.4 5.399999999999859
  endloop
endfacet
facet normal -0.7933533402912383 0.6087614290087168 -5.056931884375871e-16
  outer loop
    vertex -0.10118510267786465 288.67499999999995 3.2999999999998444
    vertex 0.4311922830250694 289.36880771697486 1.5999999999999195
    vertex -0.10118510267786465 288.6749999999999 1.5999999999999266
  endloop
endfacet
facet normal -0.7933533402912383 0.6087614290087168 -5.056931884375871e-16
  outer loop
    vertex 0.4311922830250694 289.36880771697486 1.5999999999999195
    vertex -0.10118510267786465 288.67499999999995 3.2999999999998444
    vertex 0.4311922830250694 289.3688077169749 3.299999999999843
  endloop
endfacet
facet normal -0.3826834323650884 0.9238795325112875 -4.263190784211151e-16
  outer loop
    vertex 87.325 289.9011851026778 1.5999999999998984
    vertex 88.13295619890656 290.23585151806833 3.2999999999998444
    vertex 88.13295619890656 290.23585151806833 1.599999999999897
  endloop
endfacet
facet normal -0.3826834323650884 0.9238795325112875 -4.263190784211151e-16
  outer loop
    vertex 88.13295619890656 290.23585151806833 3.2999999999998444
    vertex 87.325 289.9011851026778 1.5999999999998984
    vertex 87.325 289.9011851026778 3.2999999999998444
  endloop
endfacet
facet normal 0.3826834323650895 0.9238795325112868 -3.972661377523037e-16
  outer loop
    vertex 3.6670438010934445 206.03585151806834 3.299999999999877
    vertex 4.4750000000000005 205.70118510267784 1.5999999999999506
    vertex 3.6670438010934445 206.03585151806834 1.5999999999999506
  endloop
endfacet
facet normal 0.3826834323650895 0.9238795325112868 -3.972661377523037e-16
  outer loop
    vertex 4.4750000000000005 205.70118510267784 1.5999999999999506
    vertex 3.6670438010934445 206.03585151806834 3.299999999999877
    vertex 4.4750000000000005 205.70118510267784 3.2999999999998852
  endloop
endfacet
facet normal -0.13052619222004896 0.9914448613738107 -4.2631907842111443e-16
  outer loop
    vertex 88.13295619890656 206.03585151806834 3.299999999999877
    vertex 89.0 206.14999999999995 1.5999999999999561
    vertex 88.13295619890656 206.03585151806834 1.5999999999999561
  endloop
endfacet
facet normal -0.13052619222004896 0.9914448613738107 -4.2631907842111443e-16
  outer loop
    vertex 89.0 206.14999999999995 1.5999999999999561
    vertex 88.13295619890656 206.03585151806834 3.299999999999877
    vertex 89.0 206.14999999999995 3.299999999999877
  endloop
endfacet
facet normal 0.7933533402912324 -0.6087614290087245 2.6176605629253383e-16
  outer loop
    vertex 5.70118510267787 201.12499999999997 1.599999999999962
    vertex 5.168807716974935 200.431192283025 3.29999999999988
    vertex 5.168807716974935 200.431192283025 1.5999999999999506
  endloop
endfacet
facet normal 0.7933533402912324 -0.6087614290087245 2.6176605629253383e-16
  outer loop
    vertex 5.168807716974935 200.431192283025 3.29999999999988
    vertex 5.70118510267787 201.12499999999997 1.599999999999962
    vertex 5.70118510267787 201.12499999999997 3.2999999999998884
  endloop
endfacet
facet normal -0.9238795325112835 0.38268343236509766 -1.0056257690718415e-15
  outer loop
    vertex -0.3499999999999937 203.87430770036445 3.2999999999998884
    vertex -0.4358515180683802 203.66704380109343 1.599999999999952
    vertex -0.4358515180683802 203.66704380109343 3.2999999999998866
  endloop
endfacet
facet normal -0.9238795325112835 0.38268343236509766 -1.0056257690718415e-15
  outer loop
    vertex -0.4358515180683802 203.66704380109343 1.599999999999952
    vertex -0.3499999999999937 203.87430770036445 3.2999999999998884
    vertex -0.1011851026778717 204.47499999999997 1.5999999999999421
  endloop
endfacet
facet normal -0.9238795325112835 0.38268343236509766 -1.0056257690718415e-15
  outer loop
    vertex -0.1011851026778717 204.47499999999997 1.5999999999999421
    vertex -0.3499999999999937 203.87430770036445 3.2999999999998884
    vertex -0.1011851026778717 204.47499999999997 3.2999999999998852
  endloop
endfacet
facet normal -0.6087614290087172 -0.7933533402912378 2.617660562925335e-16
  outer loop
    vertex 87.32500000000002 199.8988148973221 3.2999999999998884
    vertex 86.63119228302507 200.431192283025 1.5999999999999561
    vertex 87.32500000000002 199.8988148973221 1.5999999999999561
  endloop
endfacet
facet normal -0.6087614290087172 -0.7933533402912378 2.617660562925335e-16
  outer loop
    vertex 86.63119228302507 200.431192283025 1.5999999999999561
    vertex 87.32500000000002 199.8988148973221 3.2999999999998884
    vertex 86.63119228302507 200.431192283025 3.29999999999988
  endloop
endfacet
facet normal -0.9238795325112855 0.38268343236509295 -2.617660562925339e-16
  outer loop
    vertex 86.09881489732214 288.67499999999995 3.2999999999998444
    vertex 85.76414848193163 287.8670438010934 1.599999999999897
    vertex 85.76414848193163 287.8670438010934 3.299999999999843
  endloop
endfacet
facet normal -0.9238795325112855 0.38268343236509295 -2.617660562925339e-16
  outer loop
    vertex 85.76414848193163 287.8670438010934 1.599999999999897
    vertex 86.09881489732214 288.67499999999995 3.2999999999998444
    vertex 86.09881489732214 288.67499999999995 1.599999999999897
  endloop
endfacet
facet normal -0.7933533402912331 -0.6087614290087234 1.6455302212858353e-16
  outer loop
    vertex 86.09881489732214 285.32499999999993 3.2999999999998457
    vertex 86.63119228302507 284.63119228302503 1.5999999999998997
    vertex 86.63119228302507 284.63119228302503 3.2999999999998457
  endloop
endfacet
facet normal -0.7933533402912331 -0.6087614290087234 1.6455302212858353e-16
  outer loop
    vertex 86.63119228302507 284.63119228302503 1.5999999999998997
    vertex 86.09881489732214 285.32499999999993 3.2999999999998457
    vertex 86.09881489732214 285.32499999999993 1.5999999999998997
  endloop
endfacet
facet normal -0.7933533402912331 0.6087614290087234 -3.411401663090083e-16
  outer loop
    vertex 86.63119228302507 205.1688077169749 3.2999999999998866
    vertex 86.09881489732214 204.47499999999997 1.5999999999999477
    vertex 86.09881489732214 204.47499999999997 3.2999999999998852
  endloop
endfacet
facet normal -0.7933533402912331 0.6087614290087234 -3.411401663090083e-16
  outer loop
    vertex 86.09881489732214 204.47499999999997 1.5999999999999477
    vertex 86.63119228302507 205.1688077169749 3.2999999999998866
    vertex 86.63119228302507 205.1688077169749 1.5999999999999548
  endloop
endfacet
facet normal -0.9914448613738106 0.13052619222005138 -5.612597144329664e-17
  outer loop
    vertex -0.4358515180683802 203.66704380109343 3.2999999999998866
    vertex -0.5500000000000012 202.79999999999995 1.599999999999962
    vertex -0.5500000000000012 202.79999999999995 3.2999999999998884
  endloop
endfacet
facet normal -0.9914448613738106 0.13052619222005138 -5.612597144329664e-17
  outer loop
    vertex -0.5500000000000012 202.79999999999995 1.599999999999962
    vertex -0.4358515180683802 203.66704380109343 3.2999999999998866
    vertex -0.4358515180683802 203.66704380109343 1.599999999999952
  endloop
endfacet
facet normal 0.9238795325112875 -0.3826834323650884 1.6455302212858183e-16
  outer loop
    vertex 6.035851518068379 201.9329561989065 1.5999999999999506
    vertex 5.70118510267787 201.12499999999997 3.2999999999998884
    vertex 5.70118510267787 201.12499999999997 1.599999999999962
  endloop
endfacet
facet normal 0.9238795325112875 -0.3826834323650884 1.6455302212858183e-16
  outer loop
    vertex 5.70118510267787 201.12499999999997 3.2999999999998884
    vertex 6.035851518068379 201.9329561989065 1.5999999999999506
    vertex 6.035851518068379 201.9329561989065 3.29999999999988
  endloop
endfacet
facet normal 0.9914448613738107 0.13052619222004896 5.612597144329795e-17
  outer loop
    vertex 92.23585151806839 203.66704380109343 1.5999999999999577
    vertex 92.35 202.79999999999995 3.2999999999998884
    vertex 92.35 202.79999999999995 1.5999999999999561
  endloop
endfacet
facet normal 0.9914448613738107 0.13052619222004896 5.612597144329795e-17
  outer loop
    vertex 92.35 202.79999999999995 3.2999999999998884
    vertex 92.23585151806839 203.66704380109343 1.5999999999999577
    vertex 92.23585151806839 203.66704380109343 3.2999999999998884
  endloop
endfacet
facet normal -0.9238795325112875 0.3826834323650884 -2.6176605629253186e-16
  outer loop
    vertex 86.09881489732214 204.47499999999997 3.2999999999998852
    vertex 85.76414848193163 203.66704380109343 1.5999999999999577
    vertex 85.76414848193163 203.66704380109343 3.2999999999998866
  endloop
endfacet
facet normal -0.9238795325112875 0.3826834323650884 -2.6176605629253186e-16
  outer loop
    vertex 85.76414848193163 203.66704380109343 1.5999999999999577
    vertex 86.09881489732214 204.47499999999997 3.2999999999998852
    vertex 86.09881489732214 204.47499999999997 1.5999999999999477
  endloop
endfacet
facet normal 0.13052619222005066 0.9914448613738106 -3.972661377523041e-16
  outer loop
    vertex 89.0 206.14999999999995 3.299999999999877
    vertex 89.86704380109344 206.03585151806834 1.5999999999999561
    vertex 89.0 206.14999999999995 1.5999999999999561
  endloop
endfacet
facet normal 0.13052619222005066 0.9914448613738106 -3.972661377523041e-16
  outer loop
    vertex 89.86704380109344 206.03585151806834 1.5999999999999561
    vertex 89.0 206.14999999999995 3.299999999999877
    vertex 89.86704380109344 206.03585151806834 3.299999999999877
  endloop
endfacet
facet normal -0.3826834323651005 -0.9238795325112823 3.972661377523018e-16
  outer loop
    vertex 1.9329561989065538 199.56414848193157 3.2999999999998897
    vertex 1.124999999999998 199.8988148973221 1.599999999999962
    vertex 1.9329561989065538 199.56414848193157 1.5999999999999603
  endloop
endfacet
facet normal -0.3826834323651005 -0.9238795325112823 3.972661377523018e-16
  outer loop
    vertex 1.124999999999998 199.8988148973221 1.599999999999962
    vertex 1.9329561989065538 199.56414848193157 3.2999999999998897
    vertex 1.124999999999998 199.8988148973221 3.2999999999998897
  endloop
endfacet
facet normal 0.6087614290087172 0.7933533402912378 -2.6176605629253344e-16
  outer loop
    vertex 90.675 289.9011851026778 1.5999999999998997
    vertex 91.36880771697494 289.3688077169749 3.299999999999843
    vertex 91.36880771697494 289.3688077169749 1.5999999999998884
  endloop
endfacet
facet normal 0.6087614290087172 0.7933533402912378 -2.6176605629253344e-16
  outer loop
    vertex 91.36880771697494 289.3688077169749 3.299999999999843
    vertex 90.675 289.9011851026778 1.5999999999998997
    vertex 90.675 289.9011851026778 3.2999999999998444
  endloop
endfacet
facet normal -0.7933533402912336 -0.6087614290087227 5.056931884375916e-16
  outer loop
    vertex 0.4311922830250694 284.63119228302503 3.2999999999998475
    vertex -0.10118510267786394 285.3249999999999 1.599999999999928
    vertex 0.4311922830250694 284.63119228302503 1.599999999999928
  endloop
endfacet
facet normal -0.7933533402912336 -0.6087614290087227 5.056931884375916e-16
  outer loop
    vertex -0.10118510267786394 285.3249999999999 1.599999999999928
    vertex 0.4311922830250694 284.63119228302503 3.2999999999998475
    vertex -0.10118510267786394 285.32499999999993 3.2999999999998457
  endloop
endfacet
facet normal -0.6087614290087234 0.7933533402912331 -3.9726613775230345e-16
  outer loop
    vertex 86.63119228302507 205.1688077169749 3.2999999999998866
    vertex 87.325 205.70118510267784 1.5999999999999561
    vertex 86.63119228302507 205.1688077169749 1.5999999999999548
  endloop
endfacet
facet normal -0.6087614290087234 0.7933533402912331 -3.9726613775230345e-16
  outer loop
    vertex 87.325 205.70118510267784 1.5999999999999561
    vertex 86.63119228302507 205.1688077169749 3.2999999999998866
    vertex 87.325 205.70118510267784 3.2999999999998852
  endloop
endfacet
facet normal 0.7933533402912395 -0.6087614290087152 5.056931884375858e-16
  outer loop
    vertex 5.701185102677865 285.32499999999993 1.599999999999928
    vertex 5.168807716974933 284.63119228302503 3.2999999999998475
    vertex 5.168807716974933 284.63119228302503 1.599999999999928
  endloop
endfacet
facet normal 0.7933533402912395 -0.6087614290087152 5.056931884375858e-16
  outer loop
    vertex 5.168807716974933 284.63119228302503 3.2999999999998475
    vertex 5.701185102677865 285.32499999999993 1.599999999999928
    vertex 5.701185102677865 285.325 3.2999999999998457
  endloop
endfacet
facet normal 0.6087614290087219 -0.7933533402912344 6.590321940448358e-16
  outer loop
    vertex 5.168807716974933 284.63119228302503 3.2999999999998475
    vertex 4.475000000000001 284.0988148973221 1.599999999999928
    vertex 5.168807716974933 284.63119228302503 1.599999999999928
  endloop
endfacet
facet normal 0.6087614290087219 -0.7933533402912344 6.590321940448358e-16
  outer loop
    vertex 4.475000000000001 284.0988148973221 1.599999999999928
    vertex 5.168807716974933 284.63119228302503 3.2999999999998475
    vertex 4.475000000000001 284.09881489732214 3.2999999999998373
  endloop
endfacet
facet normal 0.6087614290087204 0.7933533402912355 -3.4114016630900717e-16
  outer loop
    vertex 4.4750000000000005 205.70118510267784 1.5999999999999506
    vertex 5.168807716974935 205.1688077169749 3.2999999999998866
    vertex 5.168807716974935 205.1688077169749 1.599999999999949
  endloop
endfacet
facet normal 0.6087614290087204 0.7933533402912355 -3.4114016630900717e-16
  outer loop
    vertex 5.168807716974935 205.1688077169749 3.2999999999998866
    vertex 4.4750000000000005 205.70118510267784 1.5999999999999506
    vertex 4.4750000000000005 205.70118510267784 3.2999999999998852
  endloop
endfacet
facet normal -0.9238795325112875 -0.3826834323650884 5.612597144329551e-17
  outer loop
    vertex 85.76414848193163 286.1329561989065 3.2999999999998457
    vertex 86.09881489732214 285.32499999999993 1.5999999999998997
    vertex 86.09881489732214 285.32499999999993 3.2999999999998457
  endloop
endfacet
facet normal -0.9238795325112875 -0.3826834323650884 5.612597144329551e-17
  outer loop
    vertex 86.09881489732214 285.32499999999993 1.5999999999998997
    vertex 85.76414848193163 286.1329561989065 3.2999999999998457
    vertex 85.76414848193163 286.1329561989065 1.5999999999998984
  endloop
endfacet
facet normal -0.7933533402912331 -0.6087614290087234 1.6455302212858368e-16
  outer loop
    vertex 86.09881489732214 201.12499999999997 3.2999999999998884
    vertex 86.63119228302507 200.431192283025 1.5999999999999561
    vertex 86.63119228302507 200.431192283025 3.29999999999988
  endloop
endfacet
facet normal -0.7933533402912331 -0.6087614290087234 1.6455302212858368e-16
  outer loop
    vertex 86.63119228302507 200.431192283025 1.5999999999999561
    vertex 86.09881489732214 201.12499999999997 3.2999999999998884
    vertex 86.09881489732214 201.12499999999997 1.5999999999999561
  endloop
endfacet
facet normal -0.9914448613738107 -0.13052619222004896 -5.612597144329795e-17
  outer loop
    vertex 85.65 202.79999999999995 3.2999999999998866
    vertex 85.76414848193163 201.9329561989065 1.5999999999999561
    vertex 85.76414848193163 201.9329561989065 3.299999999999878
  endloop
endfacet
facet normal -0.9914448613738107 -0.13052619222004896 -5.612597144329795e-17
  outer loop
    vertex 85.76414848193163 201.9329561989065 1.5999999999999561
    vertex 85.65 202.79999999999995 3.2999999999998866
    vertex 85.65 202.79999999999995 1.5999999999999561
  endloop
endfacet
facet normal -0.13052619222005066 -0.9914448613738106 3.972661377523041e-16
  outer loop
    vertex 89.0 283.65 1.5999999999998997
    vertex 88.13295619890657 283.7641484819316 3.2999999999998457
    vertex 88.13295619890657 283.7641484819316 1.5999999999998913
  endloop
endfacet
facet normal -0.13052619222005066 -0.9914448613738106 3.972661377523041e-16
  outer loop
    vertex 88.13295619890657 283.7641484819316 3.2999999999998457
    vertex 89.0 283.65 1.5999999999998997
    vertex 89.0 283.65 3.2999999999998457
  endloop
endfacet
facet normal 0.38268343236509067 -0.9238795325112864 7.674592447301222e-16
  outer loop
    vertex 4.475000000000001 284.0988148973221 1.599999999999928
    vertex 3.6670438010934485 283.7641484819316 3.299999999999849
    vertex 3.6670438010934485 283.76414848193156 1.5999999999999195
  endloop
endfacet
facet normal 0.38268343236509067 -0.9238795325112864 7.674592447301222e-16
  outer loop
    vertex 3.6670438010934485 283.7641484819316 3.299999999999849
    vertex 4.475000000000001 284.0988148973221 1.599999999999928
    vertex 4.475000000000001 284.09881489732214 3.2999999999998373
  endloop
endfacet
facet normal 0.7933533402912331 0.6087614290087234 -1.6455302212858368e-16
  outer loop
    vertex 91.36880771697494 205.1688077169749 1.5999999999999548
    vertex 91.90118510267787 204.47499999999997 3.2999999999998852
    vertex 91.90118510267787 204.47499999999997 1.5999999999999477
  endloop
endfacet
facet normal 0.7933533402912331 0.6087614290087234 -1.6455302212858368e-16
  outer loop
    vertex 91.90118510267787 204.47499999999997 3.2999999999998852
    vertex 91.36880771697494 205.1688077169749 1.5999999999999548
    vertex 91.36880771697494 205.1688077169749 3.2999999999998866
  endloop
endfacet
facet normal 0.38268343236508895 -0.9238795325112871 3.9726613775230395e-16
  outer loop
    vertex 4.4750000000000005 199.8988148973221 1.599999999999962
    vertex 3.667043801093443 199.56414848193157 3.2999999999998897
    vertex 3.667043801093443 199.56414848193157 1.5999999999999603
  endloop
endfacet
facet normal 0.38268343236508895 -0.9238795325112871 3.9726613775230395e-16
  outer loop
    vertex 3.667043801093443 199.56414848193157 3.2999999999998897
    vertex 4.4750000000000005 199.8988148973221 1.599999999999962
    vertex 4.4750000000000005 199.8988148973221 3.2999999999998897
  endloop
endfacet
facet normal 0.9238795325112875 -0.38268343236508834 4.325272125039961e-18
  outer loop
    vertex 92.23585151806839 201.9329561989065 1.5999999999999561
    vertex 91.90118510267787 201.12499999999997 3.2999999999998884
    vertex 91.90118510267787 201.12499999999997 1.5999999999999561
  endloop
endfacet
facet normal 0.9238795325112875 -0.38268343236508834 4.325272125039961e-18
  outer loop
    vertex 91.90118510267787 201.12499999999997 3.2999999999998884
    vertex 92.23585151806839 201.9329561989065 1.5999999999999561
    vertex 92.15 201.7256922996355 3.2999999999998866
  endloop
endfacet
facet normal 0.9238795325112875 -0.38268343236508834 4.325272125039961e-18
  outer loop
    vertex 92.15 201.7256922996355 3.2999999999998866
    vertex 92.23585151806839 201.9329561989065 1.5999999999999561
    vertex 92.23585151806839 201.9329561989065 3.29999999999988
  endloop
endfacet
facet normal -1.0992623006755081e-16 0.48191874977216026 0.8762159086766447
  outer loop
    vertex 91.8 213.9 5.399999999999893
    vertex 1.9999999999999998 215.89999999999998 4.299999999999871
    vertex 0.0 213.9 5.399999999999881
  endloop
endfacet
facet normal -1.0992623006755081e-16 0.48191874977216026 0.8762159086766447
  outer loop
    vertex 1.9999999999999998 215.89999999999998 4.299999999999871
    vertex 91.8 213.9 5.399999999999893
    vertex 89.80000000000001 215.89999999999998 4.299999999999883
  endloop
endfacet
facet normal 0.9238795325112861 0.38268343236509156 -3.1789202773583027e-16
  outer loop
    vertex 5.701185102677865 288.6749999999999 1.5999999999999266
    vertex 6.035851518068372 287.8670438010934 3.299999999999843
    vertex 6.035851518068372 287.86704380109336 1.599999999999928
  endloop
endfacet
facet normal 0.9238795325112861 0.38268343236509156 -3.1789202773583027e-16
  outer loop
    vertex 6.035851518068372 287.8670438010934 3.299999999999843
    vertex 5.701185102677865 288.6749999999999 1.5999999999999266
    vertex 5.701185102677865 288.67499999999995 3.2999999999998444
  endloop
endfacet
facet normal 0.6087614290087211 0.7933533402912347 -6.590321940448365e-16
  outer loop
    vertex 4.474999999999999 289.9011851026778 1.599999999999928
    vertex 5.168807716974932 289.3688077169749 3.299999999999843
    vertex 5.168807716974932 289.36880771697486 1.5999999999999195
  endloop
endfacet
facet normal 0.6087614290087211 0.7933533402912347 -6.590321940448365e-16
  outer loop
    vertex 5.168807716974932 289.3688077169749 3.299999999999843
    vertex 4.474999999999999 289.9011851026778 1.599999999999928
    vertex 4.474999999999999 289.9011851026778 3.299999999999843
  endloop
endfacet
facet normal 0.9914448613738103 0.13052619222005216 -5.61259714432967e-17
  outer loop
    vertex 6.035851518068379 203.66704380109343 1.599999999999952
    vertex 6.150000000000001 202.79999999999995 3.2999999999998884
    vertex 6.150000000000001 202.79999999999995 1.599999999999962
  endloop
endfacet
facet normal 0.9914448613738103 0.13052619222005216 -5.61259714432967e-17
  outer loop
    vertex 6.150000000000001 202.79999999999995 3.2999999999998884
    vertex 6.035851518068379 203.66704380109343 1.599999999999952
    vertex 6.035851518068379 203.66704380109343 3.2999999999998866
  endloop
endfacet
facet normal 0.9238795325112855 -0.38268343236509295 3.178920277358318e-16
  outer loop
    vertex 6.035851518068374 286.13295619890647 1.5999999999999266
    vertex 5.701185102677865 285.325 3.2999999999998457
    vertex 5.701185102677865 285.32499999999993 1.599999999999928
  endloop
endfacet
facet normal 0.9238795325112855 -0.38268343236509295 3.178920277358318e-16
  outer loop
    vertex 5.701185102677865 285.325 3.2999999999998457
    vertex 6.035851518068374 286.13295619890647 1.5999999999999266
    vertex 6.035851518068374 286.1329561989065 3.2999999999998457
  endloop
endfacet
facet normal -0.9238795325112921 -0.3826834323650771 1.1870709347171578e-14
  outer loop
    vertex -0.10118510267786394 285.32499999999993 3.2999999999998457
    vertex -0.4358515180683724 286.13295619890647 1.5999999999999266
    vertex -0.10118510267786394 285.3249999999999 1.599999999999928
  endloop
endfacet
facet normal -0.9238795325112921 -0.3826834323650771 1.1870709347171578e-14
  outer loop
    vertex -0.4358515180683724 286.13295619890647 1.5999999999999266
    vertex -0.10118510267786394 285.32499999999993 3.2999999999998457
    vertex -0.3499999999999937 285.92569229963556 3.2999999999998475
  endloop
endfacet
facet normal -0.9238795325112921 -0.3826834323650771 1.1870709347171578e-14
  outer loop
    vertex -0.4358515180683724 286.13295619890647 1.5999999999999266
    vertex -0.3499999999999937 285.92569229963556 3.2999999999998475
    vertex -0.4358515180683724 286.1329561989065 3.2999999999998457
  endloop
endfacet
facet normal -0.38268343236509045 0.9238795325112866 -7.674592447301224e-16
  outer loop
    vertex 1.1250000000000036 289.9011851026778 3.299999999999843
    vertex 1.9329561989065573 290.2358515180683 1.599999999999928
    vertex 1.1250000000000036 289.9011851026778 1.599999999999928
  endloop
endfacet
facet normal -0.38268343236509045 0.9238795325112866 -7.674592447301224e-16
  outer loop
    vertex 1.9329561989065573 290.2358515180683 1.599999999999928
    vertex 1.1250000000000036 289.9011851026778 3.299999999999843
    vertex 1.9329561989065573 290.23585151806833 3.299999999999843
  endloop
endfacet
facet normal -0.9914448613738107 -0.13052619222004896 -5.612597144329825e-17
  outer loop
    vertex 85.65 286.99999999999994 3.2999999999998444
    vertex 85.76414848193163 286.1329561989065 1.5999999999998984
    vertex 85.76414848193163 286.1329561989065 3.2999999999998457
  endloop
endfacet
facet normal -0.9914448613738107 -0.13052619222004896 -5.612597144329825e-17
  outer loop
    vertex 85.76414848193163 286.1329561989065 1.5999999999998984
    vertex 85.65 286.99999999999994 3.2999999999998444
    vertex 85.65 286.99999999999994 1.5999999999998997
  endloop
endfacet
facet normal 0.9914448613738103 -0.13052619222005216 5.612597144329698e-17
  outer loop
    vertex 6.150000000000001 202.79999999999995 1.599999999999962
    vertex 6.035851518068379 201.9329561989065 3.29999999999988
    vertex 6.035851518068379 201.9329561989065 1.5999999999999506
  endloop
endfacet
facet normal 0.9914448613738103 -0.13052619222005216 5.612597144329698e-17
  outer loop
    vertex 6.035851518068379 201.9329561989065 3.29999999999988
    vertex 6.150000000000001 202.79999999999995 1.599999999999962
    vertex 6.150000000000001 202.79999999999995 3.2999999999998884
  endloop
endfacet
facet normal 0.13052619222004827 -0.9914448613738109 8.235852161734195e-16
  outer loop
    vertex 3.6670438010934485 283.7641484819316 3.299999999999849
    vertex 2.8 283.6499999999999 1.599999999999928
    vertex 3.6670438010934485 283.76414848193156 1.5999999999999195
  endloop
endfacet
facet normal 0.13052619222004827 -0.9914448613738109 8.235852161734195e-16
  outer loop
    vertex 2.8 283.6499999999999 1.599999999999928
    vertex 3.6670438010934485 283.7641484819316 3.299999999999849
    vertex 2.8 283.65 3.299999999999849
  endloop
endfacet
facet normal -0.9238795325112841 0.38268343236509655 -9.065770374084293e-15
  outer loop
    vertex -0.4358515180683738 287.8670438010934 3.299999999999843
    vertex -0.10118510267786465 288.6749999999999 1.5999999999999266
    vertex -0.4358515180683738 287.86704380109336 1.599999999999928
  endloop
endfacet
facet normal -0.9238795325112841 0.38268343236509655 -9.065770374084293e-15
  outer loop
    vertex -0.10118510267786465 288.6749999999999 1.5999999999999266
    vertex -0.4358515180683738 287.8670438010934 3.299999999999843
    vertex -0.3499999999999937 288.0743077003644 3.2999999999998457
  endloop
endfacet
facet normal -0.9238795325112841 0.38268343236509655 -9.065770374084293e-15
  outer loop
    vertex -0.10118510267786465 288.6749999999999 1.5999999999999266
    vertex -0.3499999999999937 288.0743077003644 3.2999999999998457
    vertex -0.10118510267786465 288.67499999999995 3.2999999999998444
  endloop
endfacet
facet normal 0.7933533402912386 0.6087614290087162 -5.056931884375862e-16
  outer loop
    vertex 5.168807716974932 289.36880771697486 1.5999999999999195
    vertex 5.701185102677865 288.67499999999995 3.2999999999998444
    vertex 5.701185102677865 288.6749999999999 1.5999999999999266
  endloop
endfacet
facet normal 0.7933533402912386 0.6087614290087162 -5.056931884375862e-16
  outer loop
    vertex 5.701185102677865 288.67499999999995 3.2999999999998444
    vertex 5.168807716974932 289.36880771697486 1.5999999999999195
    vertex 5.168807716974932 289.3688077169749 3.299999999999843
  endloop
endfacet
facet normal -0.9914448613738106 -0.13052619222005138 5.612597144329637e-17
  outer loop
    vertex -0.5500000000000012 202.79999999999995 3.2999999999998884
    vertex -0.4358515180683802 201.9329561989065 1.5999999999999506
    vertex -0.4358515180683802 201.9329561989065 3.29999999999988
  endloop
endfacet
facet normal -0.9914448613738106 -0.13052619222005138 5.612597144329637e-17
  outer loop
    vertex -0.4358515180683802 201.9329561989065 1.5999999999999506
    vertex -0.5500000000000012 202.79999999999995 3.2999999999998884
    vertex -0.5500000000000012 202.79999999999995 1.599999999999962
  endloop
endfacet
facet normal 0.13052619222004896 0.9914448613738107 -8.235852161734193e-16
  outer loop
    vertex 2.8000000000000007 290.34999999999997 3.299999999999843
    vertex 3.6670438010934445 290.2358515180683 1.599999999999928
    vertex 2.8000000000000007 290.3499999999999 1.599999999999928
  endloop
endfacet
facet normal 0.13052619222004896 0.9914448613738107 -8.235852161734193e-16
  outer loop
    vertex 3.6670438010934445 290.2358515180683 1.599999999999928
    vertex 2.8000000000000007 290.34999999999997 3.299999999999843
    vertex 3.6670438010934445 290.23585151806833 3.299999999999843
  endloop
endfacet
facet normal 0.48191874977215937 2.974009497942209e-16 0.8762159086766451
  outer loop
    vertex 1.9999999999999998 215.89999999999998 4.299999999999871
    vertex 0.0 283.4 5.399999999999859
    vertex 0.0 213.9 5.399999999999881
  endloop
endfacet
facet normal 0.48191874977215937 2.974009497942209e-16 0.8762159086766451
  outer loop
    vertex 0.0 283.4 5.399999999999859
    vertex 1.9999999999999998 215.89999999999998 4.299999999999871
    vertex 1.9999999999999998 281.4 4.299999999999848
  endloop
endfacet
facet normal -0.3826834323650884 -0.9238795325112875 3.411401663090076e-16
  outer loop
    vertex 88.13295619890657 283.7641484819316 3.2999999999998457
    vertex 87.32500000000002 284.09881489732214 1.5999999999998997
    vertex 88.13295619890657 283.7641484819316 1.5999999999998913
  endloop
endfacet
facet normal -0.3826834323650884 -0.9238795325112875 3.411401663090076e-16
  outer loop
    vertex 87.32500000000002 284.09881489732214 1.5999999999998997
    vertex 88.13295619890657 283.7641484819316 3.2999999999998457
    vertex 87.32500000000002 284.09881489732214 3.2999999999998373
  endloop
endfacet
facet normal -0.6087614290087204 -0.7933533402912355 6.590321940448366e-16
  outer loop
    vertex 1.1250000000000036 284.09881489732214 3.2999999999998373
    vertex 0.4311922830250694 284.63119228302503 1.599999999999928
    vertex 1.1250000000000036 284.0988148973221 1.599999999999928
  endloop
endfacet
facet normal -0.6087614290087204 -0.7933533402912355 6.590321940448366e-16
  outer loop
    vertex 0.4311922830250694 284.63119228302503 1.599999999999928
    vertex 1.1250000000000036 284.09881489732214 3.2999999999998373
    vertex 0.4311922830250694 284.63119228302503 3.2999999999998475
  endloop
endfacet
facet normal -0.9914448613738103 -0.13052619222005216 1.0842705068528621e-16
  outer loop
    vertex -0.4358515180683724 286.1329561989065 3.2999999999998457
    vertex -0.549999999999994 286.99999999999994 1.599999999999928
    vertex -0.4358515180683724 286.13295619890647 1.5999999999999266
  endloop
endfacet
facet normal -0.9914448613738103 -0.13052619222005216 1.0842705068528621e-16
  outer loop
    vertex -0.549999999999994 286.99999999999994 1.599999999999928
    vertex -0.4358515180683724 286.1329561989065 3.2999999999998457
    vertex -0.549999999999994 286.99999999999994 3.2999999999998457
  endloop
endfacet
facet normal -0.13052619222004908 0.9914448613738107 -8.235852161734194e-16
  outer loop
    vertex 1.9329561989065573 290.23585151806833 3.299999999999843
    vertex 2.8000000000000007 290.3499999999999 1.599999999999928
    vertex 1.9329561989065573 290.2358515180683 1.599999999999928
  endloop
endfacet
facet normal -0.13052619222004908 0.9914448613738107 -8.235852161734194e-16
  outer loop
    vertex 2.8000000000000007 290.3499999999999 1.599999999999928
    vertex 1.9329561989065573 290.23585151806833 3.299999999999843
    vertex 2.8000000000000007 290.34999999999997 3.299999999999843
  endloop
endfacet
facet normal 0.9914448613738107 -0.13052619222004896 1.0842705068528397e-16
  outer loop
    vertex 6.149999999999993 286.99999999999994 1.599999999999928
    vertex 6.035851518068374 286.1329561989065 3.2999999999998457
    vertex 6.035851518068374 286.13295619890647 1.5999999999999266
  endloop
endfacet
facet normal 0.9914448613738107 -0.13052619222004896 1.0842705068528397e-16
  outer loop
    vertex 6.035851518068374 286.1329561989065 3.2999999999998457
    vertex 6.149999999999993 286.99999999999994 1.599999999999928
    vertex 6.149999999999993 286.99999999999994 3.2999999999998457
  endloop
endfacet
facet normal -0.38268343236509067 -0.9238795325112864 7.67459244730122e-16
  outer loop
    vertex 1.9329561989065567 283.7641484819316 3.299999999999849
    vertex 1.1250000000000036 284.0988148973221 1.599999999999928
    vertex 1.9329561989065567 283.76414848193156 1.5999999999999195
  endloop
endfacet
facet normal -0.38268343236509067 -0.9238795325112864 7.67459244730122e-16
  outer loop
    vertex 1.1250000000000036 284.0988148973221 1.599999999999928
    vertex 1.9329561989065567 283.7641484819316 3.299999999999849
    vertex 1.1250000000000036 284.09881489732214 3.2999999999998373
  endloop
endfacet
facet normal -0.6087614290087213 0.7933533402912346 -3.445328900817191e-16
  outer loop
    vertex 3.6000000000000005 201.41435935394486 1.599999999999962
    vertex 3.931370849898476 201.6686291501015 4.799999999999878
    vertex 3.931370849898476 201.6686291501015 1.5999999999999535
  endloop
endfacet
facet normal -0.6087614290087213 0.7933533402912346 -3.445328900817191e-16
  outer loop
    vertex 3.931370849898476 201.6686291501015 4.799999999999878
    vertex 3.6000000000000005 201.41435935394486 1.599999999999962
    vertex 3.6000000000000005 201.41435935394486 4.799999999999888
  endloop
endfacet
facet normal 0.9914448613738106 0.13052619222005057 -1.0842705068528489e-16
  outer loop
    vertex 6.035851518068372 287.86704380109336 1.599999999999928
    vertex 6.149999999999993 286.99999999999994 3.2999999999998457
    vertex 6.149999999999993 286.99999999999994 1.599999999999928
  endloop
endfacet
facet normal 0.9914448613738106 0.13052619222005057 -1.0842705068528489e-16
  outer loop
    vertex 6.149999999999993 286.99999999999994 3.2999999999998457
    vertex 6.035851518068372 287.86704380109336 1.599999999999928
    vertex 6.035851518068372 287.8670438010934 3.299999999999843
  endloop
endfacet
facet normal -0.13052619222005185 0.9914448613738104 -4.706406802909002e-16
  outer loop
    vertex 2.8000000000000007 201.19999999999996 4.799999999999888
    vertex 3.214110472164034 201.25451867793745 1.599999999999962
    vertex 2.8000000000000007 201.19999999999996 1.599999999999962
  endloop
endfacet
facet normal -0.13052619222005185 0.9914448613738104 -4.706406802909002e-16
  outer loop
    vertex 3.214110472164034 201.25451867793745 1.599999999999962
    vertex 2.8000000000000007 201.19999999999996 4.799999999999888
    vertex 3.214110472164034 201.25451867793745 4.799999999999888
  endloop
endfacet
facet normal 0.9238795325112871 -0.3826834323650893 1.2610779020918086e-16
  outer loop
    vertex 1.4143593539448969 203.6 1.5999999999999632
    vertex 1.2545186779374895 203.214110472164 4.799999999999877
    vertex 1.2545186779374895 203.214110472164 1.5999999999999506
  endloop
endfacet
facet normal 0.9238795325112871 -0.3826834323650893 1.2610779020918086e-16
  outer loop
    vertex 1.2545186779374895 203.214110472164 4.799999999999877
    vertex 1.4143593539448969 203.6 1.5999999999999632
    vertex 1.4143593539448969 203.6 4.799999999999888
  endloop
endfacet
facet normal -0.9914448613738104 -0.13052619222005282 1.1751375270940372e-16
  outer loop
    vertex 4.399999999999996 286.99999999999994 4.799999999999846
    vertex 4.345481322062507 287.41411047216394 1.599999999999928
    vertex 4.399999999999996 286.99999999999994 1.599999999999928
  endloop
endfacet
facet normal -0.9914448613738104 -0.13052619222005282 1.1751375270940372e-16
  outer loop
    vertex 4.345481322062507 287.41411047216394 1.599999999999928
    vertex 4.399999999999996 286.99999999999994 4.799999999999846
    vertex 4.345481322062507 287.414110472164 4.799999999999844
  endloop
endfacet
facet normal -2.1590912274433744e-34 -0.4819187497721641 0.8762159086766425
  outer loop
    vertex 1.9999999999999998 281.4 4.299999999999848
    vertex 91.8 283.4 5.399999999999859
    vertex 0.0 283.4 5.399999999999859
  endloop
endfacet
facet normal -2.1590912274433744e-34 -0.4819187497721641 0.8762159086766425
  outer loop
    vertex 91.8 283.4 5.399999999999859
    vertex 1.9999999999999998 281.4 4.299999999999848
    vertex 89.80000000000001 281.4 4.299999999999848
  endloop
endfacet
facet normal 0.13052619222006254 -0.9914448613738089 8.926055704442107e-16
  outer loop
    vertex 2.799999999999999 288.59999999999997 4.799999999999844
    vertex 2.385889527835967 288.5454813220624 1.599999999999928
    vertex 2.799999999999999 288.5999999999999 1.599999999999928
  endloop
endfacet
facet normal 0.13052619222006254 -0.9914448613738089 8.926055704442107e-16
  outer loop
    vertex 2.385889527835967 288.5454813220624 1.599999999999928
    vertex 2.799999999999999 288.59999999999997 4.799999999999844
    vertex 2.385889527835967 288.54548132206247 4.799999999999844
  endloop
endfacet
facet normal 0.9914448613738104 -0.13052619222005155 1.1751375270940278e-16
  outer loop
    vertex 1.254518677937493 287.41411047216394 1.599999999999928
    vertex 1.2000000000000028 286.99999999999994 4.799999999999846
    vertex 1.2000000000000028 286.99999999999994 1.599999999999928
  endloop
endfacet
facet normal 0.9914448613738104 -0.13052619222005155 1.1751375270940278e-16
  outer loop
    vertex 1.2000000000000028 286.99999999999994 4.799999999999846
    vertex 1.254518677937493 287.41411047216394 1.599999999999928
    vertex 1.254518677937493 287.414110472164 4.799999999999844
  endloop
endfacet
facet normal 0.7933533402912315 -0.6087614290087254 5.480726803624955e-16
  outer loop
    vertex 1.6686291501015258 288.1313708498984 1.599999999999928
    vertex 1.4143593539449004 287.79999999999995 4.799999999999844
    vertex 1.4143593539449004 287.7999999999999 1.599999999999928
  endloop
endfacet
facet normal 0.7933533402912315 -0.6087614290087254 5.480726803624955e-16
  outer loop
    vertex 1.4143593539449004 287.79999999999995 4.799999999999844
    vertex 1.6686291501015258 288.1313708498984 1.599999999999928
    vertex 1.6686291501015258 288.1313708498984 4.799999999999835
  endloop
endfacet
facet normal 0.9914448613738106 -0.13052619222005124 3.697785493223493e-32
  outer loop
    vertex 1.2545186779374895 203.214110472164 1.5999999999999506
    vertex 1.1999999999999993 202.79999999999995 4.799999999999888
    vertex 1.1999999999999993 202.79999999999995 1.599999999999962
  endloop
endfacet
facet normal 0.9914448613738106 -0.13052619222005124 3.697785493223493e-32
  outer loop
    vertex 1.1999999999999993 202.79999999999995 4.799999999999888
    vertex 1.2545186779374895 203.214110472164 1.5999999999999506
    vertex 1.2545186779374895 203.214110472164 4.799999999999877
  endloop
endfacet
facet normal -0.13052619222006265 -0.9914448613738089 8.926055704442107e-16
  outer loop
    vertex 3.2141104721640326 288.54548132206247 4.799999999999844
    vertex 2.799999999999999 288.5999999999999 1.599999999999928
    vertex 3.2141104721640326 288.5454813220624 1.599999999999928
  endloop
endfacet
facet normal -0.13052619222006265 -0.9914448613738089 8.926055704442107e-16
  outer loop
    vertex 2.799999999999999 288.5999999999999 1.599999999999928
    vertex 3.2141104721640326 288.54548132206247 4.799999999999844
    vertex 2.799999999999999 288.59999999999997 4.799999999999844
  endloop
endfacet
facet normal 0.13052619222005193 -0.9914448613738104 4.706406802909002e-16
  outer loop
    vertex 2.8 204.39999999999998 4.799999999999887
    vertex 2.385889527835965 204.34548132206245 1.5999999999999506
    vertex 2.8 204.39999999999998 1.5999999999999506
  endloop
endfacet
facet normal 0.13052619222005193 -0.9914448613738104 4.706406802909002e-16
  outer loop
    vertex 2.385889527835965 204.34548132206245 1.5999999999999506
    vertex 2.8 204.39999999999998 4.799999999999887
    vertex 2.385889527835965 204.34548132206245 4.799999999999887
  endloop
endfacet
facet normal 0.7933533402912356 -0.60876142900872 2.4362154291858293e-16
  outer loop
    vertex 1.668629150101523 203.93137084989846 1.5999999999999506
    vertex 1.4143593539448969 203.6 4.799999999999888
    vertex 1.4143593539448969 203.6 1.5999999999999632
  endloop
endfacet
facet normal 0.7933533402912356 -0.60876142900872 2.4362154291858293e-16
  outer loop
    vertex 1.4143593539448969 203.6 4.799999999999888
    vertex 1.668629150101523 203.93137084989846 1.5999999999999506
    vertex 1.668629150101523 203.93137084989846 4.799999999999887
  endloop
endfacet
facet normal 0.9914448613738105 0.13052619222005205 -1.2610779020918096e-16
  outer loop
    vertex 1.1999999999999993 202.79999999999995 1.599999999999962
    vertex 1.2545186779374904 202.38588952783593 4.799999999999888
    vertex 1.2545186779374904 202.38588952783593 1.5999999999999603
  endloop
endfacet
facet normal 0.9914448613738105 0.13052619222005205 -1.2610779020918096e-16
  outer loop
    vertex 1.2545186779374904 202.38588952783593 4.799999999999888
    vertex 1.1999999999999993 202.79999999999995 1.599999999999962
    vertex 1.1999999999999993 202.79999999999995 4.799999999999888
  endloop
endfacet
facet normal 0.38268343236508984 -0.9238795325112866 4.2196489015330857e-16
  outer loop
    vertex 2.385889527835965 204.34548132206245 4.799999999999887
    vertex 1.9999999999999991 204.18564064605508 1.5999999999999506
    vertex 2.385889527835965 204.34548132206245 1.5999999999999506
  endloop
endfacet
facet normal 0.38268343236508984 -0.9238795325112866 4.2196489015330857e-16
  outer loop
    vertex 1.9999999999999991 204.18564064605508 1.5999999999999506
    vertex 2.385889527835965 204.34548132206245 4.799999999999887
    vertex 1.9999999999999991 204.18564064605508 4.799999999999887
  endloop
endfacet
facet normal 0.13052619222006254 0.9914448613738089 -8.926055704442107e-16
  outer loop
    vertex 2.385889527835967 285.4545186779375 4.799999999999837
    vertex 2.8 285.3999999999999 1.599999999999928
    vertex 2.385889527835967 285.4545186779374 1.599999999999928
  endloop
endfacet
facet normal 0.13052619222006254 0.9914448613738089 -8.926055704442107e-16
  outer loop
    vertex 2.8 285.3999999999999 1.599999999999928
    vertex 2.385889527835967 285.4545186779375 4.799999999999837
    vertex 2.8 285.4 4.799999999999837
  endloop
endfacet
facet normal -0.9914448613738105 -0.13052619222005216 1.26107790209181e-16
  outer loop
    vertex 4.3454813220625095 203.214110472164 4.799999999999877
    vertex 4.4 202.79999999999995 1.599999999999962
    vertex 4.4 202.79999999999995 4.799999999999888
  endloop
endfacet
facet normal -0.9914448613738105 -0.13052619222005216 1.26107790209181e-16
  outer loop
    vertex 4.4 202.79999999999995 1.599999999999962
    vertex 4.3454813220625095 203.214110472164 4.799999999999877
    vertex 4.3454813220625095 203.214110472164 1.5999999999999506
  endloop
endfacet
facet normal -0.13052619222006212 0.9914448613738092 -8.926055704442109e-16
  outer loop
    vertex 2.8 285.4 4.799999999999837
    vertex 3.214110472164034 285.4545186779374 1.599999999999928
    vertex 2.8 285.3999999999999 1.599999999999928
  endloop
endfacet
facet normal -0.13052619222006212 0.9914448613738092 -8.926055704442109e-16
  outer loop
    vertex 3.214110472164034 285.4545186779374 1.599999999999928
    vertex 2.8 285.4 4.799999999999837
    vertex 3.214110472164034 285.4545186779375 4.799999999999837
  endloop
endfacet
facet normal -0.6087614290087265 0.7933533402912306 -3.445328900817182e-16
  outer loop
    vertex 89.80000000000001 285.6143593539449 1.5999999999998997
    vertex 90.13137084989847 285.8686291501015 4.799999999999846
    vertex 90.13137084989847 285.8686291501015 1.5999999999998984
  endloop
endfacet
facet normal -0.6087614290087265 0.7933533402912306 -3.445328900817182e-16
  outer loop
    vertex 90.13137084989847 285.8686291501015 4.799999999999846
    vertex 89.80000000000001 285.6143593539449 1.5999999999998997
    vertex 89.80000000000001 285.6143593539449 4.799999999999846
  endloop
endfacet
facet normal -0.13052619222005238 -0.9914448613738104 4.872430858371663e-16
  outer loop
    vertex 3.2141104721640326 204.34548132206245 4.799999999999887
    vertex 2.8 204.39999999999998 1.5999999999999506
    vertex 3.2141104721640326 204.34548132206245 1.5999999999999506
  endloop
endfacet
facet normal -0.13052619222005238 -0.9914448613738104 4.872430858371663e-16
  outer loop
    vertex 2.8 204.39999999999998 1.5999999999999506
    vertex 3.2141104721640326 204.34548132206245 4.799999999999887
    vertex 2.8 204.39999999999998 4.799999999999887
  endloop
endfacet
facet normal -0.3826834323650903 0.9238795325112865 -4.2196489015330774e-16
  outer loop
    vertex 3.214110472164034 201.25451867793745 4.799999999999888
    vertex 3.6000000000000005 201.41435935394486 1.599999999999962
    vertex 3.214110472164034 201.25451867793745 1.599999999999962
  endloop
endfacet
facet normal -0.3826834323650903 0.9238795325112865 -4.2196489015330774e-16
  outer loop
    vertex 3.6000000000000005 201.41435935394486 1.599999999999962
    vertex 3.214110472164034 201.25451867793745 4.799999999999888
    vertex 3.6000000000000005 201.41435935394486 4.799999999999888
  endloop
endfacet
facet normal 0.3826834323650893 0.9238795325112868 -4.706406802909001e-16
  outer loop
    vertex 1.9999999999999998 201.41435935394486 4.799999999999888
    vertex 2.385889527835967 201.25451867793745 1.599999999999962
    vertex 1.9999999999999998 201.41435935394486 1.599999999999962
  endloop
endfacet
facet normal 0.3826834323650893 0.9238795325112868 -4.706406802909001e-16
  outer loop
    vertex 2.385889527835967 201.25451867793745 1.599999999999962
    vertex 1.9999999999999998 201.41435935394486 4.799999999999888
    vertex 2.385889527835967 201.25451867793745 4.799999999999888
  endloop
endfacet
facet normal -0.7933533402912344 -0.6087614290087217 3.445328900817196e-16
  outer loop
    vertex 90.13137084989849 203.93137084989846 4.799999999999887
    vertex 90.38564064605511 203.6 1.5999999999999577
    vertex 90.38564064605511 203.6 4.799999999999888
  endloop
endfacet
facet normal -0.7933533402912344 -0.6087614290087217 3.445328900817196e-16
  outer loop
    vertex 90.38564064605511 203.6 1.5999999999999577
    vertex 90.13137084989849 203.93137084989846 4.799999999999887
    vertex 90.13137084989849 203.93137084989846 1.5999999999999561
  endloop
endfacet
facet normal -0.9238795325112867 -0.38268343236508956 2.4362154291858283e-16
  outer loop
    vertex 4.185640646055102 203.6 4.799999999999888
    vertex 4.3454813220625095 203.214110472164 1.5999999999999506
    vertex 4.3454813220625095 203.214110472164 4.799999999999877
  endloop
endfacet
facet normal -0.9238795325112867 -0.38268343236508956 2.4362154291858283e-16
  outer loop
    vertex 4.3454813220625095 203.214110472164 1.5999999999999506
    vertex 4.185640646055102 203.6 4.799999999999888
    vertex 4.185640646055102 203.6 1.599999999999952
  endloop
endfacet
facet normal 0.9238795325112866 0.3826834323650903 -2.436215429185832e-16
  outer loop
    vertex 1.2545186779374904 202.38588952783593 1.5999999999999603
    vertex 1.4143593539448975 201.99999999999997 4.799999999999878
    vertex 1.4143593539448975 201.99999999999997 1.5999999999999506
  endloop
endfacet
facet normal 0.9238795325112866 0.3826834323650903 -2.436215429185832e-16
  outer loop
    vertex 1.4143593539448975 201.99999999999997 4.799999999999878
    vertex 1.2545186779374904 202.38588952783593 1.5999999999999603
    vertex 1.2545186779374904 202.38588952783593 4.799999999999888
  endloop
endfacet
facet normal 0.7933533402912317 0.6087614290087252 -5.480726803624952e-16
  outer loop
    vertex 1.4143593539449004 286.19999999999993 1.5999999999999266
    vertex 1.6686291501015258 285.8686291501015 4.799999999999846
    vertex 1.6686291501015258 285.86862915010147 1.5999999999999266
  endloop
endfacet
facet normal 0.7933533402912317 0.6087614290087252 -5.480726803624952e-16
  outer loop
    vertex 1.6686291501015258 285.8686291501015 4.799999999999846
    vertex 1.4143593539449004 286.19999999999993 1.5999999999999266
    vertex 1.4143593539449004 286.2 4.799999999999846
  endloop
endfacet
facet normal -0.9238795325112875 -0.38268343236508817 3.445328900817193e-16
  outer loop
    vertex 4.345481322062507 287.414110472164 4.799999999999844
    vertex 4.1856406460550994 287.7999999999999 1.599999999999928
    vertex 4.345481322062507 287.41411047216394 1.599999999999928
  endloop
endfacet
facet normal -0.9238795325112875 -0.38268343236508817 3.445328900817193e-16
  outer loop
    vertex 4.1856406460550994 287.7999999999999 1.599999999999928
    vertex 4.345481322062507 287.414110472164 4.799999999999844
    vertex 4.1856406460550994 287.79999999999995 4.799999999999844
  endloop
endfacet
facet normal 0.6087614290087212 -0.7933533402912347 3.445328900817192e-16
  outer loop
    vertex 1.9999999999999991 204.18564064605508 4.799999999999887
    vertex 1.668629150101523 203.93137084989846 1.5999999999999506
    vertex 1.9999999999999991 204.18564064605508 1.5999999999999506
  endloop
endfacet
facet normal 0.6087614290087212 -0.7933533402912347 3.445328900817192e-16
  outer loop
    vertex 1.668629150101523 203.93137084989846 1.5999999999999506
    vertex 1.9999999999999991 204.18564064605508 4.799999999999887
    vertex 1.668629150101523 203.93137084989846 4.799999999999887
  endloop
endfacet
facet normal 0.9914448613738104 0.130526192220052 -1.1751375270940298e-16
  outer loop
    vertex 1.2000000000000028 286.99999999999994 1.599999999999928
    vertex 1.254518677937493 286.5858895278359 4.799999999999836
    vertex 1.254518677937493 286.5858895278359 1.5999999999999195
  endloop
endfacet
facet normal 0.9914448613738104 0.130526192220052 -1.1751375270940298e-16
  outer loop
    vertex 1.254518677937493 286.5858895278359 4.799999999999836
    vertex 1.2000000000000028 286.99999999999994 1.599999999999928
    vertex 1.2000000000000028 286.99999999999994 4.799999999999846
  endloop
endfacet
facet normal -0.991444861373809 -0.1305261922200628 1.2610779020918678e-16
  outer loop
    vertex 90.54548132206251 287.414110472164 4.799999999999846
    vertex 90.60000000000001 286.99999999999994 1.5999999999998997
    vertex 90.60000000000001 286.99999999999994 4.799999999999846
  endloop
endfacet
facet normal -0.991444861373809 -0.1305261922200628 1.2610779020918678e-16
  outer loop
    vertex 90.60000000000001 286.99999999999994 1.5999999999998997
    vertex 90.54548132206251 287.414110472164 4.799999999999846
    vertex 90.54548132206251 287.414110472164 1.5999999999998997
  endloop
endfacet
facet normal 0.6087614290087217 0.7933533402912344 -7.142622232094857e-16
  outer loop
    vertex 1.6686291501015258 285.8686291501015 4.799999999999846
    vertex 2.0000000000000013 285.61435935394485 1.599999999999928
    vertex 1.6686291501015258 285.86862915010147 1.5999999999999266
  endloop
endfacet
facet normal 0.6087614290087217 0.7933533402912344 -7.142622232094857e-16
  outer loop
    vertex 2.0000000000000013 285.61435935394485 1.599999999999928
    vertex 1.6686291501015258 285.8686291501015 4.799999999999846
    vertex 2.0000000000000013 285.6143593539449 4.799999999999847
  endloop
endfacet
facet normal -0.3826834323650873 -0.9238795325112877 8.317759759188901e-16
  outer loop
    vertex 3.5999999999999974 288.38564064605504 4.799999999999844
    vertex 3.2141104721640326 288.5454813220624 1.599999999999928
    vertex 3.5999999999999974 288.38564064605504 1.599999999999928
  endloop
endfacet
facet normal -0.3826834323650873 -0.9238795325112877 8.317759759188901e-16
  outer loop
    vertex 3.2141104721640326 288.5454813220624 1.599999999999928
    vertex 3.5999999999999974 288.38564064605504 4.799999999999844
    vertex 3.2141104721640326 288.54548132206247 4.799999999999844
  endloop
endfacet
facet normal 0.6087614290087224 -0.7933533402912337 7.142622232094852e-16
  outer loop
    vertex 2.0000000000000004 288.38564064605504 4.799999999999844
    vertex 1.6686291501015258 288.1313708498984 1.599999999999928
    vertex 2.0000000000000004 288.38564064605504 1.599999999999928
  endloop
endfacet
facet normal 0.6087614290087224 -0.7933533402912337 7.142622232094852e-16
  outer loop
    vertex 1.6686291501015258 288.1313708498984 1.599999999999928
    vertex 2.0000000000000004 288.38564064605504 4.799999999999844
    vertex 1.6686291501015258 288.1313708498984 4.799999999999835
  endloop
endfacet
facet normal -0.9238795325112881 -0.3826834323650867 2.436215429185828e-16
  outer loop
    vertex 90.54548132206251 287.414110472164 4.799999999999846
    vertex 90.38564064605511 287.79999999999995 1.599999999999897
    vertex 90.54548132206251 287.414110472164 1.5999999999998997
  endloop
endfacet
facet normal -0.9238795325112881 -0.3826834323650867 2.436215429185828e-16
  outer loop
    vertex 90.38564064605511 287.79999999999995 1.599999999999897
    vertex 90.54548132206251 287.414110472164 4.799999999999846
    vertex 90.38564064605511 287.79999999999995 4.799999999999844
  endloop
endfacet
facet normal 0.9238795325112871 -0.3826834323650893 3.4453289008172044e-16
  outer loop
    vertex 1.4143593539449004 287.7999999999999 1.599999999999928
    vertex 1.254518677937493 287.414110472164 4.799999999999844
    vertex 1.254518677937493 287.41411047216394 1.599999999999928
  endloop
endfacet
facet normal 0.9238795325112871 -0.3826834323650893 3.4453289008172044e-16
  outer loop
    vertex 1.254518677937493 287.414110472164 4.799999999999844
    vertex 1.4143593539449004 287.7999999999999 1.599999999999928
    vertex 1.4143593539449004 287.79999999999995 4.799999999999844
  endloop
endfacet
facet normal -0.1305261922200524 0.9914448613738104 -4.706406802909001e-16
  outer loop
    vertex 89.0 201.19999999999996 4.799999999999888
    vertex 89.41411047216404 201.25451867793745 1.5999999999999561
    vertex 89.0 201.19999999999996 1.5999999999999561
  endloop
endfacet
facet normal -0.1305261922200524 0.9914448613738104 -4.706406802909001e-16
  outer loop
    vertex 89.41411047216404 201.25451867793745 1.5999999999999561
    vertex 89.0 201.19999999999996 4.799999999999888
    vertex 89.41411047216404 201.25451867793745 4.799999999999888
  endloop
endfacet
facet normal -0.9238795325112881 0.3826834323650867 -1.261077902091799e-16
  outer loop
    vertex 90.54548132206251 286.5858895278359 4.799999999999835
    vertex 90.38564064605511 286.2 1.5999999999998984
    vertex 90.38564064605511 286.2 4.799999999999846
  endloop
endfacet
facet normal -0.9238795325112881 0.3826834323650867 -1.261077902091799e-16
  outer loop
    vertex 90.38564064605511 286.2 1.5999999999998984
    vertex 90.54548132206251 286.5858895278359 4.799999999999835
    vertex 90.54548132206251 286.5858895278359 1.5999999999998913
  endloop
endfacet
facet normal -0.6087614290087217 -0.7933533402912344 7.142622232094857e-16
  outer loop
    vertex 3.931370849898473 288.1313708498984 4.799999999999835
    vertex 3.5999999999999974 288.38564064605504 1.599999999999928
    vertex 3.931370849898473 288.1313708498984 1.599999999999928
  endloop
endfacet
facet normal -0.6087614290087217 -0.7933533402912344 7.142622232094857e-16
  outer loop
    vertex 3.5999999999999974 288.38564064605504 1.599999999999928
    vertex 3.931370849898473 288.1313708498984 4.799999999999835
    vertex 3.5999999999999974 288.38564064605504 4.799999999999844
  endloop
endfacet
facet normal 0.9238795325112871 0.3826834323650893 -3.4453289008172024e-16
  outer loop
    vertex 1.254518677937493 286.5858895278359 1.5999999999999195
    vertex 1.4143593539449004 286.2 4.799999999999846
    vertex 1.4143593539449004 286.19999999999993 1.5999999999999266
  endloop
endfacet
facet normal 0.9238795325112871 0.3826834323650893 -3.4453289008172024e-16
  outer loop
    vertex 1.4143593539449004 286.2 4.799999999999846
    vertex 1.254518677937493 286.5858895278359 1.5999999999999195
    vertex 1.254518677937493 286.5858895278359 4.799999999999836
  endloop
endfacet
facet normal -0.6087614290087224 0.7933533402912337 -7.142622232094852e-16
  outer loop
    vertex 3.599999999999999 285.61435935394485 1.599999999999928
    vertex 3.9313708498984745 285.8686291501015 4.799999999999846
    vertex 3.9313708498984745 285.86862915010147 1.5999999999999266
  endloop
endfacet
facet normal -0.6087614290087224 0.7933533402912337 -7.142622232094852e-16
  outer loop
    vertex 3.9313708498984745 285.8686291501015 4.799999999999846
    vertex 3.599999999999999 285.61435935394485 1.599999999999928
    vertex 3.599999999999999 285.6143593539449 4.799999999999847
  endloop
endfacet
facet normal -0.7933533402912344 -0.6087614290087217 3.445328900817196e-16
  outer loop
    vertex 3.931370849898476 203.93137084989846 4.799999999999887
    vertex 4.185640646055102 203.6 1.599999999999952
    vertex 4.185640646055102 203.6 4.799999999999888
  endloop
endfacet
facet normal -0.7933533402912344 -0.6087614290087217 3.445328900817196e-16
  outer loop
    vertex 4.185640646055102 203.6 1.599999999999952
    vertex 3.931370849898476 203.93137084989846 4.799999999999887
    vertex 3.931370849898476 203.93137084989846 1.5999999999999506
  endloop
endfacet
facet normal 0.38268343236508995 0.9238795325112867 -4.706406802909001e-16
  outer loop
    vertex 88.2 201.41435935394486 4.799999999999888
    vertex 88.58588952783597 201.25451867793745 1.5999999999999561
    vertex 88.2 201.41435935394486 1.5999999999999561
  endloop
endfacet
facet normal 0.38268343236508995 0.9238795325112867 -4.706406802909001e-16
  outer loop
    vertex 88.58588952783597 201.25451867793745 1.5999999999999561
    vertex 88.2 201.41435935394486 4.799999999999888
    vertex 88.58588952783597 201.25451867793745 4.799999999999888
  endloop
endfacet
facet normal -0.7933533402912306 -0.6087614290087265 3.4453289008172335e-16
  outer loop
    vertex 90.13137084989847 288.1313708498984 4.799999999999835
    vertex 90.38564064605511 287.79999999999995 1.599999999999897
    vertex 90.38564064605511 287.79999999999995 4.799999999999844
  endloop
endfacet
facet normal -0.7933533402912306 -0.6087614290087265 3.4453289008172335e-16
  outer loop
    vertex 90.38564064605511 287.79999999999995 1.599999999999897
    vertex 90.13137084989847 288.1313708498984 4.799999999999835
    vertex 90.13137084989847 288.1313708498984 1.599999999999897
  endloop
endfacet
facet normal -0.7933533402912352 0.6087614290087209 -2.4362154291858337e-16
  outer loop
    vertex 4.185640646055102 201.99999999999997 4.799999999999877
    vertex 3.931370849898476 201.6686291501015 1.5999999999999535
    vertex 3.931370849898476 201.6686291501015 4.799999999999878
  endloop
endfacet
facet normal -0.7933533402912352 0.6087614290087209 -2.4362154291858337e-16
  outer loop
    vertex 3.931370849898476 201.6686291501015 1.5999999999999535
    vertex 4.185640646055102 201.99999999999997 4.799999999999877
    vertex 4.185640646055102 201.99999999999997 1.5999999999999506
  endloop
endfacet
facet normal -0.9238795325112875 0.38268343236508817 -3.445328900817195e-16
  outer loop
    vertex 4.1856406460551 286.2 4.799999999999846
    vertex 4.345481322062507 286.5858895278359 1.5999999999999195
    vertex 4.1856406460551 286.19999999999993 1.5999999999999266
  endloop
endfacet
facet normal -0.9238795325112875 0.38268343236508817 -3.445328900817195e-16
  outer loop
    vertex 4.345481322062507 286.5858895278359 1.5999999999999195
    vertex 4.1856406460551 286.2 4.799999999999846
    vertex 4.345481322062507 286.5858895278359 4.799999999999836
  endloop
endfacet
facet normal 0.7933533402912347 0.6087614290087212 -3.445328900817194e-16
  outer loop
    vertex 87.6143593539449 201.99999999999997 1.5999999999999561
    vertex 87.86862915010153 201.6686291501015 4.799999999999878
    vertex 87.86862915010153 201.6686291501015 1.5999999999999477
  endloop
endfacet
facet normal 0.7933533402912347 0.6087614290087212 -3.445328900817194e-16
  outer loop
    vertex 87.86862915010153 201.6686291501015 4.799999999999878
    vertex 87.6143593539449 201.99999999999997 1.5999999999999561
    vertex 87.6143593539449 201.99999999999997 4.799999999999878
  endloop
endfacet
facet normal 0.13052619222005155 0.9914448613738104 -4.872430858371662e-16
  outer loop
    vertex 88.58588952783597 201.25451867793745 4.799999999999888
    vertex 89.0 201.19999999999996 1.5999999999999561
    vertex 88.58588952783597 201.25451867793745 1.5999999999999561
  endloop
endfacet
facet normal 0.13052619222005155 0.9914448613738104 -4.872430858371662e-16
  outer loop
    vertex 89.0 201.19999999999996 1.5999999999999561
    vertex 88.58588952783597 201.25451867793745 4.799999999999888
    vertex 89.0 201.19999999999996 4.799999999999888
  endloop
endfacet
facet normal -0.991444861373809 0.1305261922200628 -5.509700384903004e-30
  outer loop
    vertex 90.60000000000001 286.99999999999994 4.799999999999846
    vertex 90.54548132206251 286.5858895278359 1.5999999999998913
    vertex 90.54548132206251 286.5858895278359 4.799999999999835
  endloop
endfacet
facet normal -0.991444861373809 0.1305261922200628 -5.509700384903004e-30
  outer loop
    vertex 90.54548132206251 286.5858895278359 1.5999999999998913
    vertex 90.60000000000001 286.99999999999994 4.799999999999846
    vertex 90.60000000000001 286.99999999999994 1.5999999999998997
  endloop
endfacet
facet normal -0.9914448613738106 0.13052619222005116 -1.1751375270940241e-16
  outer loop
    vertex 4.345481322062507 286.5858895278359 4.799999999999836
    vertex 4.399999999999996 286.99999999999994 1.599999999999928
    vertex 4.345481322062507 286.5858895278359 1.5999999999999195
  endloop
endfacet
facet normal -0.9914448613738106 0.13052619222005116 -1.1751375270940241e-16
  outer loop
    vertex 4.399999999999996 286.99999999999994 1.599999999999928
    vertex 4.345481322062507 286.5858895278359 4.799999999999836
    vertex 4.399999999999996 286.99999999999994 4.799999999999846
  endloop
endfacet
facet normal 0.6087614290087136 -0.7933533402912408 3.4453289008172246e-16
  outer loop
    vertex 88.2 204.18564064605508 4.799999999999887
    vertex 87.86862915010153 203.93137084989846 1.5999999999999561
    vertex 88.2 204.18564064605508 1.5999999999999561
  endloop
endfacet
facet normal 0.6087614290087136 -0.7933533402912408 3.4453289008172246e-16
  outer loop
    vertex 87.86862915010153 203.93137084989846 1.5999999999999561
    vertex 88.2 204.18564064605508 4.799999999999887
    vertex 87.86862915010153 203.93137084989846 4.799999999999887
  endloop
endfacet
facet normal -0.7933533402912306 -0.6087614290087265 5.480726803624964e-16
  outer loop
    vertex 4.1856406460550994 287.79999999999995 4.799999999999844
    vertex 3.931370849898473 288.1313708498984 1.599999999999928
    vertex 4.1856406460550994 287.7999999999999 1.599999999999928
  endloop
endfacet
facet normal -0.7933533402912306 -0.6087614290087265 5.480726803624964e-16
  outer loop
    vertex 3.931370849898473 288.1313708498984 1.599999999999928
    vertex 4.1856406460550994 287.79999999999995 4.799999999999844
    vertex 3.931370849898473 288.1313708498984 4.799999999999835
  endloop
endfacet
facet normal 0.3826834323650873 0.9238795325112877 -8.317759759188901e-16
  outer loop
    vertex 2.0000000000000013 285.6143593539449 4.799999999999847
    vertex 2.385889527835967 285.4545186779374 1.599999999999928
    vertex 2.0000000000000013 285.61435935394485 1.599999999999928
  endloop
endfacet
facet normal 0.3826834323650873 0.9238795325112877 -8.317759759188901e-16
  outer loop
    vertex 2.385889527835967 285.4545186779374 1.599999999999928
    vertex 2.0000000000000013 285.6143593539449 4.799999999999847
    vertex 2.385889527835967 285.4545186779375 4.799999999999837
  endloop
endfacet
facet normal -0.6087614290087132 0.7933533402912408 -3.4453289008172256e-16
  outer loop
    vertex 89.80000000000001 201.41435935394486 1.5999999999999561
    vertex 90.13137084989849 201.6686291501015 4.799999999999878
    vertex 90.13137084989849 201.6686291501015 1.5999999999999477
  endloop
endfacet
facet normal -0.6087614290087132 0.7933533402912408 -3.4453289008172256e-16
  outer loop
    vertex 90.13137084989849 201.6686291501015 4.799999999999878
    vertex 89.80000000000001 201.41435935394486 1.5999999999999561
    vertex 89.80000000000001 201.41435935394486 4.799999999999888
  endloop
endfacet
facet normal -0.7933533402912352 0.6087614290087209 -2.4362154291858327e-16
  outer loop
    vertex 90.38564064605511 201.99999999999997 4.799999999999877
    vertex 90.13137084989849 201.6686291501015 1.5999999999999477
    vertex 90.13137084989849 201.6686291501015 4.799999999999878
  endloop
endfacet
facet normal -0.7933533402912352 0.6087614290087209 -2.4362154291858327e-16
  outer loop
    vertex 90.13137084989849 201.6686291501015 1.5999999999999477
    vertex 90.38564064605511 201.99999999999997 4.799999999999877
    vertex 90.38564064605511 201.99999999999997 1.5999999999999561
  endloop
endfacet
facet normal 0.9914448613738126 0.13052619222003545 -1.2610779020917312e-16
  outer loop
    vertex 87.4 202.79999999999995 1.5999999999999561
    vertex 87.4545186779375 202.38588952783593 4.799999999999888
    vertex 87.4545186779375 202.38588952783593 1.5999999999999548
  endloop
endfacet
facet normal 0.9914448613738126 0.13052619222003545 -1.2610779020917312e-16
  outer loop
    vertex 87.4545186779375 202.38588952783593 4.799999999999888
    vertex 87.4 202.79999999999995 1.5999999999999561
    vertex 87.4 202.79999999999995 4.799999999999888
  endloop
endfacet
facet normal -0.1305261922200628 -0.991444861373809 4.872430858371685e-16
  outer loop
    vertex 89.41411047216404 288.54548132206247 4.799999999999846
    vertex 89.0 288.59999999999997 1.5999999999998997
    vertex 89.41411047216404 288.54548132206247 1.5999999999998997
  endloop
endfacet
facet normal -0.1305261922200628 -0.991444861373809 4.872430858371685e-16
  outer loop
    vertex 89.0 288.59999999999997 1.5999999999998997
    vertex 89.41411047216404 288.54548132206247 4.799999999999846
    vertex 89.0 288.59999999999997 4.799999999999844
  endloop
endfacet
facet normal 0.38268343236508956 -0.9238795325112867 4.219648901533078e-16
  outer loop
    vertex 88.58588952783597 204.34548132206245 4.799999999999887
    vertex 88.2 204.18564064605508 1.5999999999999561
    vertex 88.58588952783597 204.34548132206245 1.5999999999999561
  endloop
endfacet
facet normal 0.38268343236508956 -0.9238795325112867 4.219648901533078e-16
  outer loop
    vertex 88.2 204.18564064605508 1.5999999999999561
    vertex 88.58588952783597 204.34548132206245 4.799999999999887
    vertex 88.2 204.18564064605508 4.799999999999887
  endloop
endfacet
facet normal 0.6087614290087207 0.7933533402912352 -4.2196489015330764e-16
  outer loop
    vertex 1.6686291501015236 201.6686291501015 4.799999999999878
    vertex 1.9999999999999998 201.41435935394486 1.599999999999962
    vertex 1.6686291501015236 201.6686291501015 1.5999999999999535
  endloop
endfacet
facet normal 0.6087614290087207 0.7933533402912352 -4.2196489015330764e-16
  outer loop
    vertex 1.9999999999999998 201.41435935394486 1.599999999999962
    vertex 1.6686291501015236 201.6686291501015 4.799999999999878
    vertex 1.9999999999999998 201.41435935394486 4.799999999999888
  endloop
endfacet
facet normal -0.9238795325112881 0.3826834323650867 -1.2610779020917948e-16
  outer loop
    vertex 90.54548132206251 202.38588952783593 4.799999999999888
    vertex 90.38564064605511 201.99999999999997 1.5999999999999561
    vertex 90.38564064605511 201.99999999999997 4.799999999999877
  endloop
endfacet
facet normal -0.9238795325112881 0.3826834323650867 -1.2610779020917948e-16
  outer loop
    vertex 90.38564064605511 201.99999999999997 1.5999999999999561
    vertex 90.54548132206251 202.38588952783593 4.799999999999888
    vertex 90.54548132206251 202.38588952783593 1.5999999999999548
  endloop
endfacet
facet normal 0.1305261922200628 -0.991444861373809 4.70640680290901e-16
  outer loop
    vertex 89.0 288.59999999999997 4.799999999999844
    vertex 88.58588952783597 288.54548132206247 1.5999999999998997
    vertex 89.0 288.59999999999997 1.5999999999998997
  endloop
endfacet
facet normal 0.1305261922200628 -0.991444861373809 4.70640680290901e-16
  outer loop
    vertex 88.58588952783597 288.54548132206247 1.5999999999998997
    vertex 89.0 288.59999999999997 4.799999999999844
    vertex 88.58588952783597 288.54548132206247 4.799999999999846
  endloop
endfacet
facet normal 0.608761429008713 0.793353340291241 -4.2196489015331e-16
  outer loop
    vertex 87.86862915010153 201.6686291501015 4.799999999999878
    vertex 88.2 201.41435935394486 1.5999999999999561
    vertex 87.86862915010153 201.6686291501015 1.5999999999999477
  endloop
endfacet
facet normal 0.608761429008713 0.793353340291241 -4.2196489015331e-16
  outer loop
    vertex 88.2 201.41435935394486 1.5999999999999561
    vertex 87.86862915010153 201.6686291501015 4.799999999999878
    vertex 88.2 201.41435935394486 4.799999999999888
  endloop
endfacet
facet normal 0.13052619222005124 0.9914448613738106 -4.8724308583716645e-16
  outer loop
    vertex 2.385889527835967 201.25451867793745 4.799999999999888
    vertex 2.8000000000000007 201.19999999999996 1.599999999999962
    vertex 2.385889527835967 201.25451867793745 1.599999999999962
  endloop
endfacet
facet normal 0.13052619222005124 0.9914448613738106 -4.8724308583716645e-16
  outer loop
    vertex 2.8000000000000007 201.19999999999996 1.599999999999962
    vertex 2.385889527835967 201.25451867793745 4.799999999999888
    vertex 2.8000000000000007 201.19999999999996 4.799999999999888
  endloop
endfacet
facet normal -0.6087614290087265 -0.7933533402912306 4.219648901533078e-16
  outer loop
    vertex 90.13137084989847 288.1313708498984 4.799999999999835
    vertex 89.80000000000001 288.38564064605504 1.5999999999998984
    vertex 90.13137084989847 288.1313708498984 1.599999999999897
  endloop
endfacet
facet normal -0.6087614290087265 -0.7933533402912306 4.219648901533078e-16
  outer loop
    vertex 89.80000000000001 288.38564064605504 1.5999999999998984
    vertex 90.13137084989847 288.1313708498984 4.799999999999835
    vertex 89.80000000000001 288.38564064605504 4.799999999999846
  endloop
endfacet
facet normal 0.9238795325112881 -0.3826834323650867 1.261077902091799e-16
  outer loop
    vertex 87.6143593539449 287.79999999999995 1.5999999999998997
    vertex 87.4545186779375 287.414110472164 4.799999999999846
    vertex 87.4545186779375 287.414110472164 1.5999999999998997
  endloop
endfacet
facet normal 0.9238795325112881 -0.3826834323650867 1.261077902091799e-16
  outer loop
    vertex 87.4545186779375 287.414110472164 4.799999999999846
    vertex 87.6143593539449 287.79999999999995 1.5999999999998997
    vertex 87.6143593539449 287.79999999999995 4.799999999999846
  endloop
endfacet
facet normal 0.9238795325112881 -0.3826834323650867 1.2610779020917948e-16
  outer loop
    vertex 87.6143593539449 203.6 1.5999999999999577
    vertex 87.4545186779375 203.214110472164 4.799999999999877
    vertex 87.4545186779375 203.214110472164 1.5999999999999561
  endloop
endfacet
facet normal 0.9238795325112881 -0.3826834323650867 1.2610779020917948e-16
  outer loop
    vertex 87.4545186779375 203.214110472164 4.799999999999877
    vertex 87.6143593539449 203.6 1.5999999999999577
    vertex 87.6143593539449 203.6 4.799999999999888
  endloop
endfacet
facet normal -0.3826834323650867 0.9238795325112881 -4.2196489015331045e-16
  outer loop
    vertex 89.41411047216404 285.4545186779375 4.799999999999836
    vertex 89.80000000000001 285.6143593539449 1.5999999999998997
    vertex 89.41411047216404 285.4545186779375 1.5999999999998984
  endloop
endfacet
facet normal -0.3826834323650867 0.9238795325112881 -4.2196489015331045e-16
  outer loop
    vertex 89.80000000000001 285.6143593539449 1.5999999999998997
    vertex 89.41411047216404 285.4545186779375 4.799999999999836
    vertex 89.80000000000001 285.6143593539449 4.799999999999846
  endloop
endfacet
facet normal 1.1129161195413984e-16 -4.1534595026908787e-16 -1.0
  outer loop
    vertex 85.76414848193163 287.8670438010934 1.599999999999897
    vertex 85.76414848193163 286.1329561989065 1.5999999999998984
    vertex 85.65 286.99999999999994 1.5999999999998997
  endloop
endfacet
facet normal 1.1129161195413984e-16 -4.1534595026908787e-16 -1.0
  outer loop
    vertex 85.76414848193163 286.1329561989065 1.5999999999998984
    vertex 85.76414848193163 287.8670438010934 1.599999999999897
    vertex 86.09881489732214 288.67499999999995 1.599999999999897
  endloop
endfacet
facet normal 1.1129161195413984e-16 -4.1534595026908787e-16 -1.0
  outer loop
    vertex 85.76414848193163 286.1329561989065 1.5999999999998984
    vertex 86.09881489732214 288.67499999999995 1.599999999999897
    vertex 86.09881489732214 285.32499999999993 1.5999999999998997
  endloop
endfacet
facet normal 1.1129161195413984e-16 -4.1534595026908787e-16 -1.0
  outer loop
    vertex 86.09881489732214 285.32499999999993 1.5999999999998997
    vertex 86.09881489732214 288.67499999999995 1.599999999999897
    vertex 86.63119228302507 289.3688077169749 1.5999999999998884
  endloop
endfacet
facet normal 1.1129161195413984e-16 -4.1534595026908787e-16 -1.0
  outer loop
    vertex 86.09881489732214 285.32499999999993 1.5999999999998997
    vertex 86.63119228302507 289.3688077169749 1.5999999999998884
    vertex 86.63119228302507 284.63119228302503 1.5999999999998997
  endloop
endfacet
facet normal 1.1129161195413984e-16 -4.1534595026908787e-16 -1.0
  outer loop
    vertex 86.63119228302507 284.63119228302503 1.5999999999998997
    vertex 86.63119228302507 289.3688077169749 1.5999999999998884
    vertex 87.325 289.9011851026778 1.5999999999998984
  endloop
endfacet
facet normal 1.1129161195413984e-16 -4.1534595026908787e-16 -1.0
  outer loop
    vertex 86.63119228302507 284.63119228302503 1.5999999999998997
    vertex 87.325 289.9011851026778 1.5999999999998984
    vertex 87.32500000000002 284.09881489732214 1.5999999999998997
  endloop
endfacet
facet normal 1.1129161195413984e-16 -4.1534595026908787e-16 -1.0
  outer loop
    vertex 87.32500000000002 284.09881489732214 1.5999999999998997
    vertex 87.325 289.9011851026778 1.5999999999998984
    vertex 87.4 286.99999999999994 1.5999999999998997
  endloop
endfacet
facet normal 1.1129161195413984e-16 -4.1534595026908787e-16 -1.0
  outer loop
    vertex 87.4 286.99999999999994 1.5999999999998997
    vertex 87.325 289.9011851026778 1.5999999999998984
    vertex 87.4545186779375 287.414110472164 1.5999999999998997
  endloop
endfacet
facet normal 1.1129161195413984e-16 -4.1534595026908787e-16 -1.0
  outer loop
    vertex 87.4545186779375 287.414110472164 1.5999999999998997
    vertex 87.325 289.9011851026778 1.5999999999998984
    vertex 88.13295619890656 290.23585151806833 1.599999999999897
  endloop
endfacet
facet normal 1.1129161195413984e-16 -4.1534595026908787e-16 -1.0
  outer loop
    vertex 87.4545186779375 287.414110472164 1.5999999999998997
    vertex 88.13295619890656 290.23585151806833 1.599999999999897
    vertex 87.6143593539449 287.79999999999995 1.5999999999998997
  endloop
endfacet
facet normal 1.1129161195413984e-16 -4.1534595026908787e-16 -1.0
  outer loop
    vertex 87.6143593539449 287.79999999999995 1.5999999999998997
    vertex 88.13295619890656 290.23585151806833 1.599999999999897
    vertex 87.86862915010154 288.1313708498984 1.599999999999897
  endloop
endfacet
facet normal 1.1129161195413984e-16 -4.1534595026908787e-16 -1.0
  outer loop
    vertex 87.86862915010154 288.1313708498984 1.599999999999897
    vertex 88.13295619890656 290.23585151806833 1.599999999999897
    vertex 88.2 288.38564064605504 1.5999999999998984
  endloop
endfacet
facet normal 1.1129161195413984e-16 -4.1534595026908787e-16 -1.0
  outer loop
    vertex 88.2 288.38564064605504 1.5999999999998984
    vertex 88.13295619890656 290.23585151806833 1.599999999999897
    vertex 89.0 290.34999999999997 1.599999999999897
  endloop
endfacet
facet normal 1.1129161195413984e-16 -4.1534595026908787e-16 -1.0
  outer loop
    vertex 88.2 288.38564064605504 1.5999999999998984
    vertex 89.0 290.34999999999997 1.599999999999897
    vertex 88.58588952783597 288.54548132206247 1.5999999999998997
  endloop
endfacet
facet normal 1.1129161195413984e-16 -4.1534595026908787e-16 -1.0
  outer loop
    vertex 88.58588952783597 288.54548132206247 1.5999999999998997
    vertex 89.0 290.34999999999997 1.599999999999897
    vertex 89.0 288.59999999999997 1.5999999999998997
  endloop
endfacet
facet normal 1.1129161195413984e-16 -4.1534595026908787e-16 -1.0
  outer loop
    vertex 89.0 288.59999999999997 1.5999999999998997
    vertex 89.0 290.34999999999997 1.599999999999897
    vertex 89.86704380109344 290.23585151806833 1.599999999999897
  endloop
endfacet
facet normal 1.1129161195413984e-16 -4.1534595026908787e-16 -1.0
  outer loop
    vertex 89.0 288.59999999999997 1.5999999999998997
    vertex 89.86704380109344 290.23585151806833 1.599999999999897
    vertex 89.41411047216404 288.54548132206247 1.5999999999998997
  endloop
endfacet
facet normal 1.1129161195413984e-16 -4.1534595026908787e-16 -1.0
  outer loop
    vertex 89.41411047216404 288.54548132206247 1.5999999999998997
    vertex 89.86704380109344 290.23585151806833 1.599999999999897
    vertex 89.80000000000001 288.38564064605504 1.5999999999998984
  endloop
endfacet
facet normal 1.1129161195413984e-16 -4.1534595026908787e-16 -1.0
  outer loop
    vertex 89.80000000000001 288.38564064605504 1.5999999999998984
    vertex 89.86704380109344 290.23585151806833 1.599999999999897
    vertex 90.13137084989847 288.1313708498984 1.599999999999897
  endloop
endfacet
facet normal 1.1129161195413984e-16 -4.1534595026908787e-16 -1.0
  outer loop
    vertex 90.13137084989847 288.1313708498984 1.599999999999897
    vertex 89.86704380109344 290.23585151806833 1.599999999999897
    vertex 90.675 289.9011851026778 1.5999999999998997
  endloop
endfacet
facet normal 1.1129161195413984e-16 -4.1534595026908787e-16 -1.0
  outer loop
    vertex 90.13137084989847 288.1313708498984 1.599999999999897
    vertex 90.675 289.9011851026778 1.5999999999998997
    vertex 90.38564064605511 287.79999999999995 1.599999999999897
  endloop
endfacet
facet normal 1.1129161195413984e-16 -4.1534595026908787e-16 -1.0
  outer loop
    vertex 90.38564064605511 287.79999999999995 1.599999999999897
    vertex 90.675 289.9011851026778 1.5999999999998997
    vertex 90.54548132206251 287.414110472164 1.5999999999998997
  endloop
endfacet
facet normal 1.1129161195413984e-16 -4.1534595026908787e-16 -1.0
  outer loop
    vertex 90.54548132206251 287.414110472164 1.5999999999998997
    vertex 90.675 289.9011851026778 1.5999999999998997
    vertex 90.60000000000001 286.99999999999994 1.5999999999998997
  endloop
endfacet
facet normal 1.1129161195413984e-16 -4.1534595026908787e-16 -1.0
  outer loop
    vertex 87.32500000000002 284.09881489732214 1.5999999999998997
    vertex 87.4545186779375 286.5858895278359 1.5999999999998913
    vertex 88.13295619890657 283.7641484819316 1.5999999999998913
  endloop
endfacet
facet normal 1.1129161195413984e-16 -4.1534595026908787e-16 -1.0
  outer loop
    vertex 87.4545186779375 286.5858895278359 1.5999999999998913
    vertex 87.32500000000002 284.09881489732214 1.5999999999998997
    vertex 87.4 286.99999999999994 1.5999999999998997
  endloop
endfacet
facet normal 1.1129161195413984e-16 -4.1534595026908787e-16 -1.0
  outer loop
    vertex 88.13295619890657 283.7641484819316 1.5999999999998913
    vertex 87.4545186779375 286.5858895278359 1.5999999999998913
    vertex 87.6143593539449 286.2 1.5999999999998997
  endloop
endfacet
facet normal 1.1129161195413984e-16 -4.1534595026908787e-16 -1.0
  outer loop
    vertex 88.13295619890657 283.7641484819316 1.5999999999998913
    vertex 87.6143593539449 286.2 1.5999999999998997
    vertex 87.86862915010154 285.8686291501015 1.5999999999998984
  endloop
endfacet
facet normal 1.1129161195413984e-16 -4.1534595026908787e-16 -1.0
  outer loop
    vertex 88.13295619890657 283.7641484819316 1.5999999999998913
    vertex 87.86862915010154 285.8686291501015 1.5999999999998984
    vertex 88.2 285.6143593539449 1.5999999999998997
  endloop
endfacet
facet normal 1.1129161195413984e-16 -4.1534595026908787e-16 -1.0
  outer loop
    vertex 88.13295619890657 283.7641484819316 1.5999999999998913
    vertex 88.2 285.6143593539449 1.5999999999998997
    vertex 89.0 283.65 1.5999999999998997
  endloop
endfacet
facet normal 1.1129161195413984e-16 -4.1534595026908787e-16 -1.0
  outer loop
    vertex 89.0 283.65 1.5999999999998997
    vertex 88.2 285.6143593539449 1.5999999999998997
    vertex 88.58588952783597 285.4545186779375 1.5999999999998984
  endloop
endfacet
facet normal 1.1129161195413984e-16 -4.1534595026908787e-16 -1.0
  outer loop
    vertex 89.0 283.65 1.5999999999998997
    vertex 88.58588952783597 285.4545186779375 1.5999999999998984
    vertex 89.0 285.4 1.5999999999998984
  endloop
endfacet
facet normal 1.1129161195413984e-16 -4.1534595026908787e-16 -1.0
  outer loop
    vertex 89.0 283.65 1.5999999999998997
    vertex 89.0 285.4 1.5999999999998984
    vertex 89.41411047216404 285.4545186779375 1.5999999999998984
  endloop
endfacet
facet normal 1.1129161195413984e-16 -4.1534595026908787e-16 -1.0
  outer loop
    vertex 89.0 283.65 1.5999999999998997
    vertex 89.41411047216404 285.4545186779375 1.5999999999998984
    vertex 89.86704380109344 283.7641484819316 1.5999999999998913
  endloop
endfacet
facet normal 1.1129161195413984e-16 -4.1534595026908787e-16 -1.0
  outer loop
    vertex 89.86704380109344 283.7641484819316 1.5999999999998913
    vertex 89.41411047216404 285.4545186779375 1.5999999999998984
    vertex 89.80000000000001 285.6143593539449 1.5999999999998997
  endloop
endfacet
facet normal 1.1129161195413984e-16 -4.1534595026908787e-16 -1.0
  outer loop
    vertex 89.86704380109344 283.7641484819316 1.5999999999998913
    vertex 89.80000000000001 285.6143593539449 1.5999999999998997
    vertex 90.13137084989847 285.8686291501015 1.5999999999998984
  endloop
endfacet
facet normal 1.1129161195413984e-16 -4.1534595026908787e-16 -1.0
  outer loop
    vertex 89.86704380109344 283.7641484819316 1.5999999999998913
    vertex 90.13137084989847 285.8686291501015 1.5999999999998984
    vertex 90.67500000000001 284.09881489732214 1.5999999999998997
  endloop
endfacet
facet normal 1.1129161195413984e-16 -4.1534595026908787e-16 -1.0
  outer loop
    vertex 90.67500000000001 284.09881489732214 1.5999999999998997
    vertex 90.13137084989847 285.8686291501015 1.5999999999998984
    vertex 90.38564064605511 286.2 1.5999999999998984
  endloop
endfacet
facet normal 1.1129161195413984e-16 -4.1534595026908787e-16 -1.0
  outer loop
    vertex 90.67500000000001 284.09881489732214 1.5999999999998997
    vertex 90.38564064605511 286.2 1.5999999999998984
    vertex 90.54548132206251 286.5858895278359 1.5999999999998913
  endloop
endfacet
facet normal 1.1129161195413984e-16 -4.1534595026908787e-16 -1.0
  outer loop
    vertex 90.67500000000001 284.09881489732214 1.5999999999998997
    vertex 90.54548132206251 286.5858895278359 1.5999999999998913
    vertex 90.60000000000001 286.99999999999994 1.5999999999998997
  endloop
endfacet
facet normal 1.1129161195413984e-16 -4.1534595026908787e-16 -1.0
  outer loop
    vertex 90.67500000000001 284.09881489732214 1.5999999999998997
    vertex 90.60000000000001 286.99999999999994 1.5999999999998997
    vertex 90.675 289.9011851026778 1.5999999999998997
  endloop
endfacet
facet normal 1.1129161195413984e-16 -4.1534595026908787e-16 -1.0
  outer loop
    vertex 90.67500000000001 284.09881489732214 1.5999999999998997
    vertex 90.675 289.9011851026778 1.5999999999998997
    vertex 91.36880771697494 289.3688077169749 1.5999999999998884
  endloop
endfacet
facet normal 1.1129161195413984e-16 -4.1534595026908787e-16 -1.0
  outer loop
    vertex 90.67500000000001 284.09881489732214 1.5999999999998997
    vertex 91.36880771697494 289.3688077169749 1.5999999999998884
    vertex 91.36880771697494 284.63119228302503 1.5999999999998997
  endloop
endfacet
facet normal 1.1129161195413984e-16 -4.1534595026908787e-16 -1.0
  outer loop
    vertex 91.36880771697494 284.63119228302503 1.5999999999998997
    vertex 91.36880771697494 289.3688077169749 1.5999999999998884
    vertex 91.90118510267787 288.67499999999995 1.599999999999897
  endloop
endfacet
facet normal 1.1129161195413984e-16 -4.1534595026908787e-16 -1.0
  outer loop
    vertex 91.36880771697494 284.63119228302503 1.5999999999998997
    vertex 91.90118510267787 288.67499999999995 1.599999999999897
    vertex 91.90118510267787 285.325 1.5999999999998997
  endloop
endfacet
facet normal 1.1129161195413984e-16 -4.1534595026908787e-16 -1.0
  outer loop
    vertex 91.90118510267787 285.325 1.5999999999998997
    vertex 91.90118510267787 288.67499999999995 1.599999999999897
    vertex 92.23585151806839 287.8670438010934 1.5999999999998997
  endloop
endfacet
facet normal 1.1129161195413984e-16 -4.1534595026908787e-16 -1.0
  outer loop
    vertex 91.90118510267787 285.325 1.5999999999998997
    vertex 92.23585151806839 287.8670438010934 1.5999999999998997
    vertex 92.23585151806839 286.1329561989065 1.5999999999998997
  endloop
endfacet
facet normal 1.1129161195413984e-16 -4.1534595026908787e-16 -1.0
  outer loop
    vertex 92.23585151806839 286.1329561989065 1.5999999999998997
    vertex 92.23585151806839 287.8670438010934 1.5999999999998997
    vertex 92.35 286.99999999999994 1.5999999999998997
  endloop
endfacet
facet normal -0.38268343236508784 0.9238795325112875 -8.317759759188898e-16
  outer loop
    vertex 3.214110472164034 285.4545186779375 4.799999999999837
    vertex 3.599999999999999 285.61435935394485 1.599999999999928
    vertex 3.214110472164034 285.4545186779374 1.599999999999928
  endloop
endfacet
facet normal -0.38268343236508784 0.9238795325112875 -8.317759759188898e-16
  outer loop
    vertex 3.599999999999999 285.61435935394485 1.599999999999928
    vertex 3.214110472164034 285.4545186779375 4.799999999999837
    vertex 3.599999999999999 285.6143593539449 4.799999999999847
  endloop
endfacet
facet normal -0.9914448613738104 0.13052619222005238 -5.7931972727168054e-31
  outer loop
    vertex 4.4 202.79999999999995 4.799999999999888
    vertex 4.3454813220625095 202.38588952783593 1.5999999999999603
    vertex 4.3454813220625095 202.38588952783593 4.799999999999888
  endloop
endfacet
facet normal -0.9914448613738104 0.13052619222005238 -5.7931972727168054e-31
  outer loop
    vertex 4.3454813220625095 202.38588952783593 1.5999999999999603
    vertex 4.4 202.79999999999995 4.799999999999888
    vertex 4.4 202.79999999999995 1.599999999999962
  endloop
endfacet
facet normal -0.3826834323650867 -0.9238795325112881 4.706406802909027e-16
  outer loop
    vertex 89.80000000000001 288.38564064605504 4.799999999999846
    vertex 89.41411047216404 288.54548132206247 1.5999999999998997
    vertex 89.80000000000001 288.38564064605504 1.5999999999998984
  endloop
endfacet
facet normal -0.3826834323650867 -0.9238795325112881 4.706406802909027e-16
  outer loop
    vertex 89.41411047216404 288.54548132206247 1.5999999999998997
    vertex 89.80000000000001 288.38564064605504 4.799999999999846
    vertex 89.41411047216404 288.54548132206247 4.799999999999846
  endloop
endfacet
facet normal -0.13052619222005282 -0.9914448613738104 4.872430858371663e-16
  outer loop
    vertex 89.41411047216404 204.34548132206245 4.799999999999887
    vertex 89.0 204.39999999999998 1.5999999999999561
    vertex 89.41411047216404 204.34548132206245 1.5999999999999561
  endloop
endfacet
facet normal -0.13052619222005282 -0.9914448613738104 4.872430858371663e-16
  outer loop
    vertex 89.0 204.39999999999998 1.5999999999999561
    vertex 89.41411047216404 204.34548132206245 4.799999999999887
    vertex 89.0 204.39999999999998 4.799999999999887
  endloop
endfacet
facet normal -0.7933533402912306 0.6087614290087265 -5.480726803624966e-16
  outer loop
    vertex 3.9313708498984745 285.8686291501015 4.799999999999846
    vertex 4.1856406460551 286.19999999999993 1.5999999999999266
    vertex 3.9313708498984745 285.86862915010147 1.5999999999999266
  endloop
endfacet
facet normal -0.7933533402912306 0.6087614290087265 -5.480726803624966e-16
  outer loop
    vertex 4.1856406460551 286.19999999999993 1.5999999999999266
    vertex 3.9313708498984745 285.8686291501015 4.799999999999846
    vertex 4.1856406460551 286.2 4.799999999999846
  endloop
endfacet
facet normal 0.7933533402912356 -0.60876142900872 2.4362154291858283e-16
  outer loop
    vertex 87.86862915010153 203.93137084989846 1.5999999999999561
    vertex 87.6143593539449 203.6 4.799999999999888
    vertex 87.6143593539449 203.6 1.5999999999999577
  endloop
endfacet
facet normal 0.7933533402912356 -0.60876142900872 2.4362154291858283e-16
  outer loop
    vertex 87.6143593539449 203.6 4.799999999999888
    vertex 87.86862915010153 203.93137084989846 1.5999999999999561
    vertex 87.86862915010153 203.93137084989846 4.799999999999887
  endloop
endfacet
facet normal -0.9238795325112881 -0.3826834323650867 2.4362154291858155e-16
  outer loop
    vertex 90.38564064605511 203.6 4.799999999999888
    vertex 90.54548132206251 203.214110472164 1.5999999999999561
    vertex 90.54548132206251 203.214110472164 4.799999999999877
  endloop
endfacet
facet normal -0.9238795325112881 -0.3826834323650867 2.4362154291858155e-16
  outer loop
    vertex 90.54548132206251 203.214110472164 1.5999999999999561
    vertex 90.38564064605511 203.6 4.799999999999888
    vertex 90.38564064605511 203.6 1.5999999999999577
  endloop
endfacet
facet normal 1.3031368093149254e-31 -4.299977689433773e-16 -1.0
  outer loop
    vertex -0.4358515180683802 203.66704380109343 1.599999999999952
    vertex -0.4358515180683802 201.9329561989065 1.5999999999999506
    vertex -0.5500000000000012 202.79999999999995 1.599999999999962
  endloop
endfacet
facet normal 1.3031368093149254e-31 -4.299977689433773e-16 -1.0
  outer loop
    vertex -0.4358515180683802 201.9329561989065 1.5999999999999506
    vertex -0.4358515180683802 203.66704380109343 1.599999999999952
    vertex -0.1011851026778717 204.47499999999997 1.5999999999999421
  endloop
endfacet
facet normal 1.3031368093149254e-31 -4.299977689433773e-16 -1.0
  outer loop
    vertex -0.4358515180683802 201.9329561989065 1.5999999999999506
    vertex -0.1011851026778717 204.47499999999997 1.5999999999999421
    vertex -0.101185102677871 201.12499999999997 1.599999999999962
  endloop
endfacet
facet normal 1.3031368093149254e-31 -4.299977689433773e-16 -1.0
  outer loop
    vertex -0.101185102677871 201.12499999999997 1.599999999999962
    vertex -0.1011851026778717 204.47499999999997 1.5999999999999421
    vertex 0.43119228302506235 205.1688077169749 1.599999999999949
  endloop
endfacet
facet normal 1.3031368093149254e-31 -4.299977689433773e-16 -1.0
  outer loop
    vertex -0.101185102677871 201.12499999999997 1.599999999999962
    vertex 0.43119228302506235 205.1688077169749 1.599999999999949
    vertex 0.4311922830250638 200.431192283025 1.5999999999999506
  endloop
endfacet
facet normal 1.3031368093149254e-31 -4.299977689433773e-16 -1.0
  outer loop
    vertex 0.4311922830250638 200.431192283025 1.5999999999999506
    vertex 0.43119228302506235 205.1688077169749 1.599999999999949
    vertex 1.1249999999999951 205.70118510267784 1.5999999999999506
  endloop
endfacet
facet normal 1.3031368093149254e-31 -4.299977689433773e-16 -1.0
  outer loop
    vertex 0.4311922830250638 200.431192283025 1.5999999999999506
    vertex 1.1249999999999951 205.70118510267784 1.5999999999999506
    vertex 1.124999999999998 199.8988148973221 1.599999999999962
  endloop
endfacet
facet normal 1.3031368093149254e-31 -4.299977689433773e-16 -1.0
  outer loop
    vertex 1.124999999999998 199.8988148973221 1.599999999999962
    vertex 1.1249999999999951 205.70118510267784 1.5999999999999506
    vertex 1.1999999999999993 202.79999999999995 1.599999999999962
  endloop
endfacet
facet normal 1.3031368093149254e-31 -4.299977689433773e-16 -1.0
  outer loop
    vertex 1.1999999999999993 202.79999999999995 1.599999999999962
    vertex 1.1249999999999951 205.70118510267784 1.5999999999999506
    vertex 1.2545186779374895 203.214110472164 1.5999999999999506
  endloop
endfacet
facet normal 1.3031368093149254e-31 -4.299977689433773e-16 -1.0
  outer loop
    vertex 1.2545186779374895 203.214110472164 1.5999999999999506
    vertex 1.1249999999999951 205.70118510267784 1.5999999999999506
    vertex 1.9329561989065496 206.03585151806834 1.5999999999999506
  endloop
endfacet
facet normal 1.3031368093149254e-31 -4.299977689433773e-16 -1.0
  outer loop
    vertex 1.2545186779374895 203.214110472164 1.5999999999999506
    vertex 1.9329561989065496 206.03585151806834 1.5999999999999506
    vertex 1.4143593539448969 203.6 1.5999999999999632
  endloop
endfacet
facet normal 1.3031368093149254e-31 -4.299977689433773e-16 -1.0
  outer loop
    vertex 1.4143593539448969 203.6 1.5999999999999632
    vertex 1.9329561989065496 206.03585151806834 1.5999999999999506
    vertex 1.668629150101523 203.93137084989846 1.5999999999999506
  endloop
endfacet
facet normal 1.3031368093149254e-31 -4.299977689433773e-16 -1.0
  outer loop
    vertex 1.668629150101523 203.93137084989846 1.5999999999999506
    vertex 1.9329561989065496 206.03585151806834 1.5999999999999506
    vertex 1.9999999999999991 204.18564064605508 1.5999999999999506
  endloop
endfacet
facet normal 1.3031368093149254e-31 -4.299977689433773e-16 -1.0
  outer loop
    vertex 1.9999999999999991 204.18564064605508 1.5999999999999506
    vertex 1.9329561989065496 206.03585151806834 1.5999999999999506
    vertex 2.8 206.14999999999995 1.5999999999999506
  endloop
endfacet
facet normal 1.3031368093149254e-31 -4.299977689433773e-16 -1.0
  outer loop
    vertex 1.9999999999999991 204.18564064605508 1.5999999999999506
    vertex 2.8 206.14999999999995 1.5999999999999506
    vertex 2.385889527835965 204.34548132206245 1.5999999999999506
  endloop
endfacet
facet normal 1.3031368093149254e-31 -4.299977689433773e-16 -1.0
  outer loop
    vertex 2.385889527835965 204.34548132206245 1.5999999999999506
    vertex 2.8 206.14999999999995 1.5999999999999506
    vertex 2.8 204.39999999999998 1.5999999999999506
  endloop
endfacet
facet normal 1.3031368093149254e-31 -4.299977689433773e-16 -1.0
  outer loop
    vertex 2.8 204.39999999999998 1.5999999999999506
    vertex 2.8 206.14999999999995 1.5999999999999506
    vertex 3.6670438010934445 206.03585151806834 1.5999999999999506
  endloop
endfacet
facet normal 1.3031368093149254e-31 -4.299977689433773e-16 -1.0
  outer loop
    vertex 2.8 204.39999999999998 1.5999999999999506
    vertex 3.6670438010934445 206.03585151806834 1.5999999999999506
    vertex 3.2141104721640326 204.34548132206245 1.5999999999999506
  endloop
endfacet
facet normal 1.3031368093149254e-31 -4.299977689433773e-16 -1.0
  outer loop
    vertex 3.2141104721640326 204.34548132206245 1.5999999999999506
    vertex 3.6670438010934445 206.03585151806834 1.5999999999999506
    vertex 3.599999999999999 204.18564064605508 1.5999999999999506
  endloop
endfacet
facet normal 1.3031368093149254e-31 -4.299977689433773e-16 -1.0
  outer loop
    vertex 3.599999999999999 204.18564064605508 1.5999999999999506
    vertex 3.6670438010934445 206.03585151806834 1.5999999999999506
    vertex 3.931370849898476 203.93137084989846 1.5999999999999506
  endloop
endfacet
facet normal 1.3031368093149254e-31 -4.299977689433773e-16 -1.0
  outer loop
    vertex 3.931370849898476 203.93137084989846 1.5999999999999506
    vertex 3.6670438010934445 206.03585151806834 1.5999999999999506
    vertex 4.4750000000000005 205.70118510267784 1.5999999999999506
  endloop
endfacet
facet normal 1.3031368093149254e-31 -4.299977689433773e-16 -1.0
  outer loop
    vertex 3.931370849898476 203.93137084989846 1.5999999999999506
    vertex 4.4750000000000005 205.70118510267784 1.5999999999999506
    vertex 4.185640646055102 203.6 1.599999999999952
  endloop
endfacet
facet normal 1.3031368093149254e-31 -4.299977689433773e-16 -1.0
  outer loop
    vertex 4.185640646055102 203.6 1.599999999999952
    vertex 4.4750000000000005 205.70118510267784 1.5999999999999506
    vertex 4.3454813220625095 203.214110472164 1.5999999999999506
  endloop
endfacet
facet normal 1.3031368093149254e-31 -4.299977689433773e-16 -1.0
  outer loop
    vertex 4.3454813220625095 203.214110472164 1.5999999999999506
    vertex 4.4750000000000005 205.70118510267784 1.5999999999999506
    vertex 4.4 202.79999999999995 1.599999999999962
  endloop
endfacet
facet normal 1.3031368093149254e-31 -4.299977689433773e-16 -1.0
  outer loop
    vertex 1.124999999999998 199.8988148973221 1.599999999999962
    vertex 1.2545186779374904 202.38588952783593 1.5999999999999603
    vertex 1.9329561989065538 199.56414848193157 1.5999999999999603
  endloop
endfacet
facet normal 1.3031368093149254e-31 -4.299977689433773e-16 -1.0
  outer loop
    vertex 1.2545186779374904 202.38588952783593 1.5999999999999603
    vertex 1.124999999999998 199.8988148973221 1.599999999999962
    vertex 1.1999999999999993 202.79999999999995 1.599999999999962
  endloop
endfacet
facet normal 1.3031368093149254e-31 -4.299977689433773e-16 -1.0
  outer loop
    vertex 1.9329561989065538 199.56414848193157 1.5999999999999603
    vertex 1.2545186779374904 202.38588952783593 1.5999999999999603
    vertex 1.4143593539448975 201.99999999999997 1.5999999999999506
  endloop
endfacet
facet normal 1.3031368093149254e-31 -4.299977689433773e-16 -1.0
  outer loop
    vertex 1.9329561989065538 199.56414848193157 1.5999999999999603
    vertex 1.4143593539448975 201.99999999999997 1.5999999999999506
    vertex 1.6686291501015236 201.6686291501015 1.5999999999999535
  endloop
endfacet
facet normal 1.3031368093149254e-31 -4.299977689433773e-16 -1.0
  outer loop
    vertex 1.9329561989065538 199.56414848193157 1.5999999999999603
    vertex 1.6686291501015236 201.6686291501015 1.5999999999999535
    vertex 1.9999999999999998 201.41435935394486 1.599999999999962
  endloop
endfacet
facet normal 1.3031368093149254e-31 -4.299977689433773e-16 -1.0
  outer loop
    vertex 1.9329561989065538 199.56414848193157 1.5999999999999603
    vertex 1.9999999999999998 201.41435935394486 1.599999999999962
    vertex 2.799999999999999 199.44999999999996 1.599999999999962
  endloop
endfacet
facet normal 1.3031368093149254e-31 -4.299977689433773e-16 -1.0
  outer loop
    vertex 2.799999999999999 199.44999999999996 1.599999999999962
    vertex 1.9999999999999998 201.41435935394486 1.599999999999962
    vertex 2.385889527835967 201.25451867793745 1.599999999999962
  endloop
endfacet
facet normal 1.3031368093149254e-31 -4.299977689433773e-16 -1.0
  outer loop
    vertex 2.799999999999999 199.44999999999996 1.599999999999962
    vertex 2.385889527835967 201.25451867793745 1.599999999999962
    vertex 2.8000000000000007 201.19999999999996 1.599999999999962
  endloop
endfacet
facet normal 1.3031368093149254e-31 -4.299977689433773e-16 -1.0
  outer loop
    vertex 2.799999999999999 199.44999999999996 1.599999999999962
    vertex 2.8000000000000007 201.19999999999996 1.599999999999962
    vertex 3.667043801093443 199.56414848193157 1.5999999999999603
  endloop
endfacet
facet normal 1.3031368093149254e-31 -4.299977689433773e-16 -1.0
  outer loop
    vertex 3.667043801093443 199.56414848193157 1.5999999999999603
    vertex 2.8000000000000007 201.19999999999996 1.599999999999962
    vertex 3.214110472164034 201.25451867793745 1.599999999999962
  endloop
endfacet
facet normal 1.3031368093149254e-31 -4.299977689433773e-16 -1.0
  outer loop
    vertex 3.667043801093443 199.56414848193157 1.5999999999999603
    vertex 3.214110472164034 201.25451867793745 1.599999999999962
    vertex 3.6000000000000005 201.41435935394486 1.599999999999962
  endloop
endfacet
facet normal 1.3031368093149254e-31 -4.299977689433773e-16 -1.0
  outer loop
    vertex 3.667043801093443 199.56414848193157 1.5999999999999603
    vertex 3.6000000000000005 201.41435935394486 1.599999999999962
    vertex 3.931370849898476 201.6686291501015 1.5999999999999535
  endloop
endfacet
facet normal 1.3031368093149254e-31 -4.299977689433773e-16 -1.0
  outer loop
    vertex 3.667043801093443 199.56414848193157 1.5999999999999603
    vertex 3.931370849898476 201.6686291501015 1.5999999999999535
    vertex 4.4750000000000005 199.8988148973221 1.599999999999962
  endloop
endfacet
facet normal 1.3031368093149254e-31 -4.299977689433773e-16 -1.0
  outer loop
    vertex 4.4750000000000005 199.8988148973221 1.599999999999962
    vertex 3.931370849898476 201.6686291501015 1.5999999999999535
    vertex 4.185640646055102 201.99999999999997 1.5999999999999506
  endloop
endfacet
facet normal 1.3031368093149254e-31 -4.299977689433773e-16 -1.0
  outer loop
    vertex 4.4750000000000005 199.8988148973221 1.599999999999962
    vertex 4.185640646055102 201.99999999999997 1.5999999999999506
    vertex 4.3454813220625095 202.38588952783593 1.5999999999999603
  endloop
endfacet
facet normal 1.3031368093149254e-31 -4.299977689433773e-16 -1.0
  outer loop
    vertex 4.4750000000000005 199.8988148973221 1.599999999999962
    vertex 4.3454813220625095 202.38588952783593 1.5999999999999603
    vertex 4.4 202.79999999999995 1.599999999999962
  endloop
endfacet
facet normal 1.3031368093149254e-31 -4.299977689433773e-16 -1.0
  outer loop
    vertex 4.4750000000000005 199.8988148973221 1.599999999999962
    vertex 4.4 202.79999999999995 1.599999999999962
    vertex 4.4750000000000005 205.70118510267784 1.5999999999999506
  endloop
endfacet
facet normal 1.3031368093149254e-31 -4.299977689433773e-16 -1.0
  outer loop
    vertex 4.4750000000000005 199.8988148973221 1.599999999999962
    vertex 4.4750000000000005 205.70118510267784 1.5999999999999506
    vertex 5.168807716974935 205.1688077169749 1.599999999999949
  endloop
endfacet
facet normal 1.3031368093149254e-31 -4.299977689433773e-16 -1.0
  outer loop
    vertex 4.4750000000000005 199.8988148973221 1.599999999999962
    vertex 5.168807716974935 205.1688077169749 1.599999999999949
    vertex 5.168807716974935 200.431192283025 1.5999999999999506
  endloop
endfacet
facet normal 1.3031368093149254e-31 -4.299977689433773e-16 -1.0
  outer loop
    vertex 5.168807716974935 200.431192283025 1.5999999999999506
    vertex 5.168807716974935 205.1688077169749 1.599999999999949
    vertex 5.70118510267787 204.47499999999997 1.5999999999999421
  endloop
endfacet
facet normal 1.3031368093149254e-31 -4.299977689433773e-16 -1.0
  outer loop
    vertex 5.168807716974935 200.431192283025 1.5999999999999506
    vertex 5.70118510267787 204.47499999999997 1.5999999999999421
    vertex 5.70118510267787 201.12499999999997 1.599999999999962
  endloop
endfacet
facet normal 1.3031368093149254e-31 -4.299977689433773e-16 -1.0
  outer loop
    vertex 5.70118510267787 201.12499999999997 1.599999999999962
    vertex 5.70118510267787 204.47499999999997 1.5999999999999421
    vertex 6.035851518068379 203.66704380109343 1.599999999999952
  endloop
endfacet
facet normal 1.3031368093149254e-31 -4.299977689433773e-16 -1.0
  outer loop
    vertex 5.70118510267787 201.12499999999997 1.599999999999962
    vertex 6.035851518068379 203.66704380109343 1.599999999999952
    vertex 6.035851518068379 201.9329561989065 1.5999999999999506
  endloop
endfacet
facet normal 1.3031368093149254e-31 -4.299977689433773e-16 -1.0
  outer loop
    vertex 6.035851518068379 201.9329561989065 1.5999999999999506
    vertex 6.035851518068379 203.66704380109343 1.599999999999952
    vertex 6.150000000000001 202.79999999999995 1.599999999999962
  endloop
endfacet
facet normal -0.3826834323650903 0.9238795325112865 -4.2196489015330764e-16
  outer loop
    vertex 89.41411047216404 201.25451867793745 4.799999999999888
    vertex 89.80000000000001 201.41435935394486 1.5999999999999561
    vertex 89.41411047216404 201.25451867793745 1.5999999999999561
  endloop
endfacet
facet normal -0.3826834323650903 0.9238795325112865 -4.2196489015330764e-16
  outer loop
    vertex 89.80000000000001 201.41435935394486 1.5999999999999561
    vertex 89.41411047216404 201.25451867793745 4.799999999999888
    vertex 89.80000000000001 201.41435935394486 4.799999999999888
  endloop
endfacet
facet normal 0.7933533402912306 -0.6087614290087265 2.4362154291858727e-16
  outer loop
    vertex 87.86862915010154 288.1313708498984 1.599999999999897
    vertex 87.6143593539449 287.79999999999995 4.799999999999846
    vertex 87.6143593539449 287.79999999999995 1.5999999999998997
  endloop
endfacet
facet normal 0.7933533402912306 -0.6087614290087265 2.4362154291858727e-16
  outer loop
    vertex 87.6143593539449 287.79999999999995 4.799999999999846
    vertex 87.86862915010154 288.1313708498984 1.599999999999897
    vertex 87.86862915010154 288.1313708498984 4.799999999999835
  endloop
endfacet
facet normal -0.9914448613738125 -0.13052619222003556 1.2610779020917317e-16
  outer loop
    vertex 90.54548132206251 203.214110472164 4.799999999999877
    vertex 90.60000000000001 202.79999999999995 1.5999999999999561
    vertex 90.60000000000001 202.79999999999995 4.799999999999888
  endloop
endfacet
facet normal -0.9914448613738125 -0.13052619222003556 1.2610779020917317e-16
  outer loop
    vertex 90.60000000000001 202.79999999999995 1.5999999999999561
    vertex 90.54548132206251 203.214110472164 4.799999999999877
    vertex 90.54548132206251 203.214110472164 1.5999999999999561
  endloop
endfacet
facet normal 0.9238795325112878 0.38268343236508695 -2.436215429185821e-16
  outer loop
    vertex 87.4545186779375 202.38588952783593 1.5999999999999548
    vertex 87.6143593539449 201.99999999999997 4.799999999999878
    vertex 87.6143593539449 201.99999999999997 1.5999999999999561
  endloop
endfacet
facet normal 0.9238795325112878 0.38268343236508695 -2.436215429185821e-16
  outer loop
    vertex 87.6143593539449 201.99999999999997 4.799999999999878
    vertex 87.4545186779375 202.38588952783593 1.5999999999999548
    vertex 87.4545186779375 202.38588952783593 4.799999999999888
  endloop
endfacet
facet normal 0.6087614290087265 0.7933533402912306 -4.219648901533078e-16
  outer loop
    vertex 87.86862915010154 285.8686291501015 4.799999999999846
    vertex 88.2 285.6143593539449 1.5999999999998997
    vertex 87.86862915010154 285.8686291501015 1.5999999999998984
  endloop
endfacet
facet normal 0.6087614290087265 0.7933533402912306 -4.219648901533078e-16
  outer loop
    vertex 88.2 285.6143593539449 1.5999999999998997
    vertex 87.86862915010154 285.8686291501015 4.799999999999846
    vertex 88.2 285.6143593539449 4.799999999999846
  endloop
endfacet
facet normal 0.991444861373809 0.1305261922200628 -1.2610779020918678e-16
  outer loop
    vertex 87.4 286.99999999999994 1.5999999999998997
    vertex 87.4545186779375 286.5858895278359 4.799999999999835
    vertex 87.4545186779375 286.5858895278359 1.5999999999998913
  endloop
endfacet
facet normal 0.991444861373809 0.1305261922200628 -1.2610779020918678e-16
  outer loop
    vertex 87.4545186779375 286.5858895278359 4.799999999999835
    vertex 87.4 286.99999999999994 1.5999999999998997
    vertex 87.4 286.99999999999994 4.799999999999846
  endloop
endfacet
facet normal -0.38268343236508956 -0.9238795325112867 4.706406802909001e-16
  outer loop
    vertex 89.80000000000001 204.18564064605508 4.799999999999887
    vertex 89.41411047216404 204.34548132206245 1.5999999999999561
    vertex 89.80000000000001 204.18564064605508 1.5999999999999561
  endloop
endfacet
facet normal -0.38268343236508956 -0.9238795325112867 4.706406802909001e-16
  outer loop
    vertex 89.41411047216404 204.34548132206245 1.5999999999999561
    vertex 89.80000000000001 204.18564064605508 4.799999999999887
    vertex 89.41411047216404 204.34548132206245 4.799999999999887
  endloop
endfacet
facet normal 0.13052619222005282 -0.9914448613738104 4.706406802909e-16
  outer loop
    vertex 89.0 204.39999999999998 4.799999999999887
    vertex 88.58588952783597 204.34548132206245 1.5999999999999561
    vertex 89.0 204.39999999999998 1.5999999999999561
  endloop
endfacet
facet normal 0.13052619222005282 -0.9914448613738104 4.706406802909e-16
  outer loop
    vertex 88.58588952783597 204.34548132206245 1.5999999999999561
    vertex 89.0 204.39999999999998 4.799999999999887
    vertex 88.58588952783597 204.34548132206245 4.799999999999887
  endloop
endfacet
facet normal -0.9914448613738125 0.13052619222003578 7.642090019328552e-30
  outer loop
    vertex 90.60000000000001 202.79999999999995 4.799999999999888
    vertex 90.54548132206251 202.38588952783593 1.5999999999999548
    vertex 90.54548132206251 202.38588952783593 4.799999999999888
  endloop
endfacet
facet normal -0.9914448613738125 0.13052619222003578 7.642090019328552e-30
  outer loop
    vertex 90.54548132206251 202.38588952783593 1.5999999999999548
    vertex 90.60000000000001 202.79999999999995 4.799999999999888
    vertex 90.60000000000001 202.79999999999995 1.5999999999999561
  endloop
endfacet
facet normal 0.9238795325112881 0.3826834323650867 -2.436215429185828e-16
  outer loop
    vertex 87.4545186779375 286.5858895278359 1.5999999999998913
    vertex 87.6143593539449 286.2 4.799999999999846
    vertex 87.6143593539449 286.2 1.5999999999998997
  endloop
endfacet
facet normal 0.9238795325112881 0.3826834323650867 -2.436215429185828e-16
  outer loop
    vertex 87.6143593539449 286.2 4.799999999999846
    vertex 87.4545186779375 286.5858895278359 1.5999999999998913
    vertex 87.4545186779375 286.5858895278359 4.799999999999835
  endloop
endfacet
facet normal 1.1129161195413955e-16 -4.1534595026908773e-16 -1.0
  outer loop
    vertex 85.76414848193163 203.66704380109343 1.5999999999999577
    vertex 85.76414848193163 201.9329561989065 1.5999999999999561
    vertex 85.65 202.79999999999995 1.5999999999999561
  endloop
endfacet
facet normal 1.1129161195413955e-16 -4.1534595026908773e-16 -1.0
  outer loop
    vertex 85.76414848193163 201.9329561989065 1.5999999999999561
    vertex 85.76414848193163 203.66704380109343 1.5999999999999577
    vertex 86.09881489732214 204.47499999999997 1.5999999999999477
  endloop
endfacet
facet normal 1.1129161195413955e-16 -4.1534595026908773e-16 -1.0
  outer loop
    vertex 85.76414848193163 201.9329561989065 1.5999999999999561
    vertex 86.09881489732214 204.47499999999997 1.5999999999999477
    vertex 86.09881489732214 201.12499999999997 1.5999999999999561
  endloop
endfacet
facet normal 1.1129161195413955e-16 -4.1534595026908773e-16 -1.0
  outer loop
    vertex 86.09881489732214 201.12499999999997 1.5999999999999561
    vertex 86.09881489732214 204.47499999999997 1.5999999999999477
    vertex 86.63119228302507 205.1688077169749 1.5999999999999548
  endloop
endfacet
facet normal 1.1129161195413955e-16 -4.1534595026908773e-16 -1.0
  outer loop
    vertex 86.09881489732214 201.12499999999997 1.5999999999999561
    vertex 86.63119228302507 205.1688077169749 1.5999999999999548
    vertex 86.63119228302507 200.431192283025 1.5999999999999561
  endloop
endfacet
facet normal 1.1129161195413955e-16 -4.1534595026908773e-16 -1.0
  outer loop
    vertex 86.63119228302507 200.431192283025 1.5999999999999561
    vertex 86.63119228302507 205.1688077169749 1.5999999999999548
    vertex 87.325 205.70118510267784 1.5999999999999561
  endloop
endfacet
facet normal 1.1129161195413955e-16 -4.1534595026908773e-16 -1.0
  outer loop
    vertex 86.63119228302507 200.431192283025 1.5999999999999561
    vertex 87.325 205.70118510267784 1.5999999999999561
    vertex 87.32500000000002 199.8988148973221 1.5999999999999561
  endloop
endfacet
facet normal 1.1129161195413955e-16 -4.1534595026908773e-16 -1.0
  outer loop
    vertex 87.32500000000002 199.8988148973221 1.5999999999999561
    vertex 87.325 205.70118510267784 1.5999999999999561
    vertex 87.4 202.79999999999995 1.5999999999999561
  endloop
endfacet
facet normal 1.1129161195413955e-16 -4.1534595026908773e-16 -1.0
  outer loop
    vertex 87.4 202.79999999999995 1.5999999999999561
    vertex 87.325 205.70118510267784 1.5999999999999561
    vertex 87.4545186779375 203.214110472164 1.5999999999999561
  endloop
endfacet
facet normal 1.1129161195413955e-16 -4.1534595026908773e-16 -1.0
  outer loop
    vertex 87.4545186779375 203.214110472164 1.5999999999999561
    vertex 87.325 205.70118510267784 1.5999999999999561
    vertex 88.13295619890656 206.03585151806834 1.5999999999999561
  endloop
endfacet
facet normal 1.1129161195413955e-16 -4.1534595026908773e-16 -1.0
  outer loop
    vertex 87.4545186779375 203.214110472164 1.5999999999999561
    vertex 88.13295619890656 206.03585151806834 1.5999999999999561
    vertex 87.6143593539449 203.6 1.5999999999999577
  endloop
endfacet
facet normal 1.1129161195413955e-16 -4.1534595026908773e-16 -1.0
  outer loop
    vertex 87.6143593539449 203.6 1.5999999999999577
    vertex 88.13295619890656 206.03585151806834 1.5999999999999561
    vertex 87.86862915010153 203.93137084989846 1.5999999999999561
  endloop
endfacet
facet normal 1.1129161195413955e-16 -4.1534595026908773e-16 -1.0
  outer loop
    vertex 87.86862915010153 203.93137084989846 1.5999999999999561
    vertex 88.13295619890656 206.03585151806834 1.5999999999999561
    vertex 88.2 204.18564064605508 1.5999999999999561
  endloop
endfacet
facet normal 1.1129161195413955e-16 -4.1534595026908773e-16 -1.0
  outer loop
    vertex 88.2 204.18564064605508 1.5999999999999561
    vertex 88.13295619890656 206.03585151806834 1.5999999999999561
    vertex 89.0 206.14999999999995 1.5999999999999561
  endloop
endfacet
facet normal 1.1129161195413955e-16 -4.1534595026908773e-16 -1.0
  outer loop
    vertex 88.2 204.18564064605508 1.5999999999999561
    vertex 89.0 206.14999999999995 1.5999999999999561
    vertex 88.58588952783597 204.34548132206245 1.5999999999999561
  endloop
endfacet
facet normal 1.1129161195413955e-16 -4.1534595026908773e-16 -1.0
  outer loop
    vertex 88.58588952783597 204.34548132206245 1.5999999999999561
    vertex 89.0 206.14999999999995 1.5999999999999561
    vertex 89.0 204.39999999999998 1.5999999999999561
  endloop
endfacet
facet normal 1.1129161195413955e-16 -4.1534595026908773e-16 -1.0
  outer loop
    vertex 89.0 204.39999999999998 1.5999999999999561
    vertex 89.0 206.14999999999995 1.5999999999999561
    vertex 89.86704380109344 206.03585151806834 1.5999999999999561
  endloop
endfacet
facet normal 1.1129161195413955e-16 -4.1534595026908773e-16 -1.0
  outer loop
    vertex 89.0 204.39999999999998 1.5999999999999561
    vertex 89.86704380109344 206.03585151806834 1.5999999999999561
    vertex 89.41411047216404 204.34548132206245 1.5999999999999561
  endloop
endfacet
facet normal 1.1129161195413955e-16 -4.1534595026908773e-16 -1.0
  outer loop
    vertex 89.41411047216404 204.34548132206245 1.5999999999999561
    vertex 89.86704380109344 206.03585151806834 1.5999999999999561
    vertex 89.80000000000001 204.18564064605508 1.5999999999999561
  endloop
endfacet
facet normal 1.1129161195413955e-16 -4.1534595026908773e-16 -1.0
  outer loop
    vertex 89.80000000000001 204.18564064605508 1.5999999999999561
    vertex 89.86704380109344 206.03585151806834 1.5999999999999561
    vertex 90.13137084989849 203.93137084989846 1.5999999999999561
  endloop
endfacet
facet normal 1.1129161195413955e-16 -4.1534595026908773e-16 -1.0
  outer loop
    vertex 90.13137084989849 203.93137084989846 1.5999999999999561
    vertex 89.86704380109344 206.03585151806834 1.5999999999999561
    vertex 90.675 205.70118510267784 1.5999999999999561
  endloop
endfacet
facet normal 1.1129161195413955e-16 -4.1534595026908773e-16 -1.0
  outer loop
    vertex 90.13137084989849 203.93137084989846 1.5999999999999561
    vertex 90.675 205.70118510267784 1.5999999999999561
    vertex 90.38564064605511 203.6 1.5999999999999577
  endloop
endfacet
facet normal 1.1129161195413955e-16 -4.1534595026908773e-16 -1.0
  outer loop
    vertex 90.38564064605511 203.6 1.5999999999999577
    vertex 90.675 205.70118510267784 1.5999999999999561
    vertex 90.54548132206251 203.214110472164 1.5999999999999561
  endloop
endfacet
facet normal 1.1129161195413955e-16 -4.1534595026908773e-16 -1.0
  outer loop
    vertex 90.54548132206251 203.214110472164 1.5999999999999561
    vertex 90.675 205.70118510267784 1.5999999999999561
    vertex 90.60000000000001 202.79999999999995 1.5999999999999561
  endloop
endfacet
facet normal 1.1129161195413955e-16 -4.1534595026908773e-16 -1.0
  outer loop
    vertex 87.32500000000002 199.8988148973221 1.5999999999999561
    vertex 87.4545186779375 202.38588952783593 1.5999999999999548
    vertex 88.13295619890657 199.56414848193157 1.5999999999999548
  endloop
endfacet
facet normal 1.1129161195413955e-16 -4.1534595026908773e-16 -1.0
  outer loop
    vertex 87.4545186779375 202.38588952783593 1.5999999999999548
    vertex 87.32500000000002 199.8988148973221 1.5999999999999561
    vertex 87.4 202.79999999999995 1.5999999999999561
  endloop
endfacet
facet normal 1.1129161195413955e-16 -4.1534595026908773e-16 -1.0
  outer loop
    vertex 88.13295619890657 199.56414848193157 1.5999999999999548
    vertex 87.4545186779375 202.38588952783593 1.5999999999999548
    vertex 87.6143593539449 201.99999999999997 1.5999999999999561
  endloop
endfacet
facet normal 1.1129161195413955e-16 -4.1534595026908773e-16 -1.0
  outer loop
    vertex 88.13295619890657 199.56414848193157 1.5999999999999548
    vertex 87.6143593539449 201.99999999999997 1.5999999999999561
    vertex 87.86862915010153 201.6686291501015 1.5999999999999477
  endloop
endfacet
facet normal 1.1129161195413955e-16 -4.1534595026908773e-16 -1.0
  outer loop
    vertex 88.13295619890657 199.56414848193157 1.5999999999999548
    vertex 87.86862915010153 201.6686291501015 1.5999999999999477
    vertex 88.2 201.41435935394486 1.5999999999999561
  endloop
endfacet
facet normal 1.1129161195413955e-16 -4.1534595026908773e-16 -1.0
  outer loop
    vertex 88.13295619890657 199.56414848193157 1.5999999999999548
    vertex 88.2 201.41435935394486 1.5999999999999561
    vertex 89.0 199.45 1.5999999999999561
  endloop
endfacet
facet normal 1.1129161195413955e-16 -4.1534595026908773e-16 -1.0
  outer loop
    vertex 89.0 199.45 1.5999999999999561
    vertex 88.2 201.41435935394486 1.5999999999999561
    vertex 88.58588952783597 201.25451867793745 1.5999999999999561
  endloop
endfacet
facet normal 1.1129161195413955e-16 -4.1534595026908773e-16 -1.0
  outer loop
    vertex 89.0 199.45 1.5999999999999561
    vertex 88.58588952783597 201.25451867793745 1.5999999999999561
    vertex 89.0 201.19999999999996 1.5999999999999561
  endloop
endfacet
facet normal 1.1129161195413955e-16 -4.1534595026908773e-16 -1.0
  outer loop
    vertex 89.0 199.45 1.5999999999999561
    vertex 89.0 201.19999999999996 1.5999999999999561
    vertex 89.41411047216404 201.25451867793745 1.5999999999999561
  endloop
endfacet
facet normal 1.1129161195413955e-16 -4.1534595026908773e-16 -1.0
  outer loop
    vertex 89.0 199.45 1.5999999999999561
    vertex 89.41411047216404 201.25451867793745 1.5999999999999561
    vertex 89.86704380109344 199.56414848193157 1.5999999999999548
  endloop
endfacet
facet normal 1.1129161195413955e-16 -4.1534595026908773e-16 -1.0
  outer loop
    vertex 89.86704380109344 199.56414848193157 1.5999999999999548
    vertex 89.41411047216404 201.25451867793745 1.5999999999999561
    vertex 89.80000000000001 201.41435935394486 1.5999999999999561
  endloop
endfacet
facet normal 1.1129161195413955e-16 -4.1534595026908773e-16 -1.0
  outer loop
    vertex 89.86704380109344 199.56414848193157 1.5999999999999548
    vertex 89.80000000000001 201.41435935394486 1.5999999999999561
    vertex 90.13137084989849 201.6686291501015 1.5999999999999477
  endloop
endfacet
facet normal 1.1129161195413955e-16 -4.1534595026908773e-16 -1.0
  outer loop
    vertex 89.86704380109344 199.56414848193157 1.5999999999999548
    vertex 90.13137084989849 201.6686291501015 1.5999999999999477
    vertex 90.67500000000001 199.8988148973221 1.5999999999999561
  endloop
endfacet
facet normal 1.1129161195413955e-16 -4.1534595026908773e-16 -1.0
  outer loop
    vertex 90.67500000000001 199.8988148973221 1.5999999999999561
    vertex 90.13137084989849 201.6686291501015 1.5999999999999477
    vertex 90.38564064605511 201.99999999999997 1.5999999999999561
  endloop
endfacet
facet normal 1.1129161195413955e-16 -4.1534595026908773e-16 -1.0
  outer loop
    vertex 90.67500000000001 199.8988148973221 1.5999999999999561
    vertex 90.38564064605511 201.99999999999997 1.5999999999999561
    vertex 90.54548132206251 202.38588952783593 1.5999999999999548
  endloop
endfacet
facet normal 1.1129161195413955e-16 -4.1534595026908773e-16 -1.0
  outer loop
    vertex 90.67500000000001 199.8988148973221 1.5999999999999561
    vertex 90.54548132206251 202.38588952783593 1.5999999999999548
    vertex 90.60000000000001 202.79999999999995 1.5999999999999561
  endloop
endfacet
facet normal 1.1129161195413955e-16 -4.1534595026908773e-16 -1.0
  outer loop
    vertex 90.67500000000001 199.8988148973221 1.5999999999999561
    vertex 90.60000000000001 202.79999999999995 1.5999999999999561
    vertex 90.675 205.70118510267784 1.5999999999999561
  endloop
endfacet
facet normal 1.1129161195413955e-16 -4.1534595026908773e-16 -1.0
  outer loop
    vertex 90.67500000000001 199.8988148973221 1.5999999999999561
    vertex 90.675 205.70118510267784 1.5999999999999561
    vertex 91.36880771697494 205.1688077169749 1.5999999999999548
  endloop
endfacet
facet normal 1.1129161195413955e-16 -4.1534595026908773e-16 -1.0
  outer loop
    vertex 90.67500000000001 199.8988148973221 1.5999999999999561
    vertex 91.36880771697494 205.1688077169749 1.5999999999999548
    vertex 91.36880771697494 200.431192283025 1.5999999999999561
  endloop
endfacet
facet normal 1.1129161195413955e-16 -4.1534595026908773e-16 -1.0
  outer loop
    vertex 91.36880771697494 200.431192283025 1.5999999999999561
    vertex 91.36880771697494 205.1688077169749 1.5999999999999548
    vertex 91.90118510267787 204.47499999999997 1.5999999999999477
  endloop
endfacet
facet normal 1.1129161195413955e-16 -4.1534595026908773e-16 -1.0
  outer loop
    vertex 91.36880771697494 200.431192283025 1.5999999999999561
    vertex 91.90118510267787 204.47499999999997 1.5999999999999477
    vertex 91.90118510267787 201.12499999999997 1.5999999999999561
  endloop
endfacet
facet normal 1.1129161195413955e-16 -4.1534595026908773e-16 -1.0
  outer loop
    vertex 91.90118510267787 201.12499999999997 1.5999999999999561
    vertex 91.90118510267787 204.47499999999997 1.5999999999999477
    vertex 92.23585151806839 203.66704380109343 1.5999999999999577
  endloop
endfacet
facet normal 1.1129161195413955e-16 -4.1534595026908773e-16 -1.0
  outer loop
    vertex 91.90118510267787 201.12499999999997 1.5999999999999561
    vertex 92.23585151806839 203.66704380109343 1.5999999999999577
    vertex 92.23585151806839 201.9329561989065 1.5999999999999561
  endloop
endfacet
facet normal 1.1129161195413955e-16 -4.1534595026908773e-16 -1.0
  outer loop
    vertex 92.23585151806839 201.9329561989065 1.5999999999999561
    vertex 92.23585151806839 203.66704380109343 1.5999999999999577
    vertex 92.35 202.79999999999995 1.5999999999999561
  endloop
endfacet
facet normal -0.1305261922200628 0.991444861373809 -4.70640680290901e-16
  outer loop
    vertex 89.0 285.4 4.799999999999836
    vertex 89.41411047216404 285.4545186779375 1.5999999999998984
    vertex 89.0 285.4 1.5999999999998984
  endloop
endfacet
facet normal -0.1305261922200628 0.991444861373809 -4.70640680290901e-16
  outer loop
    vertex 89.41411047216404 285.4545186779375 1.5999999999998984
    vertex 89.0 285.4 4.799999999999836
    vertex 89.41411047216404 285.4545186779375 4.799999999999836
  endloop
endfacet
facet normal 0.991444861373809 -0.1305261922200628 5.509700384903004e-30
  outer loop
    vertex 87.4545186779375 287.414110472164 1.5999999999998997
    vertex 87.4 286.99999999999994 4.799999999999846
    vertex 87.4 286.99999999999994 1.5999999999998997
  endloop
endfacet
facet normal 0.991444861373809 -0.1305261922200628 5.509700384903004e-30
  outer loop
    vertex 87.4 286.99999999999994 4.799999999999846
    vertex 87.4545186779375 287.414110472164 1.5999999999998997
    vertex 87.4545186779375 287.414110472164 4.799999999999846
  endloop
endfacet
facet normal 0.9914448613738125 -0.1305261922200359 -7.592786212752239e-30
  outer loop
    vertex 87.4545186779375 203.214110472164 1.5999999999999561
    vertex 87.4 202.79999999999995 4.799999999999888
    vertex 87.4 202.79999999999995 1.5999999999999561
  endloop
endfacet
facet normal 0.9914448613738125 -0.1305261922200359 -7.592786212752239e-30
  outer loop
    vertex 87.4 202.79999999999995 4.799999999999888
    vertex 87.4545186779375 203.214110472164 1.5999999999999561
    vertex 87.4545186779375 203.214110472164 4.799999999999877
  endloop
endfacet
facet normal 0.0 0.0 1.0
  outer loop
    vertex 86.39200026901952 286.30118857822316 4.799999999999846
    vertex 86.39200026901952 287.6988114217768 4.799999999999846
    vertex 86.30000000000001 286.99999999999994 4.799999999999846
  endloop
endfacet
facet normal 0.0 0.0 1.0
  outer loop
    vertex 86.39200026901952 287.6988114217768 4.799999999999846
    vertex 86.39200026901952 286.30118857822316 4.799999999999846
    vertex 86.66173140978204 285.65 4.799999999999846
  endloop
endfacet
facet normal 0.0 0.0 1.0
  outer loop
    vertex 86.39200026901952 287.6988114217768 4.799999999999846
    vertex 86.66173140978204 285.65 4.799999999999846
    vertex 86.66173140978202 288.34999999999997 4.79999999999984
  endloop
endfacet
facet normal 0.0 0.0 1.0
  outer loop
    vertex 86.66173140978202 288.34999999999997 4.79999999999984
    vertex 86.66173140978204 285.65 4.799999999999846
    vertex 87.09081169079633 288.90918830920367 4.799999999999846
  endloop
endfacet
facet normal 0.0 0.0 1.0
  outer loop
    vertex 87.09081169079633 288.90918830920367 4.799999999999846
    vertex 86.66173140978204 285.65 4.799999999999846
    vertex 87.09081169079633 285.0908116907963 4.799999999999846
  endloop
endfacet
facet normal 0.0 0.0 1.0
  outer loop
    vertex 87.09081169079633 288.90918830920367 4.799999999999846
    vertex 87.09081169079633 285.0908116907963 4.799999999999846
    vertex 87.65 284.661731409782 4.799999999999846
  endloop
endfacet
facet normal 0.0 0.0 1.0
  outer loop
    vertex 87.09081169079633 288.90918830920367 4.799999999999846
    vertex 87.65 284.661731409782 4.799999999999846
    vertex 87.4 286.99999999999994 4.799999999999846
  endloop
endfacet
facet normal 0.0 0.0 1.0
  outer loop
    vertex 87.4 286.99999999999994 4.799999999999846
    vertex 87.65 284.661731409782 4.799999999999846
    vertex 87.4545186779375 286.5858895278359 4.799999999999835
  endloop
endfacet
facet normal 0.0 0.0 1.0
  outer loop
    vertex 87.4545186779375 286.5858895278359 4.799999999999835
    vertex 87.65 284.661731409782 4.799999999999846
    vertex 87.6143593539449 286.2 4.799999999999846
  endloop
endfacet
facet normal 0.0 0.0 1.0
  outer loop
    vertex 87.6143593539449 286.2 4.799999999999846
    vertex 87.65 284.661731409782 4.799999999999846
    vertex 87.86862915010154 285.8686291501015 4.799999999999846
  endloop
endfacet
facet normal 0.0 0.0 1.0
  outer loop
    vertex 87.86862915010154 285.8686291501015 4.799999999999846
    vertex 87.65 284.661731409782 4.799999999999846
    vertex 88.3011885782232 284.3920002690195 4.799999999999846
  endloop
endfacet
facet normal 0.0 0.0 1.0
  outer loop
    vertex 87.86862915010154 285.8686291501015 4.799999999999846
    vertex 88.3011885782232 284.3920002690195 4.799999999999846
    vertex 88.2 285.6143593539449 4.799999999999846
  endloop
endfacet
facet normal 0.0 0.0 1.0
  outer loop
    vertex 88.2 285.6143593539449 4.799999999999846
    vertex 88.3011885782232 284.3920002690195 4.799999999999846
    vertex 88.58588952783597 285.4545186779375 4.799999999999836
  endloop
endfacet
facet normal 0.0 0.0 1.0
  outer loop
    vertex 88.58588952783597 285.4545186779375 4.799999999999836
    vertex 88.3011885782232 284.3920002690195 4.799999999999846
    vertex 89.0 284.29999999999995 4.799999999999846
  endloop
endfacet
facet normal 0.0 0.0 1.0
  outer loop
    vertex 88.58588952783597 285.4545186779375 4.799999999999836
    vertex 89.0 284.29999999999995 4.799999999999846
    vertex 89.0 285.4 4.799999999999836
  endloop
endfacet
facet normal 0.0 0.0 1.0
  outer loop
    vertex 89.0 285.4 4.799999999999836
    vertex 89.0 284.29999999999995 4.799999999999846
    vertex 89.69881142177681 284.3920002690195 4.799999999999846
  endloop
endfacet
facet normal 0.0 0.0 1.0
  outer loop
    vertex 89.0 285.4 4.799999999999836
    vertex 89.69881142177681 284.3920002690195 4.799999999999846
    vertex 89.41411047216404 285.4545186779375 4.799999999999836
  endloop
endfacet
facet normal 0.0 0.0 1.0
  outer loop
    vertex 89.41411047216404 285.4545186779375 4.799999999999836
    vertex 89.69881142177681 284.3920002690195 4.799999999999846
    vertex 89.80000000000001 285.6143593539449 4.799999999999846
  endloop
endfacet
facet normal 0.0 0.0 1.0
  outer loop
    vertex 89.80000000000001 285.6143593539449 4.799999999999846
    vertex 89.69881142177681 284.3920002690195 4.799999999999846
    vertex 90.35000000000001 284.661731409782 4.799999999999846
  endloop
endfacet
facet normal 0.0 0.0 1.0
  outer loop
    vertex 89.80000000000001 285.6143593539449 4.799999999999846
    vertex 90.35000000000001 284.661731409782 4.799999999999846
    vertex 90.13137084989847 285.8686291501015 4.799999999999846
  endloop
endfacet
facet normal 0.0 0.0 1.0
  outer loop
    vertex 90.13137084989847 285.8686291501015 4.799999999999846
    vertex 90.35000000000001 284.661731409782 4.799999999999846
    vertex 90.38564064605511 286.2 4.799999999999846
  endloop
endfacet
facet normal 0.0 0.0 1.0
  outer loop
    vertex 90.38564064605511 286.2 4.799999999999846
    vertex 90.35000000000001 284.661731409782 4.799999999999846
    vertex 90.90918830920369 285.0908116907963 4.799999999999846
  endloop
endfacet
facet normal 0.0 0.0 1.0
  outer loop
    vertex 90.38564064605511 286.2 4.799999999999846
    vertex 90.90918830920369 285.0908116907963 4.799999999999846
    vertex 90.54548132206251 286.5858895278359 4.799999999999835
  endloop
endfacet
facet normal 0.0 0.0 1.0
  outer loop
    vertex 90.54548132206251 286.5858895278359 4.799999999999835
    vertex 90.90918830920369 285.0908116907963 4.799999999999846
    vertex 90.60000000000001 286.99999999999994 4.799999999999846
  endloop
endfacet
facet normal 0.0 0.0 1.0
  outer loop
    vertex 87.4 286.99999999999994 4.799999999999846
    vertex 87.65 289.3382685902179 4.79999999999984
    vertex 87.09081169079633 288.90918830920367 4.799999999999846
  endloop
endfacet
facet normal 0.0 0.0 1.0
  outer loop
    vertex 87.65 289.3382685902179 4.79999999999984
    vertex 87.4 286.99999999999994 4.799999999999846
    vertex 87.4545186779375 287.414110472164 4.799999999999846
  endloop
endfacet
facet normal 0.0 0.0 1.0
  outer loop
    vertex 87.65 289.3382685902179 4.79999999999984
    vertex 87.4545186779375 287.414110472164 4.799999999999846
    vertex 87.6143593539449 287.79999999999995 4.799999999999846
  endloop
endfacet
facet normal 0.0 0.0 1.0
  outer loop
    vertex 87.65 289.3382685902179 4.79999999999984
    vertex 87.6143593539449 287.79999999999995 4.799999999999846
    vertex 87.86862915010154 288.1313708498984 4.799999999999835
  endloop
endfacet
facet normal 0.0 0.0 1.0
  outer loop
    vertex 87.65 289.3382685902179 4.79999999999984
    vertex 87.86862915010154 288.1313708498984 4.799999999999835
    vertex 88.3011885782232 289.60799973098045 4.79999999999984
  endloop
endfacet
facet normal 0.0 0.0 1.0
  outer loop
    vertex 88.3011885782232 289.60799973098045 4.79999999999984
    vertex 87.86862915010154 288.1313708498984 4.799999999999835
    vertex 88.2 288.38564064605504 4.799999999999846
  endloop
endfacet
facet normal 0.0 0.0 1.0
  outer loop
    vertex 88.3011885782232 289.60799973098045 4.79999999999984
    vertex 88.2 288.38564064605504 4.799999999999846
    vertex 88.58588952783597 288.54548132206247 4.799999999999846
  endloop
endfacet
facet normal 0.0 0.0 1.0
  outer loop
    vertex 88.3011885782232 289.60799973098045 4.79999999999984
    vertex 88.58588952783597 288.54548132206247 4.799999999999846
    vertex 89.0 289.7 4.79999999999984
  endloop
endfacet
facet normal 0.0 0.0 1.0
  outer loop
    vertex 89.0 289.7 4.79999999999984
    vertex 88.58588952783597 288.54548132206247 4.799999999999846
    vertex 89.0 288.59999999999997 4.799999999999844
  endloop
endfacet
facet normal 0.0 0.0 1.0
  outer loop
    vertex 89.0 289.7 4.79999999999984
    vertex 89.0 288.59999999999997 4.799999999999844
    vertex 89.41411047216404 288.54548132206247 4.799999999999846
  endloop
endfacet
facet normal 0.0 0.0 1.0
  outer loop
    vertex 89.0 289.7 4.79999999999984
    vertex 89.41411047216404 288.54548132206247 4.799999999999846
    vertex 89.69881142177681 289.60799973098045 4.79999999999984
  endloop
endfacet
facet normal 0.0 0.0 1.0
  outer loop
    vertex 89.69881142177681 289.60799973098045 4.79999999999984
    vertex 89.41411047216404 288.54548132206247 4.799999999999846
    vertex 89.80000000000001 288.38564064605504 4.799999999999846
  endloop
endfacet
facet normal 0.0 0.0 1.0
  outer loop
    vertex 89.69881142177681 289.60799973098045 4.79999999999984
    vertex 89.80000000000001 288.38564064605504 4.799999999999846
    vertex 90.35000000000001 289.3382685902179 4.79999999999984
  endloop
endfacet
facet normal 0.0 0.0 1.0
  outer loop
    vertex 90.35000000000001 289.3382685902179 4.79999999999984
    vertex 89.80000000000001 288.38564064605504 4.799999999999846
    vertex 90.13137084989847 288.1313708498984 4.799999999999835
  endloop
endfacet
facet normal 0.0 0.0 1.0
  outer loop
    vertex 90.35000000000001 289.3382685902179 4.79999999999984
    vertex 90.13137084989847 288.1313708498984 4.799999999999835
    vertex 90.38564064605511 287.79999999999995 4.799999999999844
  endloop
endfacet
facet normal 0.0 0.0 1.0
  outer loop
    vertex 90.35000000000001 289.3382685902179 4.79999999999984
    vertex 90.38564064605511 287.79999999999995 4.799999999999844
    vertex 90.90918830920369 288.90918830920367 4.799999999999846
  endloop
endfacet
facet normal 0.0 0.0 1.0
  outer loop
    vertex 90.90918830920369 288.90918830920367 4.799999999999846
    vertex 90.38564064605511 287.79999999999995 4.799999999999844
    vertex 90.54548132206251 287.414110472164 4.799999999999846
  endloop
endfacet
facet normal 0.0 0.0 1.0
  outer loop
    vertex 90.90918830920369 288.90918830920367 4.799999999999846
    vertex 90.54548132206251 287.414110472164 4.799999999999846
    vertex 90.60000000000001 286.99999999999994 4.799999999999846
  endloop
endfacet
facet normal 0.0 0.0 1.0
  outer loop
    vertex 90.90918830920369 288.90918830920367 4.799999999999846
    vertex 90.60000000000001 286.99999999999994 4.799999999999846
    vertex 90.90918830920369 285.0908116907963 4.799999999999846
  endloop
endfacet
facet normal 0.0 0.0 1.0
  outer loop
    vertex 90.90918830920369 288.90918830920367 4.799999999999846
    vertex 90.90918830920369 285.0908116907963 4.799999999999846
    vertex 91.33826859021798 285.65 4.799999999999846
  endloop
endfacet
facet normal 0.0 0.0 1.0
  outer loop
    vertex 90.90918830920369 288.90918830920367 4.799999999999846
    vertex 91.33826859021798 285.65 4.799999999999846
    vertex 91.33826859021798 288.34999999999997 4.79999999999984
  endloop
endfacet
facet normal 0.0 0.0 1.0
  outer loop
    vertex 91.33826859021798 288.34999999999997 4.79999999999984
    vertex 91.33826859021798 285.65 4.799999999999846
    vertex 91.6079997309805 286.30118857822316 4.799999999999846
  endloop
endfacet
facet normal 0.0 0.0 1.0
  outer loop
    vertex 91.33826859021798 288.34999999999997 4.79999999999984
    vertex 91.6079997309805 286.30118857822316 4.799999999999846
    vertex 91.6079997309805 287.6988114217768 4.799999999999846
  endloop
endfacet
facet normal 0.0 0.0 1.0
  outer loop
    vertex 91.6079997309805 287.6988114217768 4.799999999999846
    vertex 91.6079997309805 286.30118857822316 4.799999999999846
    vertex 91.7 286.99999999999994 4.799999999999846
  endloop
endfacet
facet normal 0.3826834323650867 0.9238795325112881 -4.706406802909027e-16
  outer loop
    vertex 88.2 285.6143593539449 1.5999999999998997
    vertex 88.58588952783597 285.4545186779375 4.799999999999836
    vertex 88.58588952783597 285.4545186779375 1.5999999999998984
  endloop
endfacet
facet normal 0.3826834323650867 0.9238795325112881 -4.706406802909027e-16
  outer loop
    vertex 88.58588952783597 285.4545186779375 4.799999999999836
    vertex 88.2 285.6143593539449 1.5999999999998997
    vertex 88.2 285.6143593539449 4.799999999999846
  endloop
endfacet
facet normal -0.6087614290087136 -0.7933533402912408 4.2196489015330986e-16
  outer loop
    vertex 90.13137084989849 203.93137084989846 4.799999999999887
    vertex 89.80000000000001 204.18564064605508 1.5999999999999561
    vertex 90.13137084989849 203.93137084989846 1.5999999999999561
  endloop
endfacet
facet normal -0.6087614290087136 -0.7933533402912408 4.2196489015330986e-16
  outer loop
    vertex 89.80000000000001 204.18564064605508 1.5999999999999561
    vertex 90.13137084989849 203.93137084989846 4.799999999999887
    vertex 89.80000000000001 204.18564064605508 4.799999999999887
  endloop
endfacet
facet normal 0.7933533402912306 0.6087614290087265 -3.4453289008172335e-16
  outer loop
    vertex 87.6143593539449 286.2 1.5999999999998997
    vertex 87.86862915010154 285.8686291501015 4.799999999999846
    vertex 87.86862915010154 285.8686291501015 1.5999999999998984
  endloop
endfacet
facet normal 0.7933533402912306 0.6087614290087265 -3.4453289008172335e-16
  outer loop
    vertex 87.86862915010154 285.8686291501015 4.799999999999846
    vertex 87.6143593539449 286.2 1.5999999999998997
    vertex 87.6143593539449 286.2 4.799999999999846
  endloop
endfacet
facet normal 1.9308179566750978e-31 -8.30691900538176e-16 -1.0
  outer loop
    vertex -0.4358515180683738 287.86704380109336 1.599999999999928
    vertex -0.4358515180683724 286.13295619890647 1.5999999999999266
    vertex -0.549999999999994 286.99999999999994 1.599999999999928
  endloop
endfacet
facet normal 1.9308179566750978e-31 -8.30691900538176e-16 -1.0
  outer loop
    vertex -0.4358515180683724 286.13295619890647 1.5999999999999266
    vertex -0.4358515180683738 287.86704380109336 1.599999999999928
    vertex -0.10118510267786465 288.6749999999999 1.5999999999999266
  endloop
endfacet
facet normal 1.9308179566750978e-31 -8.30691900538176e-16 -1.0
  outer loop
    vertex -0.4358515180683724 286.13295619890647 1.5999999999999266
    vertex -0.10118510267786465 288.6749999999999 1.5999999999999266
    vertex -0.10118510267786394 285.3249999999999 1.599999999999928
  endloop
endfacet
facet normal 1.9308179566750978e-31 -8.30691900538176e-16 -1.0
  outer loop
    vertex -0.10118510267786394 285.3249999999999 1.599999999999928
    vertex -0.10118510267786465 288.6749999999999 1.5999999999999266
    vertex 0.4311922830250694 289.36880771697486 1.5999999999999195
  endloop
endfacet
facet normal 1.9308179566750978e-31 -8.30691900538176e-16 -1.0
  outer loop
    vertex -0.10118510267786394 285.3249999999999 1.599999999999928
    vertex 0.4311922830250694 289.36880771697486 1.5999999999999195
    vertex 0.4311922830250694 284.63119228302503 1.599999999999928
  endloop
endfacet
facet normal 1.9308179566750978e-31 -8.30691900538176e-16 -1.0
  outer loop
    vertex 0.4311922830250694 284.63119228302503 1.599999999999928
    vertex 0.4311922830250694 289.36880771697486 1.5999999999999195
    vertex 1.1250000000000036 289.9011851026778 1.599999999999928
  endloop
endfacet
facet normal 1.9308179566750978e-31 -8.30691900538176e-16 -1.0
  outer loop
    vertex 0.4311922830250694 284.63119228302503 1.599999999999928
    vertex 1.1250000000000036 289.9011851026778 1.599999999999928
    vertex 1.1250000000000036 284.0988148973221 1.599999999999928
  endloop
endfacet
facet normal 1.9308179566750978e-31 -8.30691900538176e-16 -1.0
  outer loop
    vertex 1.1250000000000036 284.0988148973221 1.599999999999928
    vertex 1.1250000000000036 289.9011851026778 1.599999999999928
    vertex 1.2000000000000028 286.99999999999994 1.599999999999928
  endloop
endfacet
facet normal 1.9308179566750978e-31 -8.30691900538176e-16 -1.0
  outer loop
    vertex 1.2000000000000028 286.99999999999994 1.599999999999928
    vertex 1.1250000000000036 289.9011851026778 1.599999999999928
    vertex 1.254518677937493 287.41411047216394 1.599999999999928
  endloop
endfacet
facet normal 1.9308179566750978e-31 -8.30691900538176e-16 -1.0
  outer loop
    vertex 1.254518677937493 287.41411047216394 1.599999999999928
    vertex 1.1250000000000036 289.9011851026778 1.599999999999928
    vertex 1.9329561989065573 290.2358515180683 1.599999999999928
  endloop
endfacet
facet normal 1.9308179566750978e-31 -8.30691900538176e-16 -1.0
  outer loop
    vertex 1.254518677937493 287.41411047216394 1.599999999999928
    vertex 1.9329561989065573 290.2358515180683 1.599999999999928
    vertex 1.4143593539449004 287.7999999999999 1.599999999999928
  endloop
endfacet
facet normal 1.9308179566750978e-31 -8.30691900538176e-16 -1.0
  outer loop
    vertex 1.4143593539449004 287.7999999999999 1.599999999999928
    vertex 1.9329561989065573 290.2358515180683 1.599999999999928
    vertex 1.6686291501015258 288.1313708498984 1.599999999999928
  endloop
endfacet
facet normal 1.9308179566750978e-31 -8.30691900538176e-16 -1.0
  outer loop
    vertex 1.6686291501015258 288.1313708498984 1.599999999999928
    vertex 1.9329561989065573 290.2358515180683 1.599999999999928
    vertex 2.0000000000000004 288.38564064605504 1.599999999999928
  endloop
endfacet
facet normal 1.9308179566750978e-31 -8.30691900538176e-16 -1.0
  outer loop
    vertex 2.0000000000000004 288.38564064605504 1.599999999999928
    vertex 1.9329561989065573 290.2358515180683 1.599999999999928
    vertex 2.8000000000000007 290.3499999999999 1.599999999999928
  endloop
endfacet
facet normal 1.9308179566750978e-31 -8.30691900538176e-16 -1.0
  outer loop
    vertex 2.0000000000000004 288.38564064605504 1.599999999999928
    vertex 2.8000000000000007 290.3499999999999 1.599999999999928
    vertex 2.385889527835967 288.5454813220624 1.599999999999928
  endloop
endfacet
facet normal 1.9308179566750978e-31 -8.30691900538176e-16 -1.0
  outer loop
    vertex 2.385889527835967 288.5454813220624 1.599999999999928
    vertex 2.8000000000000007 290.3499999999999 1.599999999999928
    vertex 2.799999999999999 288.5999999999999 1.599999999999928
  endloop
endfacet
facet normal 1.9308179566750978e-31 -8.30691900538176e-16 -1.0
  outer loop
    vertex 2.799999999999999 288.5999999999999 1.599999999999928
    vertex 2.8000000000000007 290.3499999999999 1.599999999999928
    vertex 3.2141104721640326 288.5454813220624 1.599999999999928
  endloop
endfacet
facet normal 1.9308179566750978e-31 -8.30691900538176e-16 -1.0
  outer loop
    vertex 3.2141104721640326 288.5454813220624 1.599999999999928
    vertex 2.8000000000000007 290.3499999999999 1.599999999999928
    vertex 3.6670438010934445 290.2358515180683 1.599999999999928
  endloop
endfacet
facet normal 1.9308179566750978e-31 -8.30691900538176e-16 -1.0
  outer loop
    vertex 3.2141104721640326 288.5454813220624 1.599999999999928
    vertex 3.6670438010934445 290.2358515180683 1.599999999999928
    vertex 3.5999999999999974 288.38564064605504 1.599999999999928
  endloop
endfacet
facet normal 1.9308179566750978e-31 -8.30691900538176e-16 -1.0
  outer loop
    vertex 3.5999999999999974 288.38564064605504 1.599999999999928
    vertex 3.6670438010934445 290.2358515180683 1.599999999999928
    vertex 3.931370849898473 288.1313708498984 1.599999999999928
  endloop
endfacet
facet normal 1.9308179566750978e-31 -8.30691900538176e-16 -1.0
  outer loop
    vertex 3.931370849898473 288.1313708498984 1.599999999999928
    vertex 3.6670438010934445 290.2358515180683 1.599999999999928
    vertex 4.474999999999999 289.9011851026778 1.599999999999928
  endloop
endfacet
facet normal 1.9308179566750978e-31 -8.30691900538176e-16 -1.0
  outer loop
    vertex 3.931370849898473 288.1313708498984 1.599999999999928
    vertex 4.474999999999999 289.9011851026778 1.599999999999928
    vertex 4.1856406460550994 287.7999999999999 1.599999999999928
  endloop
endfacet
facet normal 1.9308179566750978e-31 -8.30691900538176e-16 -1.0
  outer loop
    vertex 4.1856406460550994 287.7999999999999 1.599999999999928
    vertex 4.474999999999999 289.9011851026778 1.599999999999928
    vertex 4.345481322062507 287.41411047216394 1.599999999999928
  endloop
endfacet
facet normal 1.9308179566750978e-31 -8.30691900538176e-16 -1.0
  outer loop
    vertex 4.345481322062507 287.41411047216394 1.599999999999928
    vertex 4.474999999999999 289.9011851026778 1.599999999999928
    vertex 4.399999999999996 286.99999999999994 1.599999999999928
  endloop
endfacet
facet normal 1.9308179566750978e-31 -8.30691900538176e-16 -1.0
  outer loop
    vertex 1.1250000000000036 284.0988148973221 1.599999999999928
    vertex 1.254518677937493 286.5858895278359 1.5999999999999195
    vertex 1.9329561989065567 283.76414848193156 1.5999999999999195
  endloop
endfacet
facet normal 1.9308179566750978e-31 -8.30691900538176e-16 -1.0
  outer loop
    vertex 1.254518677937493 286.5858895278359 1.5999999999999195
    vertex 1.1250000000000036 284.0988148973221 1.599999999999928
    vertex 1.2000000000000028 286.99999999999994 1.599999999999928
  endloop
endfacet
facet normal 1.9308179566750978e-31 -8.30691900538176e-16 -1.0
  outer loop
    vertex 1.9329561989065567 283.76414848193156 1.5999999999999195
    vertex 1.254518677937493 286.5858895278359 1.5999999999999195
    vertex 1.4143593539449004 286.19999999999993 1.5999999999999266
  endloop
endfacet
facet normal 1.9308179566750978e-31 -8.30691900538176e-16 -1.0
  outer loop
    vertex 1.9329561989065567 283.76414848193156 1.5999999999999195
    vertex 1.4143593539449004 286.19999999999993 1.5999999999999266
    vertex 1.6686291501015258 285.86862915010147 1.5999999999999266
  endloop
endfacet
facet normal 1.9308179566750978e-31 -8.30691900538176e-16 -1.0
  outer loop
    vertex 1.9329561989065567 283.76414848193156 1.5999999999999195
    vertex 1.6686291501015258 285.86862915010147 1.5999999999999266
    vertex 2.0000000000000013 285.61435935394485 1.599999999999928
  endloop
endfacet
facet normal 1.9308179566750978e-31 -8.30691900538176e-16 -1.0
  outer loop
    vertex 1.9329561989065567 283.76414848193156 1.5999999999999195
    vertex 2.0000000000000013 285.61435935394485 1.599999999999928
    vertex 2.8 283.6499999999999 1.599999999999928
  endloop
endfacet
facet normal 1.9308179566750978e-31 -8.30691900538176e-16 -1.0
  outer loop
    vertex 2.8 283.6499999999999 1.599999999999928
    vertex 2.0000000000000013 285.61435935394485 1.599999999999928
    vertex 2.385889527835967 285.4545186779374 1.599999999999928
  endloop
endfacet
facet normal 1.9308179566750978e-31 -8.30691900538176e-16 -1.0
  outer loop
    vertex 2.8 283.6499999999999 1.599999999999928
    vertex 2.385889527835967 285.4545186779374 1.599999999999928
    vertex 2.8 285.3999999999999 1.599999999999928
  endloop
endfacet
facet normal 1.9308179566750978e-31 -8.30691900538176e-16 -1.0
  outer loop
    vertex 2.8 283.6499999999999 1.599999999999928
    vertex 2.8 285.3999999999999 1.599999999999928
    vertex 3.214110472164034 285.4545186779374 1.599999999999928
  endloop
endfacet
facet normal 1.9308179566750978e-31 -8.30691900538176e-16 -1.0
  outer loop
    vertex 2.8 283.6499999999999 1.599999999999928
    vertex 3.214110472164034 285.4545186779374 1.599999999999928
    vertex 3.6670438010934485 283.76414848193156 1.5999999999999195
  endloop
endfacet
facet normal 1.9308179566750978e-31 -8.30691900538176e-16 -1.0
  outer loop
    vertex 3.6670438010934485 283.76414848193156 1.5999999999999195
    vertex 3.214110472164034 285.4545186779374 1.599999999999928
    vertex 3.599999999999999 285.61435935394485 1.599999999999928
  endloop
endfacet
facet normal 1.9308179566750978e-31 -8.30691900538176e-16 -1.0
  outer loop
    vertex 3.6670438010934485 283.76414848193156 1.5999999999999195
    vertex 3.599999999999999 285.61435935394485 1.599999999999928
    vertex 3.9313708498984745 285.86862915010147 1.5999999999999266
  endloop
endfacet
facet normal 1.9308179566750978e-31 -8.30691900538176e-16 -1.0
  outer loop
    vertex 3.6670438010934485 283.76414848193156 1.5999999999999195
    vertex 3.9313708498984745 285.86862915010147 1.5999999999999266
    vertex 4.475000000000001 284.0988148973221 1.599999999999928
  endloop
endfacet
facet normal 1.9308179566750978e-31 -8.30691900538176e-16 -1.0
  outer loop
    vertex 4.475000000000001 284.0988148973221 1.599999999999928
    vertex 3.9313708498984745 285.86862915010147 1.5999999999999266
    vertex 4.1856406460551 286.19999999999993 1.5999999999999266
  endloop
endfacet
facet normal 1.9308179566750978e-31 -8.30691900538176e-16 -1.0
  outer loop
    vertex 4.475000000000001 284.0988148973221 1.599999999999928
    vertex 4.1856406460551 286.19999999999993 1.5999999999999266
    vertex 4.345481322062507 286.5858895278359 1.5999999999999195
  endloop
endfacet
facet normal 1.9308179566750978e-31 -8.30691900538176e-16 -1.0
  outer loop
    vertex 4.475000000000001 284.0988148973221 1.599999999999928
    vertex 4.345481322062507 286.5858895278359 1.5999999999999195
    vertex 4.399999999999996 286.99999999999994 1.599999999999928
  endloop
endfacet
facet normal 1.9308179566750978e-31 -8.30691900538176e-16 -1.0
  outer loop
    vertex 4.475000000000001 284.0988148973221 1.599999999999928
    vertex 4.399999999999996 286.99999999999994 1.599999999999928
    vertex 4.474999999999999 289.9011851026778 1.599999999999928
  endloop
endfacet
facet normal 1.9308179566750978e-31 -8.30691900538176e-16 -1.0
  outer loop
    vertex 4.475000000000001 284.0988148973221 1.599999999999928
    vertex 4.474999999999999 289.9011851026778 1.599999999999928
    vertex 5.168807716974932 289.36880771697486 1.5999999999999195
  endloop
endfacet
facet normal 1.9308179566750978e-31 -8.30691900538176e-16 -1.0
  outer loop
    vertex 4.475000000000001 284.0988148973221 1.599999999999928
    vertex 5.168807716974932 289.36880771697486 1.5999999999999195
    vertex 5.168807716974933 284.63119228302503 1.599999999999928
  endloop
endfacet
facet normal 1.9308179566750978e-31 -8.30691900538176e-16 -1.0
  outer loop
    vertex 5.168807716974933 284.63119228302503 1.599999999999928
    vertex 5.168807716974932 289.36880771697486 1.5999999999999195
    vertex 5.701185102677865 288.6749999999999 1.5999999999999266
  endloop
endfacet
facet normal 1.9308179566750978e-31 -8.30691900538176e-16 -1.0
  outer loop
    vertex 5.168807716974933 284.63119228302503 1.599999999999928
    vertex 5.701185102677865 288.6749999999999 1.5999999999999266
    vertex 5.701185102677865 285.32499999999993 1.599999999999928
  endloop
endfacet
facet normal 1.9308179566750978e-31 -8.30691900538176e-16 -1.0
  outer loop
    vertex 5.701185102677865 285.32499999999993 1.599999999999928
    vertex 5.701185102677865 288.6749999999999 1.5999999999999266
    vertex 6.035851518068372 287.86704380109336 1.599999999999928
  endloop
endfacet
facet normal 1.9308179566750978e-31 -8.30691900538176e-16 -1.0
  outer loop
    vertex 5.701185102677865 285.32499999999993 1.599999999999928
    vertex 6.035851518068372 287.86704380109336 1.599999999999928
    vertex 6.035851518068374 286.13295619890647 1.5999999999999266
  endloop
endfacet
facet normal 1.9308179566750978e-31 -8.30691900538176e-16 -1.0
  outer loop
    vertex 6.035851518068374 286.13295619890647 1.5999999999999266
    vertex 6.035851518068372 287.86704380109336 1.599999999999928
    vertex 6.149999999999993 286.99999999999994 1.599999999999928
  endloop
endfacet
facet normal 0.1305261922200628 0.991444861373809 -4.872430858371685e-16
  outer loop
    vertex 88.58588952783597 285.4545186779375 4.799999999999836
    vertex 89.0 285.4 1.5999999999998984
    vertex 88.58588952783597 285.4545186779375 1.5999999999998984
  endloop
endfacet
facet normal 0.1305261922200628 0.991444861373809 -4.872430858371685e-16
  outer loop
    vertex 89.0 285.4 1.5999999999998984
    vertex 88.58588952783597 285.4545186779375 4.799999999999836
    vertex 89.0 285.4 4.799999999999836
  endloop
endfacet
facet normal 0.6087614290087265 -0.7933533402912306 3.445328900817182e-16
  outer loop
    vertex 88.2 288.38564064605504 1.5999999999998984
    vertex 87.86862915010154 288.1313708498984 4.799999999999835
    vertex 87.86862915010154 288.1313708498984 1.599999999999897
  endloop
endfacet
facet normal 0.6087614290087265 -0.7933533402912306 3.445328900817182e-16
  outer loop
    vertex 87.86862915010154 288.1313708498984 4.799999999999835
    vertex 88.2 288.38564064605504 1.5999999999998984
    vertex 88.2 288.38564064605504 4.799999999999846
  endloop
endfacet
facet normal 0.3826834323650867 -0.9238795325112881 4.2196489015331045e-16
  outer loop
    vertex 88.58588952783597 288.54548132206247 1.5999999999998997
    vertex 88.2 288.38564064605504 4.799999999999846
    vertex 88.2 288.38564064605504 1.5999999999998984
  endloop
endfacet
facet normal 0.3826834323650867 -0.9238795325112881 4.2196489015331045e-16
  outer loop
    vertex 88.2 288.38564064605504 4.799999999999846
    vertex 88.58588952783597 288.54548132206247 1.5999999999998997
    vertex 88.58588952783597 288.54548132206247 4.799999999999846
  endloop
endfacet
facet normal -0.6087614290087138 0.7933533402912404 -4.018646099311667e-16
  outer loop
    vertex 90.35000000000001 284.661731409782 5.399999999999845
    vertex 90.90918830920369 285.0908116907963 4.799999999999846
    vertex 90.35000000000001 284.661731409782 4.799999999999846
  endloop
endfacet
facet normal -0.6087614290087138 0.7933533402912404 -4.018646099311667e-16
  outer loop
    vertex 90.90918830920369 285.0908116907963 4.799999999999846
    vertex 90.35000000000001 284.661731409782 5.399999999999845
    vertex 90.90918830920369 285.0908116907963 5.399999999999845
  endloop
endfacet
facet normal 0.9238795325112812 0.3826834323651033 -1.9384418072540917e-16
  outer loop
    vertex 86.39200026901952 286.30118857822316 4.799999999999846
    vertex 86.66173140978204 285.65 5.399999999999848
    vertex 86.66173140978204 285.65 4.799999999999846
  endloop
endfacet
facet normal 0.9238795325112812 0.3826834323651033 -1.9384418072540917e-16
  outer loop
    vertex 86.66173140978204 285.65 5.399999999999848
    vertex 86.39200026901952 286.30118857822316 4.799999999999846
    vertex 86.39200026901952 286.30118857822316 5.399999999999845
  endloop
endfacet
facet normal 0.9914448613738115 -0.1305261922200443 6.611664016319984e-17
  outer loop
    vertex 86.39200026901952 287.6988114217768 4.799999999999846
    vertex 86.30000000000001 286.99999999999994 5.399999999999848
    vertex 86.30000000000001 286.99999999999994 4.799999999999846
  endloop
endfacet
facet normal 0.9914448613738115 -0.1305261922200443 6.611664016319984e-17
  outer loop
    vertex 86.30000000000001 286.99999999999994 5.399999999999848
    vertex 86.39200026901952 287.6988114217768 4.799999999999846
    vertex 86.39200026901952 287.6988114217768 5.399999999999845
  endloop
endfacet
facet normal 1.1362898609244346e-32 0.0 1.0
  outer loop
    vertex 1.4500000000000002 284.661731409782 4.799999999999846
    vertex 1.2000000000000028 286.99999999999994 4.799999999999846
    vertex 0.8908116907963214 285.0908116907963 4.799999999999846
  endloop
endfacet
facet normal 1.1362898609244346e-32 0.0 1.0
  outer loop
    vertex 1.2000000000000028 286.99999999999994 4.799999999999846
    vertex 1.4500000000000002 284.661731409782 4.799999999999846
    vertex 1.254518677937493 286.5858895278359 4.799999999999836
  endloop
endfacet
facet normal 1.1362898609244346e-32 0.0 1.0
  outer loop
    vertex 1.254518677937493 286.5858895278359 4.799999999999836
    vertex 1.4500000000000002 284.661731409782 4.799999999999846
    vertex 1.4143593539449004 286.2 4.799999999999846
  endloop
endfacet
facet normal 1.1362898609244346e-32 0.0 1.0
  outer loop
    vertex 1.4143593539449004 286.2 4.799999999999846
    vertex 1.4500000000000002 284.661731409782 4.799999999999846
    vertex 1.6686291501015258 285.8686291501015 4.799999999999846
  endloop
endfacet
facet normal 1.1362898609244346e-32 0.0 1.0
  outer loop
    vertex 1.6686291501015258 285.8686291501015 4.799999999999846
    vertex 1.4500000000000002 284.661731409782 4.799999999999846
    vertex 2.101188578223194 284.3920002690195 4.799999999999846
  endloop
endfacet
facet normal 1.1362898609244346e-32 0.0 1.0
  outer loop
    vertex 1.6686291501015258 285.8686291501015 4.799999999999846
    vertex 2.101188578223194 284.3920002690195 4.799999999999846
    vertex 2.0000000000000013 285.6143593539449 4.799999999999847
  endloop
endfacet
facet normal 1.1362898609244346e-32 0.0 1.0
  outer loop
    vertex 2.0000000000000013 285.6143593539449 4.799999999999847
    vertex 2.101188578223194 284.3920002690195 4.799999999999846
    vertex 2.385889527835967 285.4545186779375 4.799999999999837
  endloop
endfacet
facet normal 1.1362898609244346e-32 0.0 1.0
  outer loop
    vertex 2.385889527835967 285.4545186779375 4.799999999999837
    vertex 2.101188578223194 284.3920002690195 4.799999999999846
    vertex 2.8 284.29999999999995 4.799999999999846
  endloop
endfacet
facet normal 1.1362898609244346e-32 0.0 1.0
  outer loop
    vertex 2.385889527835967 285.4545186779375 4.799999999999837
    vertex 2.8 284.29999999999995 4.799999999999846
    vertex 2.8 285.4 4.799999999999837
  endloop
endfacet
facet normal 1.1362898609244346e-32 0.0 1.0
  outer loop
    vertex 2.8 285.4 4.799999999999837
    vertex 2.8 284.29999999999995 4.799999999999846
    vertex 3.498811421776806 284.3920002690195 4.799999999999846
  endloop
endfacet
facet normal 1.1362898609244346e-32 0.0 1.0
  outer loop
    vertex 2.8 285.4 4.799999999999837
    vertex 3.498811421776806 284.3920002690195 4.799999999999846
    vertex 3.214110472164034 285.4545186779375 4.799999999999837
  endloop
endfacet
facet normal 1.1362898609244346e-32 0.0 1.0
  outer loop
    vertex 3.214110472164034 285.4545186779375 4.799999999999837
    vertex 3.498811421776806 284.3920002690195 4.799999999999846
    vertex 3.599999999999999 285.6143593539449 4.799999999999847
  endloop
endfacet
facet normal 1.1362898609244346e-32 0.0 1.0
  outer loop
    vertex 3.599999999999999 285.6143593539449 4.799999999999847
    vertex 3.498811421776806 284.3920002690195 4.799999999999846
    vertex 4.1499999999999995 284.661731409782 4.799999999999846
  endloop
endfacet
facet normal 1.1362898609244346e-32 0.0 1.0
  outer loop
    vertex 3.599999999999999 285.6143593539449 4.799999999999847
    vertex 4.1499999999999995 284.661731409782 4.799999999999846
    vertex 3.9313708498984745 285.8686291501015 4.799999999999846
  endloop
endfacet
facet normal 1.1362898609244346e-32 0.0 1.0
  outer loop
    vertex 3.9313708498984745 285.8686291501015 4.799999999999846
    vertex 4.1499999999999995 284.661731409782 4.799999999999846
    vertex 4.1856406460551 286.2 4.799999999999846
  endloop
endfacet
facet normal 1.1362898609244346e-32 0.0 1.0
  outer loop
    vertex 4.1856406460551 286.2 4.799999999999846
    vertex 4.1499999999999995 284.661731409782 4.799999999999846
    vertex 4.709188309203678 285.0908116907963 4.799999999999846
  endloop
endfacet
facet normal 1.1362898609244346e-32 0.0 1.0
  outer loop
    vertex 4.1856406460551 286.2 4.799999999999846
    vertex 4.709188309203678 285.0908116907963 4.799999999999846
    vertex 4.345481322062507 286.5858895278359 4.799999999999836
  endloop
endfacet
facet normal 1.1362898609244346e-32 0.0 1.0
  outer loop
    vertex 4.345481322062507 286.5858895278359 4.799999999999836
    vertex 4.709188309203678 285.0908116907963 4.799999999999846
    vertex 4.399999999999996 286.99999999999994 4.799999999999846
  endloop
endfacet
facet normal 1.1362898609244346e-32 0.0 1.0
  outer loop
    vertex 0.1920002690195161 286.30118857822316 4.799999999999846
    vertex 0.1920002690195147 287.6988114217768 4.799999999999846
    vertex 0.09999999999999981 286.99999999999994 4.799999999999846
  endloop
endfacet
facet normal 1.1362898609244346e-32 0.0 1.0
  outer loop
    vertex 0.1920002690195147 287.6988114217768 4.799999999999846
    vertex 0.1920002690195161 286.30118857822316 4.799999999999846
    vertex 0.4617314097820149 288.34999999999997 4.79999999999984
  endloop
endfacet
facet normal 1.1362898609244346e-32 0.0 1.0
  outer loop
    vertex 0.4617314097820149 288.34999999999997 4.79999999999984
    vertex 0.1920002690195161 286.30118857822316 4.799999999999846
    vertex 0.4617314097820156 285.65 4.799999999999846
  endloop
endfacet
facet normal 1.1362898609244346e-32 0.0 1.0
  outer loop
    vertex 0.4617314097820149 288.34999999999997 4.79999999999984
    vertex 0.4617314097820156 285.65 4.799999999999846
    vertex 0.8908116907963199 288.90918830920367 4.799999999999846
  endloop
endfacet
facet normal 1.1362898609244346e-32 0.0 1.0
  outer loop
    vertex 0.8908116907963199 288.90918830920367 4.799999999999846
    vertex 0.4617314097820156 285.65 4.799999999999846
    vertex 0.8908116907963214 285.0908116907963 4.799999999999846
  endloop
endfacet
facet normal 1.1362898609244346e-32 0.0 1.0
  outer loop
    vertex 0.8908116907963199 288.90918830920367 4.799999999999846
    vertex 0.8908116907963214 285.0908116907963 4.799999999999846
    vertex 1.4499999999999988 289.3382685902179 4.79999999999984
  endloop
endfacet
facet normal 1.1362898609244346e-32 0.0 1.0
  outer loop
    vertex 1.4499999999999988 289.3382685902179 4.79999999999984
    vertex 0.8908116907963214 285.0908116907963 4.799999999999846
    vertex 1.2000000000000028 286.99999999999994 4.799999999999846
  endloop
endfacet
facet normal 1.1362898609244346e-32 0.0 1.0
  outer loop
    vertex 1.4499999999999988 289.3382685902179 4.79999999999984
    vertex 1.2000000000000028 286.99999999999994 4.799999999999846
    vertex 1.254518677937493 287.414110472164 4.799999999999844
  endloop
endfacet
facet normal 1.1362898609244346e-32 0.0 1.0
  outer loop
    vertex 1.4499999999999988 289.3382685902179 4.79999999999984
    vertex 1.254518677937493 287.414110472164 4.799999999999844
    vertex 1.4143593539449004 287.79999999999995 4.799999999999844
  endloop
endfacet
facet normal 1.1362898609244346e-32 0.0 1.0
  outer loop
    vertex 1.4499999999999988 289.3382685902179 4.79999999999984
    vertex 1.4143593539449004 287.79999999999995 4.799999999999844
    vertex 1.6686291501015258 288.1313708498984 4.799999999999835
  endloop
endfacet
facet normal 1.1362898609244346e-32 0.0 1.0
  outer loop
    vertex 1.4499999999999988 289.3382685902179 4.79999999999984
    vertex 1.6686291501015258 288.1313708498984 4.799999999999835
    vertex 2.1011885782231916 289.60799973098045 4.79999999999984
  endloop
endfacet
facet normal 1.1362898609244346e-32 0.0 1.0
  outer loop
    vertex 2.1011885782231916 289.60799973098045 4.79999999999984
    vertex 1.6686291501015258 288.1313708498984 4.799999999999835
    vertex 2.0000000000000004 288.38564064605504 4.799999999999844
  endloop
endfacet
facet normal 1.1362898609244346e-32 0.0 1.0
  outer loop
    vertex 2.1011885782231916 289.60799973098045 4.79999999999984
    vertex 2.0000000000000004 288.38564064605504 4.799999999999844
    vertex 2.385889527835967 288.54548132206247 4.799999999999844
  endloop
endfacet
facet normal 1.1362898609244346e-32 0.0 1.0
  outer loop
    vertex 2.1011885782231916 289.60799973098045 4.79999999999984
    vertex 2.385889527835967 288.54548132206247 4.799999999999844
    vertex 2.799999999999999 289.7 4.79999999999984
  endloop
endfacet
facet normal 1.1362898609244346e-32 0.0 1.0
  outer loop
    vertex 2.799999999999999 289.7 4.79999999999984
    vertex 2.385889527835967 288.54548132206247 4.799999999999844
    vertex 2.799999999999999 288.59999999999997 4.799999999999844
  endloop
endfacet
facet normal 1.1362898609244346e-32 0.0 1.0
  outer loop
    vertex 2.799999999999999 289.7 4.79999999999984
    vertex 2.799999999999999 288.59999999999997 4.799999999999844
    vertex 3.2141104721640326 288.54548132206247 4.799999999999844
  endloop
endfacet
facet normal 1.1362898609244346e-32 0.0 1.0
  outer loop
    vertex 2.799999999999999 289.7 4.79999999999984
    vertex 3.2141104721640326 288.54548132206247 4.799999999999844
    vertex 3.4988114217768045 289.60799973098045 4.79999999999984
  endloop
endfacet
facet normal 1.1362898609244346e-32 0.0 1.0
  outer loop
    vertex 3.4988114217768045 289.60799973098045 4.79999999999984
    vertex 3.2141104721640326 288.54548132206247 4.799999999999844
    vertex 3.5999999999999974 288.38564064605504 4.799999999999844
  endloop
endfacet
facet normal 1.1362898609244346e-32 0.0 1.0
  outer loop
    vertex 3.4988114217768045 289.60799973098045 4.79999999999984
    vertex 3.5999999999999974 288.38564064605504 4.799999999999844
    vertex 4.149999999999998 289.3382685902179 4.79999999999984
  endloop
endfacet
facet normal 1.1362898609244346e-32 0.0 1.0
  outer loop
    vertex 4.149999999999998 289.3382685902179 4.79999999999984
    vertex 3.5999999999999974 288.38564064605504 4.799999999999844
    vertex 3.931370849898473 288.1313708498984 4.799999999999835
  endloop
endfacet
facet normal 1.1362898609244346e-32 0.0 1.0
  outer loop
    vertex 4.149999999999998 289.3382685902179 4.79999999999984
    vertex 3.931370849898473 288.1313708498984 4.799999999999835
    vertex 4.1856406460550994 287.79999999999995 4.799999999999844
  endloop
endfacet
facet normal 1.1362898609244346e-32 0.0 1.0
  outer loop
    vertex 4.149999999999998 289.3382685902179 4.79999999999984
    vertex 4.1856406460550994 287.79999999999995 4.799999999999844
    vertex 4.709188309203678 288.90918830920367 4.799999999999846
  endloop
endfacet
facet normal 1.1362898609244346e-32 0.0 1.0
  outer loop
    vertex 4.709188309203678 288.90918830920367 4.799999999999846
    vertex 4.1856406460550994 287.79999999999995 4.799999999999844
    vertex 4.345481322062507 287.414110472164 4.799999999999844
  endloop
endfacet
facet normal 1.1362898609244346e-32 0.0 1.0
  outer loop
    vertex 4.709188309203678 288.90918830920367 4.799999999999846
    vertex 4.345481322062507 287.414110472164 4.799999999999844
    vertex 4.399999999999996 286.99999999999994 4.799999999999846
  endloop
endfacet
facet normal 1.1362898609244346e-32 0.0 1.0
  outer loop
    vertex 4.709188309203678 288.90918830920367 4.799999999999846
    vertex 4.399999999999996 286.99999999999994 4.799999999999846
    vertex 4.709188309203678 285.0908116907963 4.799999999999846
  endloop
endfacet
facet normal 1.1362898609244346e-32 0.0 1.0
  outer loop
    vertex 4.709188309203678 288.90918830920367 4.799999999999846
    vertex 4.709188309203678 285.0908116907963 4.799999999999846
    vertex 5.138268590217984 285.65 4.799999999999846
  endloop
endfacet
facet normal 1.1362898609244346e-32 0.0 1.0
  outer loop
    vertex 4.709188309203678 288.90918830920367 4.799999999999846
    vertex 5.138268590217984 285.65 4.799999999999846
    vertex 5.138268590217983 288.34999999999997 4.79999999999984
  endloop
endfacet
facet normal 1.1362898609244346e-32 0.0 1.0
  outer loop
    vertex 5.138268590217983 288.34999999999997 4.79999999999984
    vertex 5.138268590217984 285.65 4.799999999999846
    vertex 5.4079997309804835 287.6988114217768 4.799999999999846
  endloop
endfacet
facet normal 1.1362898609244346e-32 0.0 1.0
  outer loop
    vertex 5.4079997309804835 287.6988114217768 4.799999999999846
    vertex 5.138268590217984 285.65 4.799999999999846
    vertex 5.4079997309804835 286.30118857822316 4.799999999999846
  endloop
endfacet
facet normal 1.1362898609244346e-32 0.0 1.0
  outer loop
    vertex 5.4079997309804835 287.6988114217768 4.799999999999846
    vertex 5.4079997309804835 286.30118857822316 4.799999999999846
    vertex 5.5 286.99999999999994 4.799999999999846
  endloop
endfacet
facet normal 0.0 0.0 1.0
  outer loop
    vertex 1.4500000000000002 200.46173140978198 4.799999999999883
    vertex 1.1999999999999993 202.79999999999995 4.799999999999888
    vertex 0.8908116907963214 200.8908116907963 4.799999999999888
  endloop
endfacet
facet normal 0.0 0.0 1.0
  outer loop
    vertex 1.1999999999999993 202.79999999999995 4.799999999999888
    vertex 1.4500000000000002 200.46173140978198 4.799999999999883
    vertex 1.2545186779374904 202.38588952783593 4.799999999999888
  endloop
endfacet
facet normal 0.0 0.0 1.0
  outer loop
    vertex 1.2545186779374904 202.38588952783593 4.799999999999888
    vertex 1.4500000000000002 200.46173140978198 4.799999999999883
    vertex 1.4143593539448975 201.99999999999997 4.799999999999878
  endloop
endfacet
facet normal 0.0 0.0 1.0
  outer loop
    vertex 1.4143593539448975 201.99999999999997 4.799999999999878
    vertex 1.4500000000000002 200.46173140978198 4.799999999999883
    vertex 1.6686291501015236 201.6686291501015 4.799999999999878
  endloop
endfacet
facet normal 0.0 0.0 1.0
  outer loop
    vertex 1.6686291501015236 201.6686291501015 4.799999999999878
    vertex 1.4500000000000002 200.46173140978198 4.799999999999883
    vertex 2.101188578223194 200.19200026901947 4.799999999999888
  endloop
endfacet
facet normal 0.0 0.0 1.0
  outer loop
    vertex 1.6686291501015236 201.6686291501015 4.799999999999878
    vertex 2.101188578223194 200.19200026901947 4.799999999999888
    vertex 1.9999999999999998 201.41435935394486 4.799999999999888
  endloop
endfacet
facet normal 0.0 0.0 1.0
  outer loop
    vertex 1.9999999999999998 201.41435935394486 4.799999999999888
    vertex 2.101188578223194 200.19200026901947 4.799999999999888
    vertex 2.385889527835967 201.25451867793745 4.799999999999888
  endloop
endfacet
facet normal 0.0 0.0 1.0
  outer loop
    vertex 2.385889527835967 201.25451867793745 4.799999999999888
    vertex 2.101188578223194 200.19200026901947 4.799999999999888
    vertex 2.8 200.09999999999997 4.799999999999888
  endloop
endfacet
facet normal 0.0 0.0 1.0
  outer loop
    vertex 2.385889527835967 201.25451867793745 4.799999999999888
    vertex 2.8 200.09999999999997 4.799999999999888
    vertex 2.8000000000000007 201.19999999999996 4.799999999999888
  endloop
endfacet
facet normal 0.0 0.0 1.0
  outer loop
    vertex 2.8000000000000007 201.19999999999996 4.799999999999888
    vertex 2.8 200.09999999999997 4.799999999999888
    vertex 3.498811421776806 200.19200026901947 4.799999999999888
  endloop
endfacet
facet normal 0.0 0.0 1.0
  outer loop
    vertex 2.8000000000000007 201.19999999999996 4.799999999999888
    vertex 3.498811421776806 200.19200026901947 4.799999999999888
    vertex 3.214110472164034 201.25451867793745 4.799999999999888
  endloop
endfacet
facet normal 0.0 0.0 1.0
  outer loop
    vertex 3.214110472164034 201.25451867793745 4.799999999999888
    vertex 3.498811421776806 200.19200026901947 4.799999999999888
    vertex 3.6000000000000005 201.41435935394486 4.799999999999888
  endloop
endfacet
facet normal 0.0 0.0 1.0
  outer loop
    vertex 3.6000000000000005 201.41435935394486 4.799999999999888
    vertex 3.498811421776806 200.19200026901947 4.799999999999888
    vertex 4.1499999999999995 200.46173140978198 4.799999999999883
  endloop
endfacet
facet normal 0.0 0.0 1.0
  outer loop
    vertex 3.6000000000000005 201.41435935394486 4.799999999999888
    vertex 4.1499999999999995 200.46173140978198 4.799999999999883
    vertex 3.931370849898476 201.6686291501015 4.799999999999878
  endloop
endfacet
facet normal 0.0 0.0 1.0
  outer loop
    vertex 3.931370849898476 201.6686291501015 4.799999999999878
    vertex 4.1499999999999995 200.46173140978198 4.799999999999883
    vertex 4.185640646055102 201.99999999999997 4.799999999999877
  endloop
endfacet
facet normal 0.0 0.0 1.0
  outer loop
    vertex 4.185640646055102 201.99999999999997 4.799999999999877
    vertex 4.1499999999999995 200.46173140978198 4.799999999999883
    vertex 4.709188309203678 200.8908116907963 4.799999999999888
  endloop
endfacet
facet normal 0.0 0.0 1.0
  outer loop
    vertex 4.185640646055102 201.99999999999997 4.799999999999877
    vertex 4.709188309203678 200.8908116907963 4.799999999999888
    vertex 4.3454813220625095 202.38588952783593 4.799999999999888
  endloop
endfacet
facet normal 0.0 0.0 1.0
  outer loop
    vertex 4.3454813220625095 202.38588952783593 4.799999999999888
    vertex 4.709188309203678 200.8908116907963 4.799999999999888
    vertex 4.4 202.79999999999995 4.799999999999888
  endloop
endfacet
facet normal 0.0 0.0 1.0
  outer loop
    vertex 0.1920002690195161 202.10118857822314 4.799999999999888
    vertex 0.1920002690195147 203.4988114217768 4.799999999999888
    vertex 0.09999999999999981 202.79999999999995 4.799999999999888
  endloop
endfacet
facet normal 0.0 0.0 1.0
  outer loop
    vertex 0.1920002690195147 203.4988114217768 4.799999999999888
    vertex 0.1920002690195161 202.10118857822314 4.799999999999888
    vertex 0.4617314097820149 204.14999999999995 4.799999999999888
  endloop
endfacet
facet normal 0.0 0.0 1.0
  outer loop
    vertex 0.4617314097820149 204.14999999999995 4.799999999999888
    vertex 0.1920002690195161 202.10118857822314 4.799999999999888
    vertex 0.4617314097820156 201.44999999999996 4.799999999999888
  endloop
endfacet
facet normal 0.0 0.0 1.0
  outer loop
    vertex 0.4617314097820149 204.14999999999995 4.799999999999888
    vertex 0.4617314097820156 201.44999999999996 4.799999999999888
    vertex 0.8908116907963199 204.70918830920363 4.799999999999883
  endloop
endfacet
facet normal 0.0 0.0 1.0
  outer loop
    vertex 0.8908116907963199 204.70918830920363 4.799999999999883
    vertex 0.4617314097820156 201.44999999999996 4.799999999999888
    vertex 0.8908116907963214 200.8908116907963 4.799999999999888
  endloop
endfacet
facet normal 0.0 0.0 1.0
  outer loop
    vertex 0.8908116907963199 204.70918830920363 4.799999999999883
    vertex 0.8908116907963214 200.8908116907963 4.799999999999888
    vertex 1.4499999999999988 205.13826859021796 4.799999999999888
  endloop
endfacet
facet normal 0.0 0.0 1.0
  outer loop
    vertex 1.4499999999999988 205.13826859021796 4.799999999999888
    vertex 0.8908116907963214 200.8908116907963 4.799999999999888
    vertex 1.1999999999999993 202.79999999999995 4.799999999999888
  endloop
endfacet
facet normal 0.0 0.0 1.0
  outer loop
    vertex 1.4499999999999988 205.13826859021796 4.799999999999888
    vertex 1.1999999999999993 202.79999999999995 4.799999999999888
    vertex 1.2545186779374895 203.214110472164 4.799999999999877
  endloop
endfacet
facet normal 0.0 0.0 1.0
  outer loop
    vertex 1.4499999999999988 205.13826859021796 4.799999999999888
    vertex 1.2545186779374895 203.214110472164 4.799999999999877
    vertex 1.4143593539448969 203.6 4.799999999999888
  endloop
endfacet
facet normal 0.0 0.0 1.0
  outer loop
    vertex 1.4499999999999988 205.13826859021796 4.799999999999888
    vertex 1.4143593539448969 203.6 4.799999999999888
    vertex 1.668629150101523 203.93137084989846 4.799999999999887
  endloop
endfacet
facet normal 0.0 0.0 1.0
  outer loop
    vertex 1.4499999999999988 205.13826859021796 4.799999999999888
    vertex 1.668629150101523 203.93137084989846 4.799999999999887
    vertex 2.1011885782231916 205.40799973098046 4.799999999999888
  endloop
endfacet
facet normal 0.0 0.0 1.0
  outer loop
    vertex 2.1011885782231916 205.40799973098046 4.799999999999888
    vertex 1.668629150101523 203.93137084989846 4.799999999999887
    vertex 1.9999999999999991 204.18564064605508 4.799999999999887
  endloop
endfacet
facet normal 0.0 0.0 1.0
  outer loop
    vertex 2.1011885782231916 205.40799973098046 4.799999999999888
    vertex 1.9999999999999991 204.18564064605508 4.799999999999887
    vertex 2.385889527835965 204.34548132206245 4.799999999999887
  endloop
endfacet
facet normal 0.0 0.0 1.0
  outer loop
    vertex 2.1011885782231916 205.40799973098046 4.799999999999888
    vertex 2.385889527835965 204.34548132206245 4.799999999999887
    vertex 2.799999999999999 205.49999999999997 4.799999999999888
  endloop
endfacet
facet normal 0.0 0.0 1.0
  outer loop
    vertex 2.799999999999999 205.49999999999997 4.799999999999888
    vertex 2.385889527835965 204.34548132206245 4.799999999999887
    vertex 2.8 204.39999999999998 4.799999999999887
  endloop
endfacet
facet normal 0.0 0.0 1.0
  outer loop
    vertex 2.799999999999999 205.49999999999997 4.799999999999888
    vertex 2.8 204.39999999999998 4.799999999999887
    vertex 3.4988114217768045 205.40799973098046 4.799999999999888
  endloop
endfacet
facet normal 0.0 0.0 1.0
  outer loop
    vertex 3.4988114217768045 205.40799973098046 4.799999999999888
    vertex 2.8 204.39999999999998 4.799999999999887
    vertex 3.2141104721640326 204.34548132206245 4.799999999999887
  endloop
endfacet
facet normal 0.0 0.0 1.0
  outer loop
    vertex 3.4988114217768045 205.40799973098046 4.799999999999888
    vertex 3.2141104721640326 204.34548132206245 4.799999999999887
    vertex 3.599999999999999 204.18564064605508 4.799999999999887
  endloop
endfacet
facet normal 0.0 0.0 1.0
  outer loop
    vertex 3.4988114217768045 205.40799973098046 4.799999999999888
    vertex 3.599999999999999 204.18564064605508 4.799999999999887
    vertex 4.149999999999998 205.13826859021796 4.799999999999888
  endloop
endfacet
facet normal 0.0 0.0 1.0
  outer loop
    vertex 4.149999999999998 205.13826859021796 4.799999999999888
    vertex 3.599999999999999 204.18564064605508 4.799999999999887
    vertex 3.931370849898476 203.93137084989846 4.799999999999887
  endloop
endfacet
facet normal 0.0 0.0 1.0
  outer loop
    vertex 4.149999999999998 205.13826859021796 4.799999999999888
    vertex 3.931370849898476 203.93137084989846 4.799999999999887
    vertex 4.185640646055102 203.6 4.799999999999888
  endloop
endfacet
facet normal 0.0 0.0 1.0
  outer loop
    vertex 4.149999999999998 205.13826859021796 4.799999999999888
    vertex 4.185640646055102 203.6 4.799999999999888
    vertex 4.709188309203678 204.70918830920363 4.799999999999883
  endloop
endfacet
facet normal 0.0 0.0 1.0
  outer loop
    vertex 4.709188309203678 204.70918830920363 4.799999999999883
    vertex 4.185640646055102 203.6 4.799999999999888
    vertex 4.3454813220625095 203.214110472164 4.799999999999877
  endloop
endfacet
facet normal 0.0 0.0 1.0
  outer loop
    vertex 4.709188309203678 204.70918830920363 4.799999999999883
    vertex 4.3454813220625095 203.214110472164 4.799999999999877
    vertex 4.4 202.79999999999995 4.799999999999888
  endloop
endfacet
facet normal 0.0 0.0 1.0
  outer loop
    vertex 4.709188309203678 204.70918830920363 4.799999999999883
    vertex 4.4 202.79999999999995 4.799999999999888
    vertex 4.709188309203678 200.8908116907963 4.799999999999888
  endloop
endfacet
facet normal 0.0 0.0 1.0
  outer loop
    vertex 4.709188309203678 204.70918830920363 4.799999999999883
    vertex 4.709188309203678 200.8908116907963 4.799999999999888
    vertex 5.138268590217984 201.45 4.799999999999888
  endloop
endfacet
facet normal 0.0 0.0 1.0
  outer loop
    vertex 4.709188309203678 204.70918830920363 4.799999999999883
    vertex 5.138268590217984 201.45 4.799999999999888
    vertex 5.138268590217983 204.14999999999995 4.799999999999888
  endloop
endfacet
facet normal 0.0 0.0 1.0
  outer loop
    vertex 5.138268590217983 204.14999999999995 4.799999999999888
    vertex 5.138268590217984 201.45 4.799999999999888
    vertex 5.4079997309804835 203.4988114217768 4.799999999999888
  endloop
endfacet
facet normal 0.0 0.0 1.0
  outer loop
    vertex 5.4079997309804835 203.4988114217768 4.799999999999888
    vertex 5.138268590217984 201.45 4.799999999999888
    vertex 5.4079997309804835 202.10118857822314 4.799999999999888
  endloop
endfacet
facet normal 0.0 0.0 1.0
  outer loop
    vertex 5.4079997309804835 203.4988114217768 4.799999999999888
    vertex 5.4079997309804835 202.10118857822314 4.799999999999888
    vertex 5.5 202.79999999999995 4.799999999999888
  endloop
endfacet
facet normal 0.0 0.0 1.0
  outer loop
    vertex 86.39200026901952 202.10118857822314 4.799999999999888
    vertex 86.39200026901952 203.49881142177674 4.799999999999888
    vertex 86.30000000000001 202.79999999999995 4.799999999999888
  endloop
endfacet
facet normal 0.0 0.0 1.0
  outer loop
    vertex 86.39200026901952 203.49881142177674 4.799999999999888
    vertex 86.39200026901952 202.10118857822314 4.799999999999888
    vertex 86.66173140978204 201.45 4.799999999999888
  endloop
endfacet
facet normal 0.0 0.0 1.0
  outer loop
    vertex 86.39200026901952 203.49881142177674 4.799999999999888
    vertex 86.66173140978204 201.45 4.799999999999888
    vertex 86.66173140978202 204.14999999999995 4.799999999999888
  endloop
endfacet
facet normal 0.0 0.0 1.0
  outer loop
    vertex 86.66173140978202 204.14999999999995 4.799999999999888
    vertex 86.66173140978204 201.45 4.799999999999888
    vertex 87.09081169079633 204.70918830920363 4.799999999999883
  endloop
endfacet
facet normal 0.0 0.0 1.0
  outer loop
    vertex 87.09081169079633 204.70918830920363 4.799999999999883
    vertex 86.66173140978204 201.45 4.799999999999888
    vertex 87.09081169079633 200.8908116907963 4.799999999999888
  endloop
endfacet
facet normal 0.0 0.0 1.0
  outer loop
    vertex 87.09081169079633 204.70918830920363 4.799999999999883
    vertex 87.09081169079633 200.8908116907963 4.799999999999888
    vertex 87.65 200.46173140978198 4.799999999999883
  endloop
endfacet
facet normal 0.0 0.0 1.0
  outer loop
    vertex 87.09081169079633 204.70918830920363 4.799999999999883
    vertex 87.65 200.46173140978198 4.799999999999883
    vertex 87.4 202.79999999999995 4.799999999999888
  endloop
endfacet
facet normal 0.0 0.0 1.0
  outer loop
    vertex 87.4 202.79999999999995 4.799999999999888
    vertex 87.65 200.46173140978198 4.799999999999883
    vertex 87.4545186779375 202.38588952783593 4.799999999999888
  endloop
endfacet
facet normal 0.0 0.0 1.0
  outer loop
    vertex 87.4545186779375 202.38588952783593 4.799999999999888
    vertex 87.65 200.46173140978198 4.799999999999883
    vertex 87.6143593539449 201.99999999999997 4.799999999999878
  endloop
endfacet
facet normal 0.0 0.0 1.0
  outer loop
    vertex 87.6143593539449 201.99999999999997 4.799999999999878
    vertex 87.65 200.46173140978198 4.799999999999883
    vertex 87.86862915010153 201.6686291501015 4.799999999999878
  endloop
endfacet
facet normal 0.0 0.0 1.0
  outer loop
    vertex 87.86862915010153 201.6686291501015 4.799999999999878
    vertex 87.65 200.46173140978198 4.799999999999883
    vertex 88.3011885782232 200.19200026901947 4.799999999999888
  endloop
endfacet
facet normal 0.0 0.0 1.0
  outer loop
    vertex 87.86862915010153 201.6686291501015 4.799999999999878
    vertex 88.3011885782232 200.19200026901947 4.799999999999888
    vertex 88.2 201.41435935394486 4.799999999999888
  endloop
endfacet
facet normal 0.0 0.0 1.0
  outer loop
    vertex 88.2 201.41435935394486 4.799999999999888
    vertex 88.3011885782232 200.19200026901947 4.799999999999888
    vertex 88.58588952783597 201.25451867793745 4.799999999999888
  endloop
endfacet
facet normal 0.0 0.0 1.0
  outer loop
    vertex 88.58588952783597 201.25451867793745 4.799999999999888
    vertex 88.3011885782232 200.19200026901947 4.799999999999888
    vertex 89.0 200.09999999999997 4.799999999999888
  endloop
endfacet
facet normal 0.0 0.0 1.0
  outer loop
    vertex 88.58588952783597 201.25451867793745 4.799999999999888
    vertex 89.0 200.09999999999997 4.799999999999888
    vertex 89.0 201.19999999999996 4.799999999999888
  endloop
endfacet
facet normal 0.0 0.0 1.0
  outer loop
    vertex 89.0 201.19999999999996 4.799999999999888
    vertex 89.0 200.09999999999997 4.799999999999888
    vertex 89.69881142177681 200.19200026901947 4.799999999999888
  endloop
endfacet
facet normal 0.0 0.0 1.0
  outer loop
    vertex 89.0 201.19999999999996 4.799999999999888
    vertex 89.69881142177681 200.19200026901947 4.799999999999888
    vertex 89.41411047216404 201.25451867793745 4.799999999999888
  endloop
endfacet
facet normal 0.0 0.0 1.0
  outer loop
    vertex 89.41411047216404 201.25451867793745 4.799999999999888
    vertex 89.69881142177681 200.19200026901947 4.799999999999888
    vertex 89.80000000000001 201.41435935394486 4.799999999999888
  endloop
endfacet
facet normal 0.0 0.0 1.0
  outer loop
    vertex 89.80000000000001 201.41435935394486 4.799999999999888
    vertex 89.69881142177681 200.19200026901947 4.799999999999888
    vertex 90.35000000000001 200.46173140978198 4.799999999999883
  endloop
endfacet
facet normal 0.0 0.0 1.0
  outer loop
    vertex 89.80000000000001 201.41435935394486 4.799999999999888
    vertex 90.35000000000001 200.46173140978198 4.799999999999883
    vertex 90.13137084989849 201.6686291501015 4.799999999999878
  endloop
endfacet
facet normal 0.0 0.0 1.0
  outer loop
    vertex 90.13137084989849 201.6686291501015 4.799999999999878
    vertex 90.35000000000001 200.46173140978198 4.799999999999883
    vertex 90.38564064605511 201.99999999999997 4.799999999999877
  endloop
endfacet
facet normal 0.0 0.0 1.0
  outer loop
    vertex 90.38564064605511 201.99999999999997 4.799999999999877
    vertex 90.35000000000001 200.46173140978198 4.799999999999883
    vertex 90.90918830920369 200.8908116907963 4.799999999999888
  endloop
endfacet
facet normal 0.0 0.0 1.0
  outer loop
    vertex 90.38564064605511 201.99999999999997 4.799999999999877
    vertex 90.90918830920369 200.8908116907963 4.799999999999888
    vertex 90.54548132206251 202.38588952783593 4.799999999999888
  endloop
endfacet
facet normal 0.0 0.0 1.0
  outer loop
    vertex 90.54548132206251 202.38588952783593 4.799999999999888
    vertex 90.90918830920369 200.8908116907963 4.799999999999888
    vertex 90.60000000000001 202.79999999999995 4.799999999999888
  endloop
endfacet
facet normal 0.0 0.0 1.0
  outer loop
    vertex 87.4 202.79999999999995 4.799999999999888
    vertex 87.65 205.13826859021796 4.799999999999888
    vertex 87.09081169079633 204.70918830920363 4.799999999999883
  endloop
endfacet
facet normal 0.0 0.0 1.0
  outer loop
    vertex 87.65 205.13826859021796 4.799999999999888
    vertex 87.4 202.79999999999995 4.799999999999888
    vertex 87.4545186779375 203.214110472164 4.799999999999877
  endloop
endfacet
facet normal 0.0 0.0 1.0
  outer loop
    vertex 87.65 205.13826859021796 4.799999999999888
    vertex 87.4545186779375 203.214110472164 4.799999999999877
    vertex 87.6143593539449 203.6 4.799999999999888
  endloop
endfacet
facet normal 0.0 0.0 1.0
  outer loop
    vertex 87.65 205.13826859021796 4.799999999999888
    vertex 87.6143593539449 203.6 4.799999999999888
    vertex 87.86862915010153 203.93137084989846 4.799999999999887
  endloop
endfacet
facet normal 0.0 0.0 1.0
  outer loop
    vertex 87.65 205.13826859021796 4.799999999999888
    vertex 87.86862915010153 203.93137084989846 4.799999999999887
    vertex 88.3011885782232 205.40799973098044 4.799999999999888
  endloop
endfacet
facet normal 0.0 0.0 1.0
  outer loop
    vertex 88.3011885782232 205.40799973098044 4.799999999999888
    vertex 87.86862915010153 203.93137084989846 4.799999999999887
    vertex 88.2 204.18564064605508 4.799999999999887
  endloop
endfacet
facet normal 0.0 0.0 1.0
  outer loop
    vertex 88.3011885782232 205.40799973098044 4.799999999999888
    vertex 88.2 204.18564064605508 4.799999999999887
    vertex 88.58588952783597 204.34548132206245 4.799999999999887
  endloop
endfacet
facet normal 0.0 0.0 1.0
  outer loop
    vertex 88.3011885782232 205.40799973098044 4.799999999999888
    vertex 88.58588952783597 204.34548132206245 4.799999999999887
    vertex 89.0 205.49999999999997 4.799999999999888
  endloop
endfacet
facet normal 0.0 0.0 1.0
  outer loop
    vertex 89.0 205.49999999999997 4.799999999999888
    vertex 88.58588952783597 204.34548132206245 4.799999999999887
    vertex 89.0 204.39999999999998 4.799999999999887
  endloop
endfacet
facet normal 0.0 0.0 1.0
  outer loop
    vertex 89.0 205.49999999999997 4.799999999999888
    vertex 89.0 204.39999999999998 4.799999999999887
    vertex 89.41411047216404 204.34548132206245 4.799999999999887
  endloop
endfacet
facet normal 0.0 0.0 1.0
  outer loop
    vertex 89.0 205.49999999999997 4.799999999999888
    vertex 89.41411047216404 204.34548132206245 4.799999999999887
    vertex 89.69881142177681 205.40799973098044 4.799999999999888
  endloop
endfacet
facet normal 0.0 0.0 1.0
  outer loop
    vertex 89.69881142177681 205.40799973098044 4.799999999999888
    vertex 89.41411047216404 204.34548132206245 4.799999999999887
    vertex 89.80000000000001 204.18564064605508 4.799999999999887
  endloop
endfacet
facet normal 0.0 0.0 1.0
  outer loop
    vertex 89.69881142177681 205.40799973098044 4.799999999999888
    vertex 89.80000000000001 204.18564064605508 4.799999999999887
    vertex 90.35000000000001 205.13826859021796 4.799999999999888
  endloop
endfacet
facet normal 0.0 0.0 1.0
  outer loop
    vertex 90.35000000000001 205.13826859021796 4.799999999999888
    vertex 89.80000000000001 204.18564064605508 4.799999999999887
    vertex 90.13137084989849 203.93137084989846 4.799999999999887
  endloop
endfacet
facet normal 0.0 0.0 1.0
  outer loop
    vertex 90.35000000000001 205.13826859021796 4.799999999999888
    vertex 90.13137084989849 203.93137084989846 4.799999999999887
    vertex 90.38564064605511 203.6 4.799999999999888
  endloop
endfacet
facet normal 0.0 0.0 1.0
  outer loop
    vertex 90.35000000000001 205.13826859021796 4.799999999999888
    vertex 90.38564064605511 203.6 4.799999999999888
    vertex 90.90918830920369 204.70918830920363 4.799999999999883
  endloop
endfacet
facet normal 0.0 0.0 1.0
  outer loop
    vertex 90.90918830920369 204.70918830920363 4.799999999999883
    vertex 90.38564064605511 203.6 4.799999999999888
    vertex 90.54548132206251 203.214110472164 4.799999999999877
  endloop
endfacet
facet normal 0.0 0.0 1.0
  outer loop
    vertex 90.90918830920369 204.70918830920363 4.799999999999883
    vertex 90.54548132206251 203.214110472164 4.799999999999877
    vertex 90.60000000000001 202.79999999999995 4.799999999999888
  endloop
endfacet
facet normal 0.0 0.0 1.0
  outer loop
    vertex 90.90918830920369 204.70918830920363 4.799999999999883
    vertex 90.60000000000001 202.79999999999995 4.799999999999888
    vertex 90.90918830920369 200.8908116907963 4.799999999999888
  endloop
endfacet
facet normal 0.0 0.0 1.0
  outer loop
    vertex 90.90918830920369 204.70918830920363 4.799999999999883
    vertex 90.90918830920369 200.8908116907963 4.799999999999888
    vertex 91.33826859021798 201.45 4.799999999999888
  endloop
endfacet
facet normal 0.0 0.0 1.0
  outer loop
    vertex 90.90918830920369 204.70918830920363 4.799999999999883
    vertex 91.33826859021798 201.45 4.799999999999888
    vertex 91.33826859021798 204.14999999999995 4.799999999999888
  endloop
endfacet
facet normal 0.0 0.0 1.0
  outer loop
    vertex 91.33826859021798 204.14999999999995 4.799999999999888
    vertex 91.33826859021798 201.45 4.799999999999888
    vertex 91.6079997309805 202.10118857822314 4.799999999999888
  endloop
endfacet
facet normal 0.0 0.0 1.0
  outer loop
    vertex 91.33826859021798 204.14999999999995 4.799999999999888
    vertex 91.6079997309805 202.10118857822314 4.799999999999888
    vertex 91.6079997309805 203.4988114217768 4.799999999999888
  endloop
endfacet
facet normal 0.0 0.0 1.0
  outer loop
    vertex 91.6079997309805 203.4988114217768 4.799999999999888
    vertex 91.6079997309805 202.10118857822314 4.799999999999888
    vertex 91.7 202.79999999999995 4.799999999999888
  endloop
endfacet
facet normal 0.6087614290087138 0.7933533402912404 -4.018646099311667e-16
  outer loop
    vertex 87.09081169079633 285.0908116907963 5.399999999999845
    vertex 87.65 284.661731409782 4.799999999999846
    vertex 87.09081169079633 285.0908116907963 4.799999999999846
  endloop
endfacet
facet normal 0.6087614290087138 0.7933533402912404 -4.018646099311667e-16
  outer loop
    vertex 87.65 284.661731409782 4.799999999999846
    vertex 87.09081169079633 285.0908116907963 5.399999999999845
    vertex 87.65 284.661731409782 5.399999999999845
  endloop
endfacet
facet normal 0.9914448613738115 0.1305261922200443 -6.611664016319984e-17
  outer loop
    vertex 86.30000000000001 286.99999999999994 4.799999999999846
    vertex 86.39200026901952 286.30118857822316 5.399999999999845
    vertex 86.39200026901952 286.30118857822316 4.799999999999846
  endloop
endfacet
facet normal 0.9914448613738115 0.1305261922200443 -6.611664016319984e-17
  outer loop
    vertex 86.39200026901952 286.30118857822316 5.399999999999845
    vertex 86.30000000000001 286.99999999999994 4.799999999999846
    vertex 86.30000000000001 286.99999999999994 5.399999999999848
  endloop
endfacet
facet normal 0.9238795325112868 -0.38268343236508967 1.9384418072540227e-16
  outer loop
    vertex 86.66173140978202 288.34999999999997 4.79999999999984
    vertex 86.39200026901952 287.6988114217768 5.399999999999845
    vertex 86.39200026901952 287.6988114217768 4.799999999999846
  endloop
endfacet
facet normal 0.9238795325112868 -0.38268343236508967 1.9384418072540227e-16
  outer loop
    vertex 86.39200026901952 287.6988114217768 5.399999999999845
    vertex 86.66173140978202 288.34999999999997 4.79999999999984
    vertex 86.66173140978202 288.34999999999997 5.399999999999842
  endloop
endfacet
facet normal -0.7933533402912404 0.6087614290087138 -3.0836156071381643e-16
  outer loop
    vertex 91.33826859021798 285.65 5.399999999999848
    vertex 90.90918830920369 285.0908116907963 4.799999999999846
    vertex 90.90918830920369 285.0908116907963 5.399999999999845
  endloop
endfacet
facet normal -0.7933533402912404 0.6087614290087138 -3.0836156071381643e-16
  outer loop
    vertex 90.90918830920369 285.0908116907963 4.799999999999846
    vertex 91.33826859021798 285.65 5.399999999999848
    vertex 91.33826859021798 285.65 4.799999999999846
  endloop
endfacet
facet normal 0.923879532511286 -0.3826834323650918 1.9384418072540333e-16
  outer loop
    vertex 0.4617314097820149 288.34999999999997 4.79999999999984
    vertex 0.1920002690195147 287.6988114217768 5.399999999999845
    vertex 0.1920002690195147 287.6988114217768 4.799999999999846
  endloop
endfacet
facet normal 0.923879532511286 -0.3826834323650918 1.9384418072540333e-16
  outer loop
    vertex 0.1920002690195147 287.6988114217768 5.399999999999845
    vertex 0.4617314097820149 288.34999999999997 4.79999999999984
    vertex 0.4617314097820149 288.34999999999997 5.399999999999842
  endloop
endfacet
facet normal -0.3826834323651033 0.9238795325112812 -4.679812500943647e-16
  outer loop
    vertex 89.69881142177681 284.3920002690195 5.399999999999848
    vertex 90.35000000000001 284.661731409782 4.799999999999846
    vertex 89.69881142177681 284.3920002690195 4.799999999999846
  endloop
endfacet
facet normal -0.3826834323651033 0.9238795325112812 -4.679812500943647e-16
  outer loop
    vertex 90.35000000000001 284.661731409782 4.799999999999846
    vertex 89.69881142177681 284.3920002690195 5.399999999999848
    vertex 90.35000000000001 284.661731409782 5.399999999999845
  endloop
endfacet
facet normal -0.9238795325112812 0.3826834323651033 -1.9384418072540917e-16
  outer loop
    vertex 91.6079997309805 286.30118857822316 5.399999999999845
    vertex 91.33826859021798 285.65 4.799999999999846
    vertex 91.33826859021798 285.65 5.399999999999848
  endloop
endfacet
facet normal -0.9238795325112812 0.3826834323651033 -1.9384418072540917e-16
  outer loop
    vertex 91.33826859021798 285.65 4.799999999999846
    vertex 91.6079997309805 286.30118857822316 5.399999999999845
    vertex 91.6079997309805 286.30118857822316 4.799999999999846
  endloop
endfacet
facet normal -0.9238795325112812 -0.3826834323651033 1.9384418072540917e-16
  outer loop
    vertex 91.33826859021798 288.34999999999997 5.399999999999842
    vertex 91.6079997309805 287.6988114217768 4.799999999999846
    vertex 91.6079997309805 287.6988114217768 5.399999999999845
  endloop
endfacet
facet normal -0.9238795325112812 -0.3826834323651033 1.9384418072540917e-16
  outer loop
    vertex 91.6079997309805 287.6988114217768 4.799999999999846
    vertex 91.33826859021798 288.34999999999997 5.399999999999842
    vertex 91.33826859021798 288.34999999999997 4.79999999999984
  endloop
endfacet
facet normal -0.9914448613738105 0.13052619222005116 -6.611664016320333e-17
  outer loop
    vertex 5.5 286.99999999999994 5.399999999999848
    vertex 5.4079997309804835 286.30118857822316 4.799999999999846
    vertex 5.4079997309804835 286.30118857822316 5.399999999999845
  endloop
endfacet
facet normal -0.9914448613738105 0.13052619222005116 -6.611664016320333e-17
  outer loop
    vertex 5.4079997309804835 286.30118857822316 4.799999999999846
    vertex 5.5 286.99999999999994 5.399999999999848
    vertex 5.5 286.99999999999994 4.799999999999846
  endloop
endfacet
facet normal 0.3826834323651033 0.9238795325112812 -4.679812500943647e-16
  outer loop
    vertex 87.65 284.661731409782 5.399999999999845
    vertex 88.3011885782232 284.3920002690195 4.799999999999846
    vertex 87.65 284.661731409782 4.799999999999846
  endloop
endfacet
facet normal 0.3826834323651033 0.9238795325112812 -4.679812500943647e-16
  outer loop
    vertex 88.3011885782232 284.3920002690195 4.799999999999846
    vertex 87.65 284.661731409782 5.399999999999845
    vertex 88.3011885782232 284.3920002690195 5.399999999999848
  endloop
endfacet
facet normal 0.7933533402912326 -0.6087614290087239 3.0836156071382146e-16
  outer loop
    vertex 87.09081169079633 288.90918830920367 4.799999999999846
    vertex 86.66173140978202 288.34999999999997 5.399999999999842
    vertex 86.66173140978202 288.34999999999997 4.79999999999984
  endloop
endfacet
facet normal 0.7933533402912326 -0.6087614290087239 3.0836156071382146e-16
  outer loop
    vertex 86.66173140978202 288.34999999999997 5.399999999999842
    vertex 87.09081169079633 288.90918830920367 4.799999999999846
    vertex 87.09081169079633 288.90918830920367 5.399999999999845
  endloop
endfacet
facet normal -0.7933533402912404 -0.6087614290087138 3.0836156071381643e-16
  outer loop
    vertex 90.90918830920369 288.90918830920367 5.399999999999845
    vertex 91.33826859021798 288.34999999999997 4.79999999999984
    vertex 91.33826859021798 288.34999999999997 5.399999999999842
  endloop
endfacet
facet normal -0.7933533402912404 -0.6087614290087138 3.0836156071381643e-16
  outer loop
    vertex 91.33826859021798 288.34999999999997 4.79999999999984
    vertex 90.90918830920369 288.90918830920367 5.399999999999845
    vertex 90.90918830920369 288.90918830920367 4.799999999999846
  endloop
endfacet
facet normal -0.9914448613738115 0.1305261922200443 -6.611664016319984e-17
  outer loop
    vertex 91.7 286.99999999999994 5.399999999999848
    vertex 91.6079997309805 286.30118857822316 4.799999999999846
    vertex 91.6079997309805 286.30118857822316 5.399999999999845
  endloop
endfacet
facet normal -0.9914448613738115 0.1305261922200443 -6.611664016319984e-17
  outer loop
    vertex 91.6079997309805 286.30118857822316 4.799999999999846
    vertex 91.7 286.99999999999994 5.399999999999848
    vertex 91.7 286.99999999999994 4.799999999999846
  endloop
endfacet
facet normal -0.1305261922200443 0.9914448613738115 -5.022057414392227e-16
  outer loop
    vertex 89.0 284.29999999999995 5.399999999999848
    vertex 89.69881142177681 284.3920002690195 4.799999999999846
    vertex 89.0 284.29999999999995 4.799999999999846
  endloop
endfacet
facet normal -0.1305261922200443 0.9914448613738115 -5.022057414392227e-16
  outer loop
    vertex 89.69881142177681 284.3920002690195 4.799999999999846
    vertex 89.0 284.29999999999995 5.399999999999848
    vertex 89.69881142177681 284.3920002690195 5.399999999999848
  endloop
endfacet
facet normal -0.6087614290087234 -0.7933533402912332 4.01864609931163e-16
  outer loop
    vertex 4.709188309203678 288.90918830920367 4.799999999999846
    vertex 4.149999999999998 289.3382685902179 5.399999999999845
    vertex 4.149999999999998 289.3382685902179 4.79999999999984
  endloop
endfacet
facet normal -0.6087614290087234 -0.7933533402912332 4.01864609931163e-16
  outer loop
    vertex 4.149999999999998 289.3382685902179 5.399999999999845
    vertex 4.709188309203678 288.90918830920367 4.799999999999846
    vertex 4.709188309203678 288.90918830920367 5.399999999999845
  endloop
endfacet
facet normal 0.1305261922200443 0.9914448613738115 -5.022057414392227e-16
  outer loop
    vertex 88.3011885782232 284.3920002690195 5.399999999999848
    vertex 89.0 284.29999999999995 4.799999999999846
    vertex 88.3011885782232 284.3920002690195 4.799999999999846
  endloop
endfacet
facet normal 0.1305261922200443 0.9914448613738115 -5.022057414392227e-16
  outer loop
    vertex 89.0 284.29999999999995 4.799999999999846
    vertex 88.3011885782232 284.3920002690195 5.399999999999848
    vertex 89.0 284.29999999999995 5.399999999999848
  endloop
endfacet
facet normal 0.7933533402912404 0.6087614290087138 -3.0836156071381643e-16
  outer loop
    vertex 86.66173140978204 285.65 4.799999999999846
    vertex 87.09081169079633 285.0908116907963 5.399999999999845
    vertex 87.09081169079633 285.0908116907963 4.799999999999846
  endloop
endfacet
facet normal 0.7933533402912404 0.6087614290087138 -3.0836156071381643e-16
  outer loop
    vertex 87.09081169079633 285.0908116907963 5.399999999999845
    vertex 86.66173140978204 285.65 4.799999999999846
    vertex 86.66173140978204 285.65 5.399999999999848
  endloop
endfacet
facet normal -0.1305261922200443 -0.9914448613738115 5.022057414392227e-16
  outer loop
    vertex 89.69881142177681 289.60799973098045 5.399999999999842
    vertex 89.0 289.7 4.79999999999984
    vertex 89.69881142177681 289.60799973098045 4.79999999999984
  endloop
endfacet
facet normal -0.1305261922200443 -0.9914448613738115 5.022057414392227e-16
  outer loop
    vertex 89.0 289.7 4.79999999999984
    vertex 89.69881142177681 289.60799973098045 5.399999999999842
    vertex 89.0 289.7 5.399999999999842
  endloop
endfacet
facet normal -0.13052619222004455 0.9914448613738114 -5.022057414392227e-16
  outer loop
    vertex 2.8 284.29999999999995 5.399999999999848
    vertex 3.498811421776806 284.3920002690195 4.799999999999846
    vertex 2.8 284.29999999999995 4.799999999999846
  endloop
endfacet
facet normal -0.13052619222004455 0.9914448613738114 -5.022057414392227e-16
  outer loop
    vertex 3.498811421776806 284.3920002690195 4.799999999999846
    vertex 2.8 284.29999999999995 5.399999999999848
    vertex 3.498811421776806 284.3920002690195 5.399999999999848
  endloop
endfacet
facet normal -0.6087614290087239 -0.7933533402912326 4.018646099311627e-16
  outer loop
    vertex 90.90918830920369 288.90918830920367 4.799999999999846
    vertex 90.35000000000001 289.3382685902179 5.399999999999845
    vertex 90.35000000000001 289.3382685902179 4.79999999999984
  endloop
endfacet
facet normal -0.6087614290087239 -0.7933533402912326 4.018646099311627e-16
  outer loop
    vertex 90.35000000000001 289.3382685902179 5.399999999999845
    vertex 90.90918830920369 288.90918830920367 4.799999999999846
    vertex 90.90918830920369 288.90918830920367 5.399999999999845
  endloop
endfacet
facet normal -0.7933533402912356 -0.6087614290087201 3.083615607138196e-16
  outer loop
    vertex 4.709188309203678 288.90918830920367 5.399999999999845
    vertex 5.138268590217983 288.34999999999997 4.79999999999984
    vertex 5.138268590217983 288.34999999999997 5.399999999999842
  endloop
endfacet
facet normal -0.7933533402912356 -0.6087614290087201 3.083615607138196e-16
  outer loop
    vertex 5.138268590217983 288.34999999999997 4.79999999999984
    vertex 4.709188309203678 288.90918830920367 5.399999999999845
    vertex 4.709188309203678 288.90918830920367 4.799999999999846
  endloop
endfacet
facet normal 0.6087614290087138 -0.7933533402912404 4.018646099311667e-16
  outer loop
    vertex 87.65 289.3382685902179 5.399999999999845
    vertex 87.09081169079633 288.90918830920367 4.799999999999846
    vertex 87.65 289.3382685902179 4.79999999999984
  endloop
endfacet
facet normal 0.6087614290087138 -0.7933533402912404 4.018646099311667e-16
  outer loop
    vertex 87.09081169079633 288.90918830920367 4.799999999999846
    vertex 87.65 289.3382685902179 5.399999999999845
    vertex 87.09081169079633 288.90918830920367 5.399999999999845
  endloop
endfacet
facet normal -0.13052619222004486 -0.9914448613738113 5.022057414392226e-16
  outer loop
    vertex 3.4988114217768045 289.60799973098045 5.399999999999842
    vertex 2.799999999999999 289.7 4.79999999999984
    vertex 3.4988114217768045 289.60799973098045 4.79999999999984
  endloop
endfacet
facet normal -0.13052619222004486 -0.9914448613738113 5.022057414392226e-16
  outer loop
    vertex 2.799999999999999 289.7 4.79999999999984
    vertex 3.4988114217768045 289.60799973098045 5.399999999999842
    vertex 2.799999999999999 289.7 5.399999999999842
  endloop
endfacet
facet normal 0.9238795325112857 0.3826834323650922 -1.9384418072540353e-16
  outer loop
    vertex 0.1920002690195161 286.30118857822316 4.799999999999846
    vertex 0.4617314097820156 285.65 5.399999999999848
    vertex 0.4617314097820156 285.65 4.799999999999846
  endloop
endfacet
facet normal 0.9238795325112857 0.3826834323650922 -1.9384418072540353e-16
  outer loop
    vertex 0.4617314097820156 285.65 5.399999999999848
    vertex 0.1920002690195161 286.30118857822316 4.799999999999846
    vertex 0.1920002690195161 286.30118857822316 5.399999999999845
  endloop
endfacet
facet normal -0.9238795325112857 0.3826834323650922 -1.9384418072540353e-16
  outer loop
    vertex 5.4079997309804835 286.30118857822316 5.399999999999845
    vertex 5.138268590217984 285.65 4.799999999999846
    vertex 5.138268590217984 285.65 5.399999999999848
  endloop
endfacet
facet normal -0.9238795325112857 0.3826834323650922 -1.9384418072540353e-16
  outer loop
    vertex 5.138268590217984 285.65 4.799999999999846
    vertex 5.4079997309804835 286.30118857822316 5.399999999999845
    vertex 5.4079997309804835 286.30118857822316 4.799999999999846
  endloop
endfacet
facet normal 0.9914448613738105 -0.13052619222005066 6.611664016320307e-17
  outer loop
    vertex 0.1920002690195147 287.6988114217768 4.799999999999846
    vertex 0.09999999999999981 286.99999999999994 5.399999999999848
    vertex 0.09999999999999981 286.99999999999994 4.799999999999846
  endloop
endfacet
facet normal 0.9914448613738105 -0.13052619222005066 6.611664016320307e-17
  outer loop
    vertex 0.09999999999999981 286.99999999999994 5.399999999999848
    vertex 0.1920002690195147 287.6988114217768 4.799999999999846
    vertex 0.1920002690195147 287.6988114217768 5.399999999999845
  endloop
endfacet
facet normal -0.38268343236508967 -0.9238795325112868 4.679812500943675e-16
  outer loop
    vertex 90.35000000000001 289.3382685902179 5.399999999999845
    vertex 89.69881142177681 289.60799973098045 4.79999999999984
    vertex 90.35000000000001 289.3382685902179 4.79999999999984
  endloop
endfacet
facet normal -0.38268343236508967 -0.9238795325112868 4.679812500943675e-16
  outer loop
    vertex 89.69881142177681 289.60799973098045 4.79999999999984
    vertex 90.35000000000001 289.3382685902179 5.399999999999845
    vertex 89.69881142177681 289.60799973098045 5.399999999999842
  endloop
endfacet
facet normal -0.38268343236508756 0.9238795325112877 -4.67981250094368e-16
  outer loop
    vertex 3.498811421776806 284.3920002690195 5.399999999999848
    vertex 4.1499999999999995 284.661731409782 4.799999999999846
    vertex 3.498811421776806 284.3920002690195 4.799999999999846
  endloop
endfacet
facet normal -0.38268343236508756 0.9238795325112877 -4.67981250094368e-16
  outer loop
    vertex 4.1499999999999995 284.661731409782 4.799999999999846
    vertex 3.498811421776806 284.3920002690195 5.399999999999848
    vertex 4.1499999999999995 284.661731409782 5.399999999999845
  endloop
endfacet
facet normal 0.13052619222004438 -0.9914448613738115 5.022057414392227e-16
  outer loop
    vertex 2.799999999999999 289.7 5.399999999999842
    vertex 2.1011885782231916 289.60799973098045 4.79999999999984
    vertex 2.799999999999999 289.7 4.79999999999984
  endloop
endfacet
facet normal 0.13052619222004438 -0.9914448613738115 5.022057414392227e-16
  outer loop
    vertex 2.1011885782231916 289.60799973098045 4.79999999999984
    vertex 2.799999999999999 289.7 5.399999999999842
    vertex 2.1011885782231916 289.60799973098045 5.399999999999842
  endloop
endfacet
facet normal 0.3826834323651033 -0.9238795325112812 4.679812500943647e-16
  outer loop
    vertex 88.3011885782232 289.60799973098045 5.399999999999842
    vertex 87.65 289.3382685902179 4.79999999999984
    vertex 88.3011885782232 289.60799973098045 4.79999999999984
  endloop
endfacet
facet normal 0.3826834323651033 -0.9238795325112812 4.679812500943647e-16
  outer loop
    vertex 87.65 289.3382685902179 4.79999999999984
    vertex 88.3011885782232 289.60799973098045 5.399999999999842
    vertex 87.65 289.3382685902179 5.399999999999845
  endloop
endfacet
facet normal -0.9238795325112857 -0.3826834323650922 1.9384418072540353e-16
  outer loop
    vertex 5.138268590217983 288.34999999999997 5.399999999999842
    vertex 5.4079997309804835 287.6988114217768 4.799999999999846
    vertex 5.4079997309804835 287.6988114217768 5.399999999999845
  endloop
endfacet
facet normal -0.9238795325112857 -0.3826834323650922 1.9384418072540353e-16
  outer loop
    vertex 5.4079997309804835 287.6988114217768 4.799999999999846
    vertex 5.138268590217983 288.34999999999997 5.399999999999842
    vertex 5.138268590217983 288.34999999999997 4.79999999999984
  endloop
endfacet
facet normal 0.9914448613738105 0.13052619222005166 -6.611664016320358e-17
  outer loop
    vertex 0.09999999999999981 286.99999999999994 4.799999999999846
    vertex 0.1920002690195161 286.30118857822316 5.399999999999845
    vertex 0.1920002690195161 286.30118857822316 4.799999999999846
  endloop
endfacet
facet normal 0.9914448613738105 0.13052619222005166 -6.611664016320358e-17
  outer loop
    vertex 0.1920002690195161 286.30118857822316 5.399999999999845
    vertex 0.09999999999999981 286.99999999999994 4.799999999999846
    vertex 0.09999999999999981 286.99999999999994 5.399999999999848
  endloop
endfacet
facet normal 0.1305261922200443 -0.9914448613738115 5.022057414392227e-16
  outer loop
    vertex 89.0 289.7 5.399999999999842
    vertex 88.3011885782232 289.60799973098045 4.79999999999984
    vertex 89.0 289.7 4.79999999999984
  endloop
endfacet
facet normal 0.1305261922200443 -0.9914448613738115 5.022057414392227e-16
  outer loop
    vertex 88.3011885782232 289.60799973098045 4.79999999999984
    vertex 89.0 289.7 5.399999999999842
    vertex 88.3011885782232 289.60799973098045 5.399999999999842
  endloop
endfacet
facet normal 0.6087614290087243 -0.7933533402912325 4.018646099311627e-16
  outer loop
    vertex 1.4499999999999988 289.3382685902179 5.399999999999845
    vertex 0.8908116907963199 288.90918830920367 4.799999999999846
    vertex 1.4499999999999988 289.3382685902179 4.79999999999984
  endloop
endfacet
facet normal 0.6087614290087243 -0.7933533402912325 4.018646099311627e-16
  outer loop
    vertex 0.8908116907963199 288.90918830920367 4.799999999999846
    vertex 1.4499999999999988 289.3382685902179 5.399999999999845
    vertex 0.8908116907963199 288.90918830920367 5.399999999999845
  endloop
endfacet
facet normal 0.7933533402912356 0.6087614290087201 -3.083615607138196e-16
  outer loop
    vertex 0.4617314097820156 285.65 4.799999999999846
    vertex 0.8908116907963214 285.0908116907963 5.399999999999845
    vertex 0.8908116907963214 285.0908116907963 4.799999999999846
  endloop
endfacet
facet normal 0.7933533402912356 0.6087614290087201 -3.083615607138196e-16
  outer loop
    vertex 0.8908116907963214 285.0908116907963 5.399999999999845
    vertex 0.4617314097820156 285.65 4.799999999999846
    vertex 0.4617314097820156 285.65 5.399999999999848
  endloop
endfacet
facet normal 0.3826834323650878 -0.9238795325112875 4.679812500943679e-16
  outer loop
    vertex 2.1011885782231916 289.60799973098045 5.399999999999842
    vertex 1.4499999999999988 289.3382685902179 4.79999999999984
    vertex 2.1011885782231916 289.60799973098045 4.79999999999984
  endloop
endfacet
facet normal 0.3826834323650878 -0.9238795325112875 4.679812500943679e-16
  outer loop
    vertex 1.4499999999999988 289.3382685902179 4.79999999999984
    vertex 2.1011885782231916 289.60799973098045 5.399999999999842
    vertex 1.4499999999999988 289.3382685902179 5.399999999999845
  endloop
endfacet
facet normal 0.6087614290087241 0.7933533402912327 -4.018646099311627e-16
  outer loop
    vertex 0.8908116907963214 285.0908116907963 5.399999999999845
    vertex 1.4500000000000002 284.661731409782 4.799999999999846
    vertex 0.8908116907963214 285.0908116907963 4.799999999999846
  endloop
endfacet
facet normal 0.6087614290087241 0.7933533402912327 -4.018646099311627e-16
  outer loop
    vertex 1.4500000000000002 284.661731409782 4.799999999999846
    vertex 0.8908116907963214 285.0908116907963 5.399999999999845
    vertex 1.4500000000000002 284.661731409782 5.399999999999845
  endloop
endfacet
facet normal -0.9914448613738115 -0.1305261922200443 6.611664016319984e-17
  outer loop
    vertex 91.6079997309805 287.6988114217768 5.399999999999845
    vertex 91.7 286.99999999999994 4.799999999999846
    vertex 91.7 286.99999999999994 5.399999999999848
  endloop
endfacet
facet normal -0.9914448613738115 -0.1305261922200443 6.611664016319984e-17
  outer loop
    vertex 91.7 286.99999999999994 4.799999999999846
    vertex 91.6079997309805 287.6988114217768 5.399999999999845
    vertex 91.6079997309805 287.6988114217768 4.799999999999846
  endloop
endfacet
facet normal -0.6087614290087244 0.7933533402912324 -4.0186460993116256e-16
  outer loop
    vertex 4.1499999999999995 284.661731409782 5.399999999999845
    vertex 4.709188309203678 285.0908116907963 4.799999999999846
    vertex 4.1499999999999995 284.661731409782 4.799999999999846
  endloop
endfacet
facet normal -0.6087614290087244 0.7933533402912324 -4.0186460993116256e-16
  outer loop
    vertex 4.709188309203678 285.0908116907963 4.799999999999846
    vertex 4.1499999999999995 284.661731409782 5.399999999999845
    vertex 4.709188309203678 285.0908116907963 5.399999999999845
  endloop
endfacet
facet normal -0.9238795325112867 0.38268343236509006 -1.9384418072540242e-16
  outer loop
    vertex 5.4079997309804835 202.10118857822314 5.399999999999888
    vertex 5.138268590217984 201.45 4.799999999999888
    vertex 5.138268590217984 201.45 5.399999999999888
  endloop
endfacet
facet normal -0.9238795325112867 0.38268343236509006 -1.9384418072540242e-16
  outer loop
    vertex 5.138268590217984 201.45 4.799999999999888
    vertex 5.4079997309804835 202.10118857822314 5.399999999999888
    vertex 5.4079997309804835 202.10118857822314 4.799999999999888
  endloop
endfacet
facet normal 0.13052619222005163 0.9914448613738105 -5.022057414392222e-16
  outer loop
    vertex 2.101188578223194 200.19200026901947 5.399999999999888
    vertex 2.8 200.09999999999997 4.799999999999888
    vertex 2.101188578223194 200.19200026901947 4.799999999999888
  endloop
endfacet
facet normal 0.13052619222005163 0.9914448613738105 -5.022057414392222e-16
  outer loop
    vertex 2.8 200.09999999999997 4.799999999999888
    vertex 2.101188578223194 200.19200026901947 5.399999999999888
    vertex 2.8 200.09999999999997 5.399999999999888
  endloop
endfacet
facet normal 0.13052619222004475 0.9914448613738113 -5.022057414392226e-16
  outer loop
    vertex 2.101188578223194 284.3920002690195 5.399999999999848
    vertex 2.8 284.29999999999995 4.799999999999846
    vertex 2.101188578223194 284.3920002690195 4.799999999999846
  endloop
endfacet
facet normal 0.13052619222004475 0.9914448613738113 -5.022057414392226e-16
  outer loop
    vertex 2.8 284.29999999999995 4.799999999999846
    vertex 2.101188578223194 284.3920002690195 5.399999999999848
    vertex 2.8 284.29999999999995 5.399999999999848
  endloop
endfacet
facet normal -0.9238795325112817 -0.3826834323651019 1.9384418072540846e-16
  outer loop
    vertex 91.33826859021798 204.14999999999995 5.399999999999888
    vertex 91.6079997309805 203.4988114217768 4.799999999999888
    vertex 91.6079997309805 203.4988114217768 5.399999999999888
  endloop
endfacet
facet normal -0.9238795325112817 -0.3826834323651019 1.9384418072540846e-16
  outer loop
    vertex 91.6079997309805 203.4988114217768 4.799999999999888
    vertex 91.33826859021798 204.14999999999995 5.399999999999888
    vertex 91.33826859021798 204.14999999999995 4.799999999999888
  endloop
endfacet
facet normal -0.6087614290087194 0.793353340291236 -4.018646099311645e-16
  outer loop
    vertex 90.35000000000001 200.46173140978198 5.399999999999884
    vertex 90.90918830920369 200.8908116907963 4.799999999999888
    vertex 90.35000000000001 200.46173140978198 4.799999999999883
  endloop
endfacet
facet normal -0.6087614290087194 0.793353340291236 -4.018646099311645e-16
  outer loop
    vertex 90.90918830920369 200.8908116907963 4.799999999999888
    vertex 90.35000000000001 200.46173140978198 5.399999999999884
    vertex 90.90918830920369 200.8908116907963 5.399999999999888
  endloop
endfacet
facet normal -0.9914448613738113 0.13052619222004494 -6.611664016320016e-17
  outer loop
    vertex 91.7 202.79999999999995 5.399999999999888
    vertex 91.6079997309805 202.10118857822314 4.799999999999888
    vertex 91.6079997309805 202.10118857822314 5.399999999999888
  endloop
endfacet
facet normal -0.9914448613738113 0.13052619222004494 -6.611664016320016e-17
  outer loop
    vertex 91.6079997309805 202.10118857822314 4.799999999999888
    vertex 91.7 202.79999999999995 5.399999999999888
    vertex 91.7 202.79999999999995 4.799999999999888
  endloop
endfacet
facet normal -0.9914448613738114 -0.13052619222004455 6.611664016319998e-17
  outer loop
    vertex 91.6079997309805 203.4988114217768 5.399999999999888
    vertex 91.7 202.79999999999995 4.799999999999888
    vertex 91.7 202.79999999999995 5.399999999999888
  endloop
endfacet
facet normal -0.9914448613738114 -0.13052619222004455 6.611664016319998e-17
  outer loop
    vertex 91.7 202.79999999999995 4.799999999999888
    vertex 91.6079997309805 203.4988114217768 5.399999999999888
    vertex 91.6079997309805 203.4988114217768 4.799999999999888
  endloop
endfacet
facet normal 0.3826834323650914 0.9238795325112861 -4.679812500943671e-16
  outer loop
    vertex 87.65 200.46173140978198 5.399999999999884
    vertex 88.3011885782232 200.19200026901947 4.799999999999888
    vertex 87.65 200.46173140978198 4.799999999999883
  endloop
endfacet
facet normal 0.3826834323650914 0.9238795325112861 -4.679812500943671e-16
  outer loop
    vertex 88.3011885782232 200.19200026901947 4.799999999999888
    vertex 87.65 200.46173140978198 5.399999999999884
    vertex 88.3011885782232 200.19200026901947 5.399999999999888
  endloop
endfacet
facet normal -0.38268343236508756 -0.9238795325112877 4.67981250094368e-16
  outer loop
    vertex 4.149999999999998 289.3382685902179 5.399999999999845
    vertex 3.4988114217768045 289.60799973098045 4.79999999999984
    vertex 4.149999999999998 289.3382685902179 4.79999999999984
  endloop
endfacet
facet normal -0.38268343236508756 -0.9238795325112877 4.67981250094368e-16
  outer loop
    vertex 3.4988114217768045 289.60799973098045 4.79999999999984
    vertex 4.149999999999998 289.3382685902179 5.399999999999845
    vertex 3.4988114217768045 289.60799973098045 5.399999999999842
  endloop
endfacet
facet normal 0.6087614290087199 0.7933533402912359 -4.018646099311644e-16
  outer loop
    vertex 87.09081169079633 200.8908116907963 4.799999999999888
    vertex 87.65 200.46173140978198 5.399999999999884
    vertex 87.65 200.46173140978198 4.799999999999883
  endloop
endfacet
facet normal 0.6087614290087199 0.7933533402912359 -4.018646099311644e-16
  outer loop
    vertex 87.65 200.46173140978198 5.399999999999884
    vertex 87.09081169079633 200.8908116907963 4.799999999999888
    vertex 87.09081169079633 200.8908116907963 5.399999999999888
  endloop
endfacet
facet normal -0.13052619222005116 0.9914448613738105 -5.022057414392222e-16
  outer loop
    vertex 89.0 200.09999999999997 5.399999999999888
    vertex 89.69881142177681 200.19200026901947 4.799999999999888
    vertex 89.0 200.09999999999997 4.799999999999888
  endloop
endfacet
facet normal -0.13052619222005116 0.9914448613738105 -5.022057414392222e-16
  outer loop
    vertex 89.69881142177681 200.19200026901947 4.799999999999888
    vertex 89.0 200.09999999999997 5.399999999999888
    vertex 89.69881142177681 200.19200026901947 5.399999999999888
  endloop
endfacet
facet normal -0.7933533402912398 0.6087614290087147 -3.083615607138168e-16
  outer loop
    vertex 91.33826859021798 201.45 5.399999999999888
    vertex 90.90918830920369 200.8908116907963 4.799999999999888
    vertex 90.90918830920369 200.8908116907963 5.399999999999888
  endloop
endfacet
facet normal -0.7933533402912398 0.6087614290087147 -3.083615607138168e-16
  outer loop
    vertex 90.90918830920369 200.8908116907963 4.799999999999888
    vertex 91.33826859021798 201.45 5.399999999999888
    vertex 91.33826859021798 201.45 4.799999999999888
  endloop
endfacet
facet normal 0.7933533402912316 -0.6087614290087254 3.0836156071382225e-16
  outer loop
    vertex 87.09081169079633 204.70918830920363 4.799999999999883
    vertex 86.66173140978202 204.14999999999995 5.399999999999888
    vertex 86.66173140978202 204.14999999999995 4.799999999999888
  endloop
endfacet
facet normal 0.7933533402912316 -0.6087614290087254 3.0836156071382225e-16
  outer loop
    vertex 86.66173140978202 204.14999999999995 5.399999999999888
    vertex 87.09081169079633 204.70918830920363 4.799999999999883
    vertex 87.09081169079633 204.70918830920363 5.399999999999884
  endloop
endfacet
facet normal -0.7933533402912355 0.6087614290087202 -3.0836156071381963e-16
  outer loop
    vertex 5.138268590217984 201.45 5.399999999999888
    vertex 4.709188309203678 200.8908116907963 4.799999999999888
    vertex 4.709188309203678 200.8908116907963 5.399999999999888
  endloop
endfacet
facet normal -0.7933533402912355 0.6087614290087202 -3.0836156071381963e-16
  outer loop
    vertex 4.709188309203678 200.8908116907963 4.799999999999888
    vertex 5.138268590217984 201.45 5.399999999999888
    vertex 5.138268590217984 201.45 4.799999999999888
  endloop
endfacet
facet normal -0.3826834323650914 0.9238795325112861 -4.679812500943671e-16
  outer loop
    vertex 89.69881142177681 200.19200026901947 4.799999999999888
    vertex 90.35000000000001 200.46173140978198 5.399999999999884
    vertex 90.35000000000001 200.46173140978198 4.799999999999883
  endloop
endfacet
facet normal -0.3826834323650914 0.9238795325112861 -4.679812500943671e-16
  outer loop
    vertex 90.35000000000001 200.46173140978198 5.399999999999884
    vertex 89.69881142177681 200.19200026901947 4.799999999999888
    vertex 89.69881142177681 200.19200026901947 5.399999999999888
  endloop
endfacet
facet normal -0.9914448613738105 -0.13052619222005216 6.611664016320382e-17
  outer loop
    vertex 5.4079997309804835 287.6988114217768 5.399999999999845
    vertex 5.5 286.99999999999994 4.799999999999846
    vertex 5.5 286.99999999999994 5.399999999999848
  endloop
endfacet
facet normal -0.9914448613738105 -0.13052619222005216 6.611664016320382e-17
  outer loop
    vertex 5.5 286.99999999999994 4.799999999999846
    vertex 5.4079997309804835 287.6988114217768 5.399999999999845
    vertex 5.4079997309804835 287.6988114217768 4.799999999999846
  endloop
endfacet
facet normal -0.9914448613738104 0.13052619222005155 -6.611664016320353e-17
  outer loop
    vertex 5.5 202.79999999999995 5.399999999999888
    vertex 5.4079997309804835 202.10118857822314 4.799999999999888
    vertex 5.4079997309804835 202.10118857822314 5.399999999999888
  endloop
endfacet
facet normal -0.9914448613738104 0.13052619222005155 -6.611664016320353e-17
  outer loop
    vertex 5.4079997309804835 202.10118857822314 4.799999999999888
    vertex 5.5 202.79999999999995 5.399999999999888
    vertex 5.5 202.79999999999995 4.799999999999888
  endloop
endfacet
facet normal 0.13052619222005066 0.9914448613738105 -5.022057414392222e-16
  outer loop
    vertex 88.3011885782232 200.19200026901947 5.399999999999888
    vertex 89.0 200.09999999999997 4.799999999999888
    vertex 88.3011885782232 200.19200026901947 4.799999999999888
  endloop
endfacet
facet normal 0.13052619222005066 0.9914448613738105 -5.022057414392222e-16
  outer loop
    vertex 89.0 200.09999999999997 4.799999999999888
    vertex 88.3011885782232 200.19200026901947 5.399999999999888
    vertex 89.0 200.09999999999997 5.399999999999888
  endloop
endfacet
facet normal -0.7933533402912389 -0.6087614290087158 3.0836156071381737e-16
  outer loop
    vertex 90.90918830920369 204.70918830920363 5.399999999999884
    vertex 91.33826859021798 204.14999999999995 4.799999999999888
    vertex 91.33826859021798 204.14999999999995 5.399999999999888
  endloop
endfacet
facet normal -0.7933533402912389 -0.6087614290087158 3.0836156071381737e-16
  outer loop
    vertex 91.33826859021798 204.14999999999995 4.799999999999888
    vertex 90.90918830920369 204.70918830920363 5.399999999999884
    vertex 90.90918830920369 204.70918830920363 4.799999999999883
  endloop
endfacet
facet normal 4.2562700219254155e-32 -1.0 1.8457962431222668e-14
  outer loop
    vertex 93.25 196.19999999999985 3.399999999999888
    vertex -1.4499999999999937 196.19999999999965 -7.6000000000000725
    vertex 93.25 196.19999999999965 -7.6000000000000725
  endloop
endfacet
facet normal 4.2562700219254155e-32 -1.0 1.8457962431222668e-14
  outer loop
    vertex -1.4499999999999937 196.19999999999965 -7.6000000000000725
    vertex 93.25 196.19999999999985 3.399999999999888
    vertex -1.4499999999999929 196.19999999999985 3.399999999999888
  endloop
endfacet
facet normal -0.6087614290087205 0.7933533402912353 -4.01864609931164e-16
  outer loop
    vertex 4.1499999999999995 200.46173140978198 5.399999999999884
    vertex 4.709188309203678 200.8908116907963 4.799999999999888
    vertex 4.1499999999999995 200.46173140978198 4.799999999999883
  endloop
endfacet
facet normal -0.6087614290087205 0.7933533402912353 -4.01864609931164e-16
  outer loop
    vertex 4.709188309203678 200.8908116907963 4.799999999999888
    vertex 4.1499999999999995 200.46173140978198 5.399999999999884
    vertex 4.709188309203678 200.8908116907963 5.399999999999888
  endloop
endfacet
facet normal 0.7933533402912359 -0.6087614290087199 3.083615607138195e-16
  outer loop
    vertex 0.8908116907963199 288.90918830920367 4.799999999999846
    vertex 0.4617314097820149 288.34999999999997 5.399999999999842
    vertex 0.4617314097820149 288.34999999999997 4.79999999999984
  endloop
endfacet
facet normal 0.7933533402912359 -0.6087614290087199 3.083615607138195e-16
  outer loop
    vertex 0.4617314097820149 288.34999999999997 5.399999999999842
    vertex 0.8908116907963199 288.90918830920367 4.799999999999846
    vertex 0.8908116907963199 288.90918830920367 5.399999999999845
  endloop
endfacet
facet normal -0.7933533402912356 0.6087614290087201 -3.083615607138196e-16
  outer loop
    vertex 5.138268590217984 285.65 5.399999999999848
    vertex 4.709188309203678 285.0908116907963 4.799999999999846
    vertex 4.709188309203678 285.0908116907963 5.399999999999845
  endloop
endfacet
facet normal -0.7933533402912356 0.6087614290087201 -3.083615607138196e-16
  outer loop
    vertex 4.709188309203678 285.0908116907963 4.799999999999846
    vertex 5.138268590217984 285.65 5.399999999999848
    vertex 5.138268590217984 285.65 4.799999999999846
  endloop
endfacet
facet normal 2.3801659555101073e-32 -5.687175118359482e-16 -1.0
  outer loop
    vertex -1.4499999999999955 294.89999999999964 -7.600000000000128
    vertex -3.4499999999999935 198.19999999999965 -7.600000000000073
    vertex -3.4499999999999935 292.89999999999964 -7.600000000000127
  endloop
endfacet
facet normal 2.3801659555101073e-32 -5.687175118359482e-16 -1.0
  outer loop
    vertex -3.4499999999999935 198.19999999999965 -7.600000000000073
    vertex -1.4499999999999955 294.89999999999964 -7.600000000000128
    vertex -1.4499999999999937 196.19999999999965 -7.6000000000000725
  endloop
endfacet
facet normal 2.3801659555101073e-32 -5.687175118359482e-16 -1.0
  outer loop
    vertex -1.4499999999999937 196.19999999999965 -7.6000000000000725
    vertex -1.4499999999999955 294.89999999999964 -7.600000000000128
    vertex -1.3499999999999936 292.7999999999996 -7.600000000000114
  endloop
endfacet
facet normal 2.3801659555101073e-32 -5.687175118359482e-16 -1.0
  outer loop
    vertex -1.3499999999999936 292.7999999999996 -7.600000000000114
    vertex -1.4499999999999955 294.89999999999964 -7.600000000000128
    vertex 93.25 294.89999999999964 -7.600000000000128
  endloop
endfacet
facet normal 2.3801659555101073e-32 -5.687175118359482e-16 -1.0
  outer loop
    vertex -1.3499999999999936 292.7999999999996 -7.600000000000114
    vertex 93.25 294.89999999999964 -7.600000000000128
    vertex 93.14999999999999 292.7999999999996 -7.600000000000114
  endloop
endfacet
facet normal 2.3801659555101073e-32 -5.687175118359482e-16 -1.0
  outer loop
    vertex 93.14999999999999 292.7999999999996 -7.600000000000114
    vertex 93.25 294.89999999999964 -7.600000000000128
    vertex 93.14999999999999 198.2999999999996 -7.600000000000089
  endloop
endfacet
facet normal 2.3801659555101073e-32 -5.687175118359482e-16 -1.0
  outer loop
    vertex -1.4499999999999937 196.19999999999965 -7.6000000000000725
    vertex -1.3499999999999936 198.2999999999996 -7.600000000000089
    vertex 93.25 196.19999999999965 -7.6000000000000725
  endloop
endfacet
facet normal 2.3801659555101073e-32 -5.687175118359482e-16 -1.0
  outer loop
    vertex -1.3499999999999936 198.2999999999996 -7.600000000000089
    vertex -1.4499999999999937 196.19999999999965 -7.6000000000000725
    vertex -1.3499999999999936 292.7999999999996 -7.600000000000114
  endloop
endfacet
facet normal 2.3801659555101073e-32 -5.687175118359482e-16 -1.0
  outer loop
    vertex 93.25 196.19999999999965 -7.6000000000000725
    vertex -1.3499999999999936 198.2999999999996 -7.600000000000089
    vertex 93.14999999999999 198.2999999999996 -7.600000000000089
  endloop
endfacet
facet normal 2.3801659555101073e-32 -5.687175118359482e-16 -1.0
  outer loop
    vertex 93.25 196.19999999999965 -7.6000000000000725
    vertex 93.14999999999999 198.2999999999996 -7.600000000000089
    vertex 93.25 294.89999999999964 -7.600000000000128
  endloop
endfacet
facet normal 2.3801659555101073e-32 -5.687175118359482e-16 -1.0
  outer loop
    vertex 93.25 196.19999999999965 -7.6000000000000725
    vertex 93.25 294.89999999999964 -7.600000000000128
    vertex 95.25 292.89999999999964 -7.600000000000127
  endloop
endfacet
facet normal 2.3801659555101073e-32 -5.687175118359482e-16 -1.0
  outer loop
    vertex 93.25 196.19999999999965 -7.6000000000000725
    vertex 95.25 292.89999999999964 -7.600000000000127
    vertex 95.25 198.19999999999965 -7.600000000000073
  endloop
endfacet
facet normal 8.770495802755576e-33 1.0 -1.6407077716642358e-14
  outer loop
    vertex -1.4499999999999929 294.8999999999998 3.3999999999998414
    vertex 93.25 294.89999999999964 -7.600000000000128
    vertex -1.4499999999999955 294.89999999999964 -7.600000000000128
  endloop
endfacet
facet normal 8.770495802755576e-33 1.0 -1.6407077716642358e-14
  outer loop
    vertex 93.25 294.89999999999964 -7.600000000000128
    vertex -1.4499999999999929 294.8999999999998 3.3999999999998414
    vertex 93.25 294.8999999999998 3.3999999999998414
  endloop
endfacet
facet normal -1.3519227091872528e-47 4.764462906099933e-16 1.0
  outer loop
    vertex 0.0 283.4 5.399999999999859
    vertex 0.1920002690195161 286.30118857822316 5.399999999999845
    vertex 0.09999999999999981 286.99999999999994 5.399999999999848
  endloop
endfacet
facet normal -1.3519227091872528e-47 4.764462906099933e-16 1.0
  outer loop
    vertex 0.1920002690195161 286.30118857822316 5.399999999999845
    vertex 0.0 283.4 5.399999999999859
    vertex 0.4617314097820156 285.65 5.399999999999848
  endloop
endfacet
facet normal -1.3519227091872528e-47 4.764462906099933e-16 1.0
  outer loop
    vertex 0.4617314097820156 285.65 5.399999999999848
    vertex 0.0 283.4 5.399999999999859
    vertex 0.8908116907963214 285.0908116907963 5.399999999999845
  endloop
endfacet
facet normal -1.3519227091872528e-47 4.764462906099933e-16 1.0
  outer loop
    vertex 0.8908116907963214 285.0908116907963 5.399999999999845
    vertex 0.0 283.4 5.399999999999859
    vertex 1.4500000000000002 284.661731409782 5.399999999999845
  endloop
endfacet
facet normal -1.3519227091872528e-47 4.764462906099933e-16 1.0
  outer loop
    vertex 1.4500000000000002 284.661731409782 5.399999999999845
    vertex 0.0 283.4 5.399999999999859
    vertex 2.101188578223194 284.3920002690195 5.399999999999848
  endloop
endfacet
facet normal -1.3519227091872528e-47 4.764462906099933e-16 1.0
  outer loop
    vertex 2.101188578223194 284.3920002690195 5.399999999999848
    vertex 0.0 283.4 5.399999999999859
    vertex 2.8 284.29999999999995 5.399999999999848
  endloop
endfacet
facet normal -1.3519227091872528e-47 4.764462906099933e-16 1.0
  outer loop
    vertex 2.8 284.29999999999995 5.399999999999848
    vertex 0.0 283.4 5.399999999999859
    vertex 91.8 283.4 5.399999999999859
  endloop
endfacet
facet normal -1.3519227091872528e-47 4.764462906099933e-16 1.0
  outer loop
    vertex 2.8 284.29999999999995 5.399999999999848
    vertex 91.8 283.4 5.399999999999859
    vertex 3.498811421776806 284.3920002690195 5.399999999999848
  endloop
endfacet
facet normal -1.3519227091872528e-47 4.764462906099933e-16 1.0
  outer loop
    vertex 3.498811421776806 284.3920002690195 5.399999999999848
    vertex 91.8 283.4 5.399999999999859
    vertex 4.1499999999999995 284.661731409782 5.399999999999845
  endloop
endfacet
facet normal -1.3519227091872528e-47 4.764462906099933e-16 1.0
  outer loop
    vertex 4.1499999999999995 284.661731409782 5.399999999999845
    vertex 91.8 283.4 5.399999999999859
    vertex 4.709188309203678 285.0908116907963 5.399999999999845
  endloop
endfacet
facet normal -1.3519227091872528e-47 4.764462906099933e-16 1.0
  outer loop
    vertex 4.709188309203678 285.0908116907963 5.399999999999845
    vertex 91.8 283.4 5.399999999999859
    vertex 5.138268590217984 285.65 5.399999999999848
  endloop
endfacet
facet normal -1.3519227091872528e-47 4.764462906099933e-16 1.0
  outer loop
    vertex 5.138268590217984 285.65 5.399999999999848
    vertex 91.8 283.4 5.399999999999859
    vertex 5.4079997309804835 286.30118857822316 5.399999999999845
  endloop
endfacet
facet normal -1.3519227091872528e-47 4.764462906099933e-16 1.0
  outer loop
    vertex 5.4079997309804835 286.30118857822316 5.399999999999845
    vertex 91.8 283.4 5.399999999999859
    vertex 5.5 286.99999999999994 5.399999999999848
  endloop
endfacet
facet normal -1.3519227091872528e-47 4.764462906099933e-16 1.0
  outer loop
    vertex 5.5 286.99999999999994 5.399999999999848
    vertex 91.8 283.4 5.399999999999859
    vertex 88.3011885782232 284.3920002690195 5.399999999999848
  endloop
endfacet
facet normal -1.3519227091872528e-47 4.764462906099933e-16 1.0
  outer loop
    vertex 5.5 286.99999999999994 5.399999999999848
    vertex 88.3011885782232 284.3920002690195 5.399999999999848
    vertex 87.65 284.661731409782 5.399999999999845
  endloop
endfacet
facet normal -1.3519227091872528e-47 4.764462906099933e-16 1.0
  outer loop
    vertex 5.5 286.99999999999994 5.399999999999848
    vertex 87.65 284.661731409782 5.399999999999845
    vertex 87.09081169079633 285.0908116907963 5.399999999999845
  endloop
endfacet
facet normal -1.3519227091872528e-47 4.764462906099933e-16 1.0
  outer loop
    vertex 5.5 286.99999999999994 5.399999999999848
    vertex 87.09081169079633 285.0908116907963 5.399999999999845
    vertex 86.66173140978204 285.65 5.399999999999848
  endloop
endfacet
facet normal -1.3519227091872528e-47 4.764462906099933e-16 1.0
  outer loop
    vertex 5.5 286.99999999999994 5.399999999999848
    vertex 86.66173140978204 285.65 5.399999999999848
    vertex 86.39200026901952 286.30118857822316 5.399999999999845
  endloop
endfacet
facet normal -1.3519227091872528e-47 4.764462906099933e-16 1.0
  outer loop
    vertex 5.5 286.99999999999994 5.399999999999848
    vertex 86.39200026901952 286.30118857822316 5.399999999999845
    vertex 86.30000000000001 286.99999999999994 5.399999999999848
  endloop
endfacet
facet normal -1.3519227091872528e-47 4.764462906099933e-16 1.0
  outer loop
    vertex 88.3011885782232 284.3920002690195 5.399999999999848
    vertex 91.8 283.4 5.399999999999859
    vertex 89.0 284.29999999999995 5.399999999999848
  endloop
endfacet
facet normal -1.3519227091872528e-47 4.764462906099933e-16 1.0
  outer loop
    vertex 89.0 284.29999999999995 5.399999999999848
    vertex 91.8 283.4 5.399999999999859
    vertex 89.69881142177681 284.3920002690195 5.399999999999848
  endloop
endfacet
facet normal -1.3519227091872528e-47 4.764462906099933e-16 1.0
  outer loop
    vertex 89.69881142177681 284.3920002690195 5.399999999999848
    vertex 91.8 283.4 5.399999999999859
    vertex 90.35000000000001 284.661731409782 5.399999999999845
  endloop
endfacet
facet normal -1.3519227091872528e-47 4.764462906099933e-16 1.0
  outer loop
    vertex 90.35000000000001 284.661731409782 5.399999999999845
    vertex 91.8 283.4 5.399999999999859
    vertex 90.90918830920369 285.0908116907963 5.399999999999845
  endloop
endfacet
facet normal -1.3519227091872528e-47 4.764462906099933e-16 1.0
  outer loop
    vertex 90.90918830920369 285.0908116907963 5.399999999999845
    vertex 91.8 283.4 5.399999999999859
    vertex 91.33826859021798 285.65 5.399999999999848
  endloop
endfacet
facet normal -1.3519227091872528e-47 4.764462906099933e-16 1.0
  outer loop
    vertex 91.33826859021798 285.65 5.399999999999848
    vertex 91.8 283.4 5.399999999999859
    vertex 91.6079997309805 286.30118857822316 5.399999999999845
  endloop
endfacet
facet normal -1.3519227091872528e-47 4.764462906099933e-16 1.0
  outer loop
    vertex 91.6079997309805 286.30118857822316 5.399999999999845
    vertex 91.8 283.4 5.399999999999859
    vertex 91.7 286.99999999999994 5.399999999999848
  endloop
endfacet
facet normal -1.3519227091872528e-47 4.764462906099933e-16 1.0
  outer loop
    vertex -1.4499999999999929 198.19999999999987 5.399999999999888
    vertex 0.09999999999999981 202.79999999999995 5.399999999999888
    vertex -1.4499999999999929 292.89999999999986 5.399999999999842
  endloop
endfacet
facet normal -1.3519227091872528e-47 4.764462906099933e-16 1.0
  outer loop
    vertex 0.09999999999999981 202.79999999999995 5.399999999999888
    vertex -1.4499999999999929 198.19999999999987 5.399999999999888
    vertex 0.1920002690195161 202.10118857822314 5.399999999999888
  endloop
endfacet
facet normal -1.3519227091872528e-47 4.764462906099933e-16 1.0
  outer loop
    vertex 0.1920002690195161 202.10118857822314 5.399999999999888
    vertex -1.4499999999999929 198.19999999999987 5.399999999999888
    vertex 0.4617314097820156 201.44999999999996 5.399999999999888
  endloop
endfacet
facet normal -1.3519227091872528e-47 4.764462906099933e-16 1.0
  outer loop
    vertex 0.4617314097820156 201.44999999999996 5.399999999999888
    vertex -1.4499999999999929 198.19999999999987 5.399999999999888
    vertex 0.8908116907963214 200.8908116907963 5.399999999999888
  endloop
endfacet
facet normal -1.3519227091872528e-47 4.764462906099933e-16 1.0
  outer loop
    vertex 0.8908116907963214 200.8908116907963 5.399999999999888
    vertex -1.4499999999999929 198.19999999999987 5.399999999999888
    vertex 1.4500000000000002 200.46173140978198 5.399999999999884
  endloop
endfacet
facet normal -1.3519227091872528e-47 4.764462906099933e-16 1.0
  outer loop
    vertex 1.4500000000000002 200.46173140978198 5.399999999999884
    vertex -1.4499999999999929 198.19999999999987 5.399999999999888
    vertex 2.101188578223194 200.19200026901947 5.399999999999888
  endloop
endfacet
facet normal -1.3519227091872528e-47 4.764462906099933e-16 1.0
  outer loop
    vertex 2.101188578223194 200.19200026901947 5.399999999999888
    vertex -1.4499999999999929 198.19999999999987 5.399999999999888
    vertex 2.8 200.09999999999997 5.399999999999888
  endloop
endfacet
facet normal -1.3519227091872528e-47 4.764462906099933e-16 1.0
  outer loop
    vertex 2.8 200.09999999999997 5.399999999999888
    vertex -1.4499999999999929 198.19999999999987 5.399999999999888
    vertex 93.25 198.19999999999987 5.399999999999888
  endloop
endfacet
facet normal -1.3519227091872528e-47 4.764462906099933e-16 1.0
  outer loop
    vertex -1.4499999999999929 292.89999999999986 5.399999999999842
    vertex 0.09999999999999981 202.79999999999995 5.399999999999888
    vertex 0.0 213.9 5.399999999999881
  endloop
endfacet
facet normal -1.3519227091872528e-47 4.764462906099933e-16 1.0
  outer loop
    vertex 2.8 200.09999999999997 5.399999999999888
    vertex 93.25 198.19999999999987 5.399999999999888
    vertex 3.498811421776806 200.19200026901947 5.399999999999888
  endloop
endfacet
facet normal -1.3519227091872528e-47 4.764462906099933e-16 1.0
  outer loop
    vertex 3.498811421776806 200.19200026901947 5.399999999999888
    vertex 93.25 198.19999999999987 5.399999999999888
    vertex 4.1499999999999995 200.46173140978198 5.399999999999884
  endloop
endfacet
facet normal -1.3519227091872528e-47 4.764462906099933e-16 1.0
  outer loop
    vertex 4.1499999999999995 200.46173140978198 5.399999999999884
    vertex 93.25 198.19999999999987 5.399999999999888
    vertex 4.709188309203678 200.8908116907963 5.399999999999888
  endloop
endfacet
facet normal -1.3519227091872528e-47 4.764462906099933e-16 1.0
  outer loop
    vertex 4.709188309203678 200.8908116907963 5.399999999999888
    vertex 93.25 198.19999999999987 5.399999999999888
    vertex 5.138268590217984 201.45 5.399999999999888
  endloop
endfacet
facet normal -1.3519227091872528e-47 4.764462906099933e-16 1.0
  outer loop
    vertex 5.138268590217984 201.45 5.399999999999888
    vertex 93.25 198.19999999999987 5.399999999999888
    vertex 5.4079997309804835 202.10118857822314 5.399999999999888
  endloop
endfacet
facet normal -1.3519227091872528e-47 4.764462906099933e-16 1.0
  outer loop
    vertex 5.4079997309804835 202.10118857822314 5.399999999999888
    vertex 93.25 198.19999999999987 5.399999999999888
    vertex 5.5 202.79999999999995 5.399999999999888
  endloop
endfacet
facet normal -1.3519227091872528e-47 4.764462906099933e-16 1.0
  outer loop
    vertex 5.5 202.79999999999995 5.399999999999888
    vertex 93.25 198.19999999999987 5.399999999999888
    vertex 88.3011885782232 200.19200026901947 5.399999999999888
  endloop
endfacet
facet normal -1.3519227091872528e-47 4.764462906099933e-16 1.0
  outer loop
    vertex 5.5 202.79999999999995 5.399999999999888
    vertex 88.3011885782232 200.19200026901947 5.399999999999888
    vertex 87.65 200.46173140978198 5.399999999999884
  endloop
endfacet
facet normal -1.3519227091872528e-47 4.764462906099933e-16 1.0
  outer loop
    vertex 5.5 202.79999999999995 5.399999999999888
    vertex 87.65 200.46173140978198 5.399999999999884
    vertex 87.09081169079633 200.8908116907963 5.399999999999888
  endloop
endfacet
facet normal -1.3519227091872528e-47 4.764462906099933e-16 1.0
  outer loop
    vertex 5.5 202.79999999999995 5.399999999999888
    vertex 87.09081169079633 200.8908116907963 5.399999999999888
    vertex 86.66173140978204 201.45 5.399999999999888
  endloop
endfacet
facet normal -1.3519227091872528e-47 4.764462906099933e-16 1.0
  outer loop
    vertex 5.5 202.79999999999995 5.399999999999888
    vertex 86.66173140978204 201.45 5.399999999999888
    vertex 86.39200026901952 202.10118857822314 5.399999999999888
  endloop
endfacet
facet normal -1.3519227091872528e-47 4.764462906099933e-16 1.0
  outer loop
    vertex 5.5 202.79999999999995 5.399999999999888
    vertex 86.39200026901952 202.10118857822314 5.399999999999888
    vertex 86.30000000000001 202.79999999999995 5.399999999999888
  endloop
endfacet
facet normal -1.3519227091872528e-47 4.764462906099933e-16 1.0
  outer loop
    vertex 88.3011885782232 200.19200026901947 5.399999999999888
    vertex 93.25 198.19999999999987 5.399999999999888
    vertex 89.0 200.09999999999997 5.399999999999888
  endloop
endfacet
facet normal -1.3519227091872528e-47 4.764462906099933e-16 1.0
  outer loop
    vertex 89.0 200.09999999999997 5.399999999999888
    vertex 93.25 198.19999999999987 5.399999999999888
    vertex 89.69881142177681 200.19200026901947 5.399999999999888
  endloop
endfacet
facet normal -1.3519227091872528e-47 4.764462906099933e-16 1.0
  outer loop
    vertex 89.69881142177681 200.19200026901947 5.399999999999888
    vertex 93.25 198.19999999999987 5.399999999999888
    vertex 90.35000000000001 200.46173140978198 5.399999999999884
  endloop
endfacet
facet normal -1.3519227091872528e-47 4.764462906099933e-16 1.0
  outer loop
    vertex 90.35000000000001 200.46173140978198 5.399999999999884
    vertex 93.25 198.19999999999987 5.399999999999888
    vertex 90.90918830920369 200.8908116907963 5.399999999999888
  endloop
endfacet
facet normal -1.3519227091872528e-47 4.764462906099933e-16 1.0
  outer loop
    vertex 90.90918830920369 200.8908116907963 5.399999999999888
    vertex 93.25 198.19999999999987 5.399999999999888
    vertex 91.33826859021798 201.45 5.399999999999888
  endloop
endfacet
facet normal -1.3519227091872528e-47 4.764462906099933e-16 1.0
  outer loop
    vertex 91.33826859021798 201.45 5.399999999999888
    vertex 93.25 198.19999999999987 5.399999999999888
    vertex 91.6079997309805 202.10118857822314 5.399999999999888
  endloop
endfacet
facet normal -1.3519227091872528e-47 4.764462906099933e-16 1.0
  outer loop
    vertex 91.6079997309805 202.10118857822314 5.399999999999888
    vertex 93.25 198.19999999999987 5.399999999999888
    vertex 91.7 202.79999999999995 5.399999999999888
  endloop
endfacet
facet normal -1.3519227091872528e-47 4.764462906099933e-16 1.0
  outer loop
    vertex 91.7 202.79999999999995 5.399999999999888
    vertex 93.25 198.19999999999987 5.399999999999888
    vertex 91.8 213.9 5.399999999999893
  endloop
endfacet
facet normal -1.3519227091872528e-47 4.764462906099933e-16 1.0
  outer loop
    vertex 91.8 213.9 5.399999999999893
    vertex 93.25 198.19999999999987 5.399999999999888
    vertex 91.8 283.4 5.399999999999859
  endloop
endfacet
facet normal -1.3519227091872528e-47 4.764462906099933e-16 1.0
  outer loop
    vertex -1.4499999999999929 292.89999999999986 5.399999999999842
    vertex 2.799999999999999 289.7 5.399999999999842
    vertex 93.25 292.89999999999986 5.399999999999842
  endloop
endfacet
facet normal -1.3519227091872528e-47 4.764462906099933e-16 1.0
  outer loop
    vertex 2.799999999999999 289.7 5.399999999999842
    vertex -1.4499999999999929 292.89999999999986 5.399999999999842
    vertex 2.1011885782231916 289.60799973098045 5.399999999999842
  endloop
endfacet
facet normal -1.3519227091872528e-47 4.764462906099933e-16 1.0
  outer loop
    vertex 2.1011885782231916 289.60799973098045 5.399999999999842
    vertex -1.4499999999999929 292.89999999999986 5.399999999999842
    vertex 1.4499999999999988 289.3382685902179 5.399999999999845
  endloop
endfacet
facet normal -1.3519227091872528e-47 4.764462906099933e-16 1.0
  outer loop
    vertex 1.4499999999999988 289.3382685902179 5.399999999999845
    vertex -1.4499999999999929 292.89999999999986 5.399999999999842
    vertex 0.8908116907963199 288.90918830920367 5.399999999999845
  endloop
endfacet
facet normal -1.3519227091872528e-47 4.764462906099933e-16 1.0
  outer loop
    vertex 0.8908116907963199 288.90918830920367 5.399999999999845
    vertex -1.4499999999999929 292.89999999999986 5.399999999999842
    vertex 0.4617314097820149 288.34999999999997 5.399999999999842
  endloop
endfacet
facet normal -1.3519227091872528e-47 4.764462906099933e-16 1.0
  outer loop
    vertex 0.4617314097820149 288.34999999999997 5.399999999999842
    vertex -1.4499999999999929 292.89999999999986 5.399999999999842
    vertex 0.1920002690195147 287.6988114217768 5.399999999999845
  endloop
endfacet
facet normal -1.3519227091872528e-47 4.764462906099933e-16 1.0
  outer loop
    vertex 0.1920002690195147 287.6988114217768 5.399999999999845
    vertex -1.4499999999999929 292.89999999999986 5.399999999999842
    vertex 0.09999999999999981 286.99999999999994 5.399999999999848
  endloop
endfacet
facet normal -1.3519227091872528e-47 4.764462906099933e-16 1.0
  outer loop
    vertex 0.09999999999999981 286.99999999999994 5.399999999999848
    vertex -1.4499999999999929 292.89999999999986 5.399999999999842
    vertex 0.0 283.4 5.399999999999859
  endloop
endfacet
facet normal -1.3519227091872528e-47 4.764462906099933e-16 1.0
  outer loop
    vertex 0.0 283.4 5.399999999999859
    vertex -1.4499999999999929 292.89999999999986 5.399999999999842
    vertex 0.0 213.9 5.399999999999881
  endloop
endfacet
facet normal -1.3519227091872528e-47 4.764462906099933e-16 1.0
  outer loop
    vertex 93.25 292.89999999999986 5.399999999999842
    vertex 2.799999999999999 289.7 5.399999999999842
    vertex 3.4988114217768045 289.60799973098045 5.399999999999842
  endloop
endfacet
facet normal -1.3519227091872528e-47 4.764462906099933e-16 1.0
  outer loop
    vertex 93.25 292.89999999999986 5.399999999999842
    vertex 3.4988114217768045 289.60799973098045 5.399999999999842
    vertex 4.149999999999998 289.3382685902179 5.399999999999845
  endloop
endfacet
facet normal -1.3519227091872528e-47 4.764462906099933e-16 1.0
  outer loop
    vertex 93.25 292.89999999999986 5.399999999999842
    vertex 4.149999999999998 289.3382685902179 5.399999999999845
    vertex 4.709188309203678 288.90918830920367 5.399999999999845
  endloop
endfacet
facet normal -1.3519227091872528e-47 4.764462906099933e-16 1.0
  outer loop
    vertex 93.25 292.89999999999986 5.399999999999842
    vertex 4.709188309203678 288.90918830920367 5.399999999999845
    vertex 5.138268590217983 288.34999999999997 5.399999999999842
  endloop
endfacet
facet normal -1.3519227091872528e-47 4.764462906099933e-16 1.0
  outer loop
    vertex 93.25 292.89999999999986 5.399999999999842
    vertex 5.138268590217983 288.34999999999997 5.399999999999842
    vertex 5.4079997309804835 287.6988114217768 5.399999999999845
  endloop
endfacet
facet normal -1.3519227091872528e-47 4.764462906099933e-16 1.0
  outer loop
    vertex 93.25 292.89999999999986 5.399999999999842
    vertex 5.4079997309804835 287.6988114217768 5.399999999999845
    vertex 5.5 286.99999999999994 5.399999999999848
  endloop
endfacet
facet normal -1.3519227091872528e-47 4.764462906099933e-16 1.0
  outer loop
    vertex 93.25 292.89999999999986 5.399999999999842
    vertex 5.5 286.99999999999994 5.399999999999848
    vertex 87.65 289.3382685902179 5.399999999999845
  endloop
endfacet
facet normal -1.3519227091872528e-47 4.764462906099933e-16 1.0
  outer loop
    vertex 87.65 289.3382685902179 5.399999999999845
    vertex 5.5 286.99999999999994 5.399999999999848
    vertex 87.09081169079633 288.90918830920367 5.399999999999845
  endloop
endfacet
facet normal -1.3519227091872528e-47 4.764462906099933e-16 1.0
  outer loop
    vertex 87.09081169079633 288.90918830920367 5.399999999999845
    vertex 5.5 286.99999999999994 5.399999999999848
    vertex 86.66173140978202 288.34999999999997 5.399999999999842
  endloop
endfacet
facet normal -1.3519227091872528e-47 4.764462906099933e-16 1.0
  outer loop
    vertex 86.66173140978202 288.34999999999997 5.399999999999842
    vertex 5.5 286.99999999999994 5.399999999999848
    vertex 86.39200026901952 287.6988114217768 5.399999999999845
  endloop
endfacet
facet normal -1.3519227091872528e-47 4.764462906099933e-16 1.0
  outer loop
    vertex 86.39200026901952 287.6988114217768 5.399999999999845
    vertex 5.5 286.99999999999994 5.399999999999848
    vertex 86.30000000000001 286.99999999999994 5.399999999999848
  endloop
endfacet
facet normal -1.3519227091872528e-47 4.764462906099933e-16 1.0
  outer loop
    vertex 93.25 292.89999999999986 5.399999999999842
    vertex 87.65 289.3382685902179 5.399999999999845
    vertex 88.3011885782232 289.60799973098045 5.399999999999842
  endloop
endfacet
facet normal -1.3519227091872528e-47 4.764462906099933e-16 1.0
  outer loop
    vertex 93.25 292.89999999999986 5.399999999999842
    vertex 88.3011885782232 289.60799973098045 5.399999999999842
    vertex 89.0 289.7 5.399999999999842
  endloop
endfacet
facet normal -1.3519227091872528e-47 4.764462906099933e-16 1.0
  outer loop
    vertex 93.25 292.89999999999986 5.399999999999842
    vertex 89.0 289.7 5.399999999999842
    vertex 89.69881142177681 289.60799973098045 5.399999999999842
  endloop
endfacet
facet normal -1.3519227091872528e-47 4.764462906099933e-16 1.0
  outer loop
    vertex 93.25 292.89999999999986 5.399999999999842
    vertex 89.69881142177681 289.60799973098045 5.399999999999842
    vertex 90.35000000000001 289.3382685902179 5.399999999999845
  endloop
endfacet
facet normal -1.3519227091872528e-47 4.764462906099933e-16 1.0
  outer loop
    vertex 93.25 292.89999999999986 5.399999999999842
    vertex 90.35000000000001 289.3382685902179 5.399999999999845
    vertex 90.90918830920369 288.90918830920367 5.399999999999845
  endloop
endfacet
facet normal -1.3519227091872528e-47 4.764462906099933e-16 1.0
  outer loop
    vertex 93.25 292.89999999999986 5.399999999999842
    vertex 90.90918830920369 288.90918830920367 5.399999999999845
    vertex 91.33826859021798 288.34999999999997 5.399999999999842
  endloop
endfacet
facet normal -1.3519227091872528e-47 4.764462906099933e-16 1.0
  outer loop
    vertex 93.25 292.89999999999986 5.399999999999842
    vertex 91.33826859021798 288.34999999999997 5.399999999999842
    vertex 91.6079997309805 287.6988114217768 5.399999999999845
  endloop
endfacet
facet normal -1.3519227091872528e-47 4.764462906099933e-16 1.0
  outer loop
    vertex 93.25 292.89999999999986 5.399999999999842
    vertex 91.6079997309805 287.6988114217768 5.399999999999845
    vertex 91.7 286.99999999999994 5.399999999999848
  endloop
endfacet
facet normal -1.3519227091872528e-47 4.764462906099933e-16 1.0
  outer loop
    vertex 93.25 292.89999999999986 5.399999999999842
    vertex 91.7 286.99999999999994 5.399999999999848
    vertex 91.8 283.4 5.399999999999859
  endloop
endfacet
facet normal -1.3519227091872528e-47 4.764462906099933e-16 1.0
  outer loop
    vertex 93.25 292.89999999999986 5.399999999999842
    vertex 91.8 283.4 5.399999999999859
    vertex 93.25 198.19999999999987 5.399999999999888
  endloop
endfacet
facet normal -1.3519227091872528e-47 4.764462906099933e-16 1.0
  outer loop
    vertex 0.0 213.9 5.399999999999881
    vertex 2.799999999999999 205.49999999999997 5.399999999999888
    vertex 91.8 213.9 5.399999999999893
  endloop
endfacet
facet normal -1.3519227091872528e-47 4.764462906099933e-16 1.0
  outer loop
    vertex 2.799999999999999 205.49999999999997 5.399999999999888
    vertex 0.0 213.9 5.399999999999881
    vertex 2.1011885782231916 205.40799973098046 5.399999999999888
  endloop
endfacet
facet normal -1.3519227091872528e-47 4.764462906099933e-16 1.0
  outer loop
    vertex 2.1011885782231916 205.40799973098046 5.399999999999888
    vertex 0.0 213.9 5.399999999999881
    vertex 1.4499999999999988 205.13826859021796 5.399999999999888
  endloop
endfacet
facet normal -1.3519227091872528e-47 4.764462906099933e-16 1.0
  outer loop
    vertex 1.4499999999999988 205.13826859021796 5.399999999999888
    vertex 0.0 213.9 5.399999999999881
    vertex 0.8908116907963199 204.70918830920363 5.399999999999884
  endloop
endfacet
facet normal -1.3519227091872528e-47 4.764462906099933e-16 1.0
  outer loop
    vertex 0.8908116907963199 204.70918830920363 5.399999999999884
    vertex 0.0 213.9 5.399999999999881
    vertex 0.4617314097820149 204.14999999999995 5.399999999999888
  endloop
endfacet
facet normal -1.3519227091872528e-47 4.764462906099933e-16 1.0
  outer loop
    vertex 0.4617314097820149 204.14999999999995 5.399999999999888
    vertex 0.0 213.9 5.399999999999881
    vertex 0.1920002690195147 203.49881142177674 5.399999999999888
  endloop
endfacet
facet normal -1.3519227091872528e-47 4.764462906099933e-16 1.0
  outer loop
    vertex 0.1920002690195147 203.49881142177674 5.399999999999888
    vertex 0.0 213.9 5.399999999999881
    vertex 0.09999999999999981 202.79999999999995 5.399999999999888
  endloop
endfacet
facet normal -1.3519227091872528e-47 4.764462906099933e-16 1.0
  outer loop
    vertex 91.8 213.9 5.399999999999893
    vertex 2.799999999999999 205.49999999999997 5.399999999999888
    vertex 3.4988114217768045 205.40799973098046 5.399999999999888
  endloop
endfacet
facet normal -1.3519227091872528e-47 4.764462906099933e-16 1.0
  outer loop
    vertex 91.8 213.9 5.399999999999893
    vertex 3.4988114217768045 205.40799973098046 5.399999999999888
    vertex 4.149999999999998 205.13826859021796 5.399999999999888
  endloop
endfacet
facet normal -1.3519227091872528e-47 4.764462906099933e-16 1.0
  outer loop
    vertex 91.8 213.9 5.399999999999893
    vertex 4.149999999999998 205.13826859021796 5.399999999999888
    vertex 4.709188309203678 204.70918830920363 5.399999999999884
  endloop
endfacet
facet normal -1.3519227091872528e-47 4.764462906099933e-16 1.0
  outer loop
    vertex 91.8 213.9 5.399999999999893
    vertex 4.709188309203678 204.70918830920363 5.399999999999884
    vertex 5.138268590217983 204.14999999999995 5.399999999999888
  endloop
endfacet
facet normal -1.3519227091872528e-47 4.764462906099933e-16 1.0
  outer loop
    vertex 91.8 213.9 5.399999999999893
    vertex 5.138268590217983 204.14999999999995 5.399999999999888
    vertex 5.4079997309804835 203.4988114217768 5.399999999999888
  endloop
endfacet
facet normal -1.3519227091872528e-47 4.764462906099933e-16 1.0
  outer loop
    vertex 91.8 213.9 5.399999999999893
    vertex 5.4079997309804835 203.4988114217768 5.399999999999888
    vertex 5.5 202.79999999999995 5.399999999999888
  endloop
endfacet
facet normal -1.3519227091872528e-47 4.764462906099933e-16 1.0
  outer loop
    vertex 91.8 213.9 5.399999999999893
    vertex 5.5 202.79999999999995 5.399999999999888
    vertex 86.66173140978202 204.14999999999995 5.399999999999888
  endloop
endfacet
facet normal -1.3519227091872528e-47 4.764462906099933e-16 1.0
  outer loop
    vertex 86.66173140978202 204.14999999999995 5.399999999999888
    vertex 5.5 202.79999999999995 5.399999999999888
    vertex 86.39200026901952 203.49881142177674 5.399999999999888
  endloop
endfacet
facet normal -1.3519227091872528e-47 4.764462906099933e-16 1.0
  outer loop
    vertex 86.39200026901952 203.49881142177674 5.399999999999888
    vertex 5.5 202.79999999999995 5.399999999999888
    vertex 86.30000000000001 202.79999999999995 5.399999999999888
  endloop
endfacet
facet normal -1.3519227091872528e-47 4.764462906099933e-16 1.0
  outer loop
    vertex 91.8 213.9 5.399999999999893
    vertex 86.66173140978202 204.14999999999995 5.399999999999888
    vertex 87.09081169079633 204.70918830920363 5.399999999999884
  endloop
endfacet
facet normal -1.3519227091872528e-47 4.764462906099933e-16 1.0
  outer loop
    vertex 91.8 213.9 5.399999999999893
    vertex 87.09081169079633 204.70918830920363 5.399999999999884
    vertex 87.65 205.13826859021796 5.399999999999888
  endloop
endfacet
facet normal -1.3519227091872528e-47 4.764462906099933e-16 1.0
  outer loop
    vertex 91.8 213.9 5.399999999999893
    vertex 87.65 205.13826859021796 5.399999999999888
    vertex 88.3011885782232 205.40799973098044 5.399999999999888
  endloop
endfacet
facet normal -1.3519227091872528e-47 4.764462906099933e-16 1.0
  outer loop
    vertex 91.8 213.9 5.399999999999893
    vertex 88.3011885782232 205.40799973098044 5.399999999999888
    vertex 89.0 205.49999999999997 5.399999999999888
  endloop
endfacet
facet normal -1.3519227091872528e-47 4.764462906099933e-16 1.0
  outer loop
    vertex 91.8 213.9 5.399999999999893
    vertex 89.0 205.49999999999997 5.399999999999888
    vertex 89.69881142177681 205.40799973098044 5.399999999999888
  endloop
endfacet
facet normal -1.3519227091872528e-47 4.764462906099933e-16 1.0
  outer loop
    vertex 91.8 213.9 5.399999999999893
    vertex 89.69881142177681 205.40799973098044 5.399999999999888
    vertex 90.35000000000001 205.13826859021796 5.399999999999888
  endloop
endfacet
facet normal -1.3519227091872528e-47 4.764462906099933e-16 1.0
  outer loop
    vertex 91.8 213.9 5.399999999999893
    vertex 90.35000000000001 205.13826859021796 5.399999999999888
    vertex 90.90918830920369 204.70918830920363 5.399999999999884
  endloop
endfacet
facet normal -1.3519227091872528e-47 4.764462906099933e-16 1.0
  outer loop
    vertex 91.8 213.9 5.399999999999893
    vertex 90.90918830920369 204.70918830920363 5.399999999999884
    vertex 91.33826859021798 204.14999999999995 5.399999999999888
  endloop
endfacet
facet normal -1.3519227091872528e-47 4.764462906099933e-16 1.0
  outer loop
    vertex 91.8 213.9 5.399999999999893
    vertex 91.33826859021798 204.14999999999995 5.399999999999888
    vertex 91.6079997309805 203.4988114217768 5.399999999999888
  endloop
endfacet
facet normal -1.3519227091872528e-47 4.764462906099933e-16 1.0
  outer loop
    vertex 91.8 213.9 5.399999999999893
    vertex 91.6079997309805 203.4988114217768 5.399999999999888
    vertex 91.7 202.79999999999995 5.399999999999888
  endloop
endfacet
facet normal 1.0 0.0 0.0
  outer loop
    vertex 95.25 292.89999999999964 -7.600000000000127
    vertex 95.25 198.19999999999982 3.399999999999888
    vertex 95.25 198.19999999999965 -7.600000000000073
  endloop
endfacet
facet normal 1.0 0.0 0.0
  outer loop
    vertex 95.25 198.19999999999982 3.399999999999888
    vertex 95.25 292.89999999999964 -7.600000000000127
    vertex 95.25 292.8999999999998 3.3999999999998427
  endloop
endfacet
facet normal -1.0 0.0 0.0
  outer loop
    vertex -3.4499999999999935 198.19999999999982 3.399999999999888
    vertex -3.4499999999999935 292.89999999999964 -7.600000000000127
    vertex -3.4499999999999935 198.19999999999965 -7.600000000000073
  endloop
endfacet
facet normal -1.0 0.0 0.0
  outer loop
    vertex -3.4499999999999935 292.89999999999964 -7.600000000000127
    vertex -3.4499999999999935 198.19999999999982 3.399999999999888
    vertex -3.4499999999999935 292.8999999999998 3.3999999999998427
  endloop
endfacet
facet normal -0.7071067811865474 3.3673720223410904e-16 0.7071067811865477
  outer loop
    vertex -1.4499999999999929 198.19999999999987 5.399999999999888
    vertex -3.4499999999999935 292.8999999999998 3.3999999999998427
    vertex -3.4499999999999935 198.19999999999982 3.399999999999888
  endloop
endfacet
facet normal -0.7071067811865474 3.3673720223410904e-16 0.7071067811865477
  outer loop
    vertex -3.4499999999999935 292.8999999999998 3.3999999999998427
    vertex -1.4499999999999929 198.19999999999987 5.399999999999888
    vertex -1.4499999999999929 292.89999999999986 5.399999999999842
  endloop
endfacet
facet normal -0.7071067811865448 -0.7071067811865502 1.2374237664122364e-14
  outer loop
    vertex -1.4499999999999937 196.19999999999965 -7.6000000000000725
    vertex -3.4499999999999935 198.19999999999982 3.399999999999888
    vertex -3.4499999999999935 198.19999999999965 -7.600000000000073
  endloop
endfacet
facet normal -0.7071067811865448 -0.7071067811865502 1.2374237664122364e-14
  outer loop
    vertex -3.4499999999999935 198.19999999999982 3.399999999999888
    vertex -1.4499999999999937 196.19999999999965 -7.6000000000000725
    vertex -1.4499999999999929 196.19999999999985 3.399999999999888
  endloop
endfacet
facet normal -0.707106781186547 0.707106781186548 -1.1504378462574598e-14
  outer loop
    vertex -3.4499999999999935 292.89999999999964 -7.600000000000127
    vertex -1.4499999999999929 294.8999999999998 3.3999999999998414
    vertex -1.4499999999999955 294.89999999999964 -7.600000000000128
  endloop
endfacet
facet normal -0.707106781186547 0.707106781186548 -1.1504378462574598e-14
  outer loop
    vertex -1.4499999999999929 294.8999999999998 3.3999999999998414
    vertex -3.4499999999999935 292.89999999999964 -7.600000000000127
    vertex -3.4499999999999935 292.8999999999998 3.3999999999998427
  endloop
endfacet
facet normal 0.7071067811865456 -0.7071067811865495 1.2341536190379954e-14
  outer loop
    vertex 95.25 198.19999999999982 3.399999999999888
    vertex 93.25 196.19999999999965 -7.6000000000000725
    vertex 95.25 198.19999999999965 -7.600000000000073
  endloop
endfacet
facet normal 0.7071067811865456 -0.7071067811865495 1.2341536190379954e-14
  outer loop
    vertex 93.25 196.19999999999965 -7.6000000000000725
    vertex 95.25 198.19999999999982 3.399999999999888
    vertex 93.25 196.19999999999985 3.399999999999888
  endloop
endfacet
facet normal 1.0032124650214875e-32 -0.7071067811865441 0.7071067811865509
  outer loop
    vertex 93.25 196.19999999999985 3.399999999999888
    vertex -1.4499999999999929 198.19999999999987 5.399999999999888
    vertex -1.4499999999999929 196.19999999999985 3.399999999999888
  endloop
endfacet
facet normal 1.0032124650214875e-32 -0.7071067811865441 0.7071067811865509
  outer loop
    vertex -1.4499999999999929 198.19999999999987 5.399999999999888
    vertex 93.25 196.19999999999985 3.399999999999888
    vertex 93.25 198.19999999999987 5.399999999999888
  endloop
endfacet
facet normal 8.548610088391502e-32 -1.0 2.2787607939781077e-14
  outer loop
    vertex 93.14999999999999 292.79999999999984 2.299999999999846
    vertex -1.3499999999999936 292.7999999999996 -7.600000000000114
    vertex 93.14999999999999 292.7999999999996 -7.600000000000114
  endloop
endfacet
facet normal 8.548610088391502e-32 -1.0 2.2787607939781077e-14
  outer loop
    vertex -1.3499999999999936 292.7999999999996 -7.600000000000114
    vertex 93.14999999999999 292.79999999999984 2.299999999999846
    vertex -1.3499999999999925 292.79999999999984 2.299999999999846
  endloop
endfacet
facet normal 0.7071067811865476 0.7071067811865476 -1.1589402294304818e-14
  outer loop
    vertex 93.25 294.89999999999964 -7.600000000000128
    vertex 95.25 292.8999999999998 3.3999999999998427
    vertex 95.25 292.89999999999964 -7.600000000000127
  endloop
endfacet
facet normal 0.7071067811865476 0.7071067811865476 -1.1589402294304818e-14
  outer loop
    vertex 95.25 292.8999999999998 3.3999999999998427
    vertex 93.25 294.89999999999964 -7.600000000000128
    vertex 93.25 294.8999999999998 3.3999999999998414
  endloop
endfacet
facet normal 0.5773502691896304 0.5773502691896304 0.5773502691896164
  outer loop
    vertex 93.25 294.8999999999998 3.3999999999998414
    vertex 93.25 292.89999999999986 5.399999999999842
    vertex 95.25 292.8999999999998 3.3999999999998427
  endloop
endfacet
facet normal 1.0 -3.44414586664369e-32 -8.901409351476976e-17
  outer loop
    vertex -1.3499999999999936 292.7999999999996 -7.600000000000114
    vertex -1.3499999999999925 198.29999999999987 2.299999999999894
    vertex -1.3499999999999936 198.2999999999996 -7.600000000000089
  endloop
endfacet
facet normal 1.0 -3.44414586664369e-32 -8.901409351476976e-17
  outer loop
    vertex -1.3499999999999925 198.29999999999987 2.299999999999894
    vertex -1.3499999999999936 292.7999999999996 -7.600000000000114
    vertex -1.3499999999999925 292.79999999999984 2.299999999999846
  endloop
endfacet
facet normal 2.0064249300430093e-32 0.7071067811865562 0.7071067811865388
  outer loop
    vertex -1.4499999999999929 292.89999999999986 5.399999999999842
    vertex 93.25 294.8999999999998 3.3999999999998414
    vertex -1.4499999999999929 294.8999999999998 3.3999999999998414
  endloop
endfacet
facet normal 2.0064249300430093e-32 0.7071067811865562 0.7071067811865388
  outer loop
    vertex 93.25 294.8999999999998 3.3999999999998414
    vertex -1.4499999999999929 292.89999999999986 5.399999999999842
    vertex 93.25 292.89999999999986 5.399999999999842
  endloop
endfacet
facet normal 0.7071067811865481 3.367372022341088e-16 0.707106781186547
  outer loop
    vertex 95.25 292.8999999999998 3.3999999999998427
    vertex 93.25 198.19999999999987 5.399999999999888
    vertex 95.25 198.19999999999982 3.399999999999888
  endloop
endfacet
facet normal 0.7071067811865481 3.367372022341088e-16 0.707106781186547
  outer loop
    vertex 93.25 198.19999999999987 5.399999999999888
    vertex 95.25 292.8999999999998 3.3999999999998427
    vertex 93.25 292.89999999999986 5.399999999999842
  endloop
endfacet
facet normal -0.5773502691896188 -0.5773502691896265 0.5773502691896322
  outer loop
    vertex -1.4499999999999929 198.19999999999987 5.399999999999888
    vertex -3.4499999999999935 198.19999999999982 3.399999999999888
    vertex -1.4499999999999929 196.19999999999985 3.399999999999888
  endloop
endfacet
facet normal -0.5773502691896295 0.5773502691896311 0.5773502691896168
  outer loop
    vertex -1.4499999999999929 292.89999999999986 5.399999999999842
    vertex -1.4499999999999929 294.8999999999998 3.3999999999998414
    vertex -3.4499999999999935 292.8999999999998 3.3999999999998427
  endloop
endfacet
facet normal 0.5773502691896197 -0.5773502691896261 0.5773502691896316
  outer loop
    vertex 95.25 198.19999999999982 3.399999999999888
    vertex 93.25 198.19999999999987 5.399999999999888
    vertex 93.25 196.19999999999985 3.399999999999888
  endloop
endfacet
facet normal -3.72482094410413e-19 -4.831069117584049e-16 -1.0
  outer loop
    vertex -0.3499999999999937 291.79999999999984 3.2999999999998457
    vertex -0.10118510267786465 288.67499999999995 3.2999999999998444
    vertex -0.3499999999999937 288.0743077003644 3.2999999999998457
  endloop
endfacet
facet normal -3.72482094410413e-19 -4.831069117584049e-16 -1.0
  outer loop
    vertex -0.10118510267786465 288.67499999999995 3.2999999999998444
    vertex -0.3499999999999937 291.79999999999984 3.2999999999998457
    vertex 0.4311922830250694 289.3688077169749 3.299999999999843
  endloop
endfacet
facet normal -3.72482094410413e-19 -4.831069117584049e-16 -1.0
  outer loop
    vertex 0.4311922830250694 289.3688077169749 3.299999999999843
    vertex -0.3499999999999937 291.79999999999984 3.2999999999998457
    vertex 1.1250000000000036 289.9011851026778 3.299999999999843
  endloop
endfacet
facet normal -3.72482094410413e-19 -4.831069117584049e-16 -1.0
  outer loop
    vertex 1.1250000000000036 289.9011851026778 3.299999999999843
    vertex -0.3499999999999937 291.79999999999984 3.2999999999998457
    vertex 1.9329561989065573 290.23585151806833 3.299999999999843
  endloop
endfacet
facet normal -3.72482094410413e-19 -4.831069117584049e-16 -1.0
  outer loop
    vertex 1.9329561989065573 290.23585151806833 3.299999999999843
    vertex -0.3499999999999937 291.79999999999984 3.2999999999998457
    vertex 2.8000000000000007 290.34999999999997 3.299999999999843
  endloop
endfacet
facet normal -3.72482094410413e-19 -4.831069117584049e-16 -1.0
  outer loop
    vertex 2.8000000000000007 290.34999999999997 3.299999999999843
    vertex -0.3499999999999937 291.79999999999984 3.2999999999998457
    vertex 92.15 291.79999999999984 3.2999999999998457
  endloop
endfacet
facet normal -3.72482094410413e-19 -4.831069117584049e-16 -1.0
  outer loop
    vertex 2.8000000000000007 290.34999999999997 3.299999999999843
    vertex 92.15 291.79999999999984 3.2999999999998457
    vertex 3.6670438010934445 290.23585151806833 3.299999999999843
  endloop
endfacet
facet normal -3.72482094410413e-19 -4.831069117584049e-16 -1.0
  outer loop
    vertex 3.6670438010934445 290.23585151806833 3.299999999999843
    vertex 92.15 291.79999999999984 3.2999999999998457
    vertex 4.474999999999999 289.9011851026778 3.299999999999843
  endloop
endfacet
facet normal -3.72482094410413e-19 -4.831069117584049e-16 -1.0
  outer loop
    vertex 4.474999999999999 289.9011851026778 3.299999999999843
    vertex 92.15 291.79999999999984 3.2999999999998457
    vertex 5.168807716974932 289.3688077169749 3.299999999999843
  endloop
endfacet
facet normal -3.72482094410413e-19 -4.831069117584049e-16 -1.0
  outer loop
    vertex 5.168807716974932 289.3688077169749 3.299999999999843
    vertex 92.15 291.79999999999984 3.2999999999998457
    vertex 5.701185102677865 288.67499999999995 3.2999999999998444
  endloop
endfacet
facet normal -3.72482094410413e-19 -4.831069117584049e-16 -1.0
  outer loop
    vertex 5.701185102677865 288.67499999999995 3.2999999999998444
    vertex 92.15 291.79999999999984 3.2999999999998457
    vertex 6.035851518068372 287.8670438010934 3.299999999999843
  endloop
endfacet
facet normal -3.72482094410413e-19 -4.831069117584049e-16 -1.0
  outer loop
    vertex 6.035851518068372 287.8670438010934 3.299999999999843
    vertex 92.15 291.79999999999984 3.2999999999998457
    vertex 6.149999999999993 286.99999999999994 3.2999999999998457
  endloop
endfacet
facet normal -3.72482094410413e-19 -4.831069117584049e-16 -1.0
  outer loop
    vertex 6.149999999999993 286.99999999999994 3.2999999999998457
    vertex 92.15 291.79999999999984 3.2999999999998457
    vertex 88.13295619890656 290.23585151806833 3.2999999999998444
  endloop
endfacet
facet normal -3.72482094410413e-19 -4.831069117584049e-16 -1.0
  outer loop
    vertex 6.149999999999993 286.99999999999994 3.2999999999998457
    vertex 88.13295619890656 290.23585151806833 3.2999999999998444
    vertex 87.325 289.9011851026778 3.2999999999998444
  endloop
endfacet
facet normal -3.72482094410413e-19 -4.831069117584049e-16 -1.0
  outer loop
    vertex 6.149999999999993 286.99999999999994 3.2999999999998457
    vertex 87.325 289.9011851026778 3.2999999999998444
    vertex 86.63119228302507 289.3688077169749 3.299999999999843
  endloop
endfacet
facet normal -3.72482094410413e-19 -4.831069117584049e-16 -1.0
  outer loop
    vertex 6.149999999999993 286.99999999999994 3.2999999999998457
    vertex 86.63119228302507 289.3688077169749 3.299999999999843
    vertex 86.09881489732214 288.67499999999995 3.2999999999998444
  endloop
endfacet
facet normal -3.72482094410413e-19 -4.831069117584049e-16 -1.0
  outer loop
    vertex 6.149999999999993 286.99999999999994 3.2999999999998457
    vertex 86.09881489732214 288.67499999999995 3.2999999999998444
    vertex 85.76414848193163 287.8670438010934 3.299999999999843
  endloop
endfacet
facet normal -3.72482094410413e-19 -4.831069117584049e-16 -1.0
  outer loop
    vertex 6.149999999999993 286.99999999999994 3.2999999999998457
    vertex 85.76414848193163 287.8670438010934 3.299999999999843
    vertex 85.65 286.99999999999994 3.2999999999998444
  endloop
endfacet
facet normal -3.72482094410413e-19 -4.831069117584049e-16 -1.0
  outer loop
    vertex 88.13295619890656 290.23585151806833 3.2999999999998444
    vertex 92.15 291.79999999999984 3.2999999999998457
    vertex 89.0 290.34999999999997 3.2999999999998444
  endloop
endfacet
facet normal -3.72482094410413e-19 -4.831069117584049e-16 -1.0
  outer loop
    vertex 89.0 290.34999999999997 3.2999999999998444
    vertex 92.15 291.79999999999984 3.2999999999998457
    vertex 89.86704380109344 290.23585151806833 3.2999999999998444
  endloop
endfacet
facet normal -3.72482094410413e-19 -4.831069117584049e-16 -1.0
  outer loop
    vertex 89.86704380109344 290.23585151806833 3.2999999999998444
    vertex 92.15 291.79999999999984 3.2999999999998457
    vertex 90.675 289.9011851026778 3.2999999999998444
  endloop
endfacet
facet normal -3.72482094410413e-19 -4.831069117584049e-16 -1.0
  outer loop
    vertex 90.675 289.9011851026778 3.2999999999998444
    vertex 92.15 291.79999999999984 3.2999999999998457
    vertex 91.36880771697494 289.3688077169749 3.299999999999843
  endloop
endfacet
facet normal -3.72482094410413e-19 -4.831069117584049e-16 -1.0
  outer loop
    vertex 91.36880771697494 289.3688077169749 3.299999999999843
    vertex 92.15 291.79999999999984 3.2999999999998457
    vertex 91.90118510267787 288.67499999999995 3.2999999999998444
  endloop
endfacet
facet normal -3.72482094410413e-19 -4.831069117584049e-16 -1.0
  outer loop
    vertex 91.90118510267787 288.67499999999995 3.2999999999998444
    vertex 92.15 291.79999999999984 3.2999999999998457
    vertex 92.15 288.0743077003644 3.2999999999998475
  endloop
endfacet
facet normal -3.72482094410413e-19 -4.831069117584049e-16 -1.0
  outer loop
    vertex 2.8 283.65 3.299999999999849
    vertex 1.9999999999999991 281.4 3.299999999999897
    vertex 1.9329561989065567 283.7641484819316 3.299999999999849
  endloop
endfacet
facet normal -3.72482094410413e-19 -4.831069117584049e-16 -1.0
  outer loop
    vertex 1.9999999999999991 281.4 3.299999999999897
    vertex 2.8 283.65 3.299999999999849
    vertex 89.80000000000001 281.4 3.299999999999897
  endloop
endfacet
facet normal -3.72482094410413e-19 -4.831069117584049e-16 -1.0
  outer loop
    vertex 89.80000000000001 281.4 3.299999999999897
    vertex 2.8 283.65 3.299999999999849
    vertex 3.6670438010934485 283.7641484819316 3.299999999999849
  endloop
endfacet
facet normal -3.72482094410413e-19 -4.831069117584049e-16 -1.0
  outer loop
    vertex 89.80000000000001 281.4 3.299999999999897
    vertex 3.6670438010934485 283.7641484819316 3.299999999999849
    vertex 4.475000000000001 284.09881489732214 3.2999999999998373
  endloop
endfacet
facet normal -3.72482094410413e-19 -4.831069117584049e-16 -1.0
  outer loop
    vertex 89.80000000000001 281.4 3.299999999999897
    vertex 4.475000000000001 284.09881489732214 3.2999999999998373
    vertex 5.168807716974933 284.63119228302503 3.2999999999998475
  endloop
endfacet
facet normal -3.72482094410413e-19 -4.831069117584049e-16 -1.0
  outer loop
    vertex 89.80000000000001 281.4 3.299999999999897
    vertex 5.168807716974933 284.63119228302503 3.2999999999998475
    vertex 5.701185102677865 285.325 3.2999999999998457
  endloop
endfacet
facet normal -3.72482094410413e-19 -4.831069117584049e-16 -1.0
  outer loop
    vertex 89.80000000000001 281.4 3.299999999999897
    vertex 5.701185102677865 285.325 3.2999999999998457
    vertex 6.035851518068374 286.1329561989065 3.2999999999998457
  endloop
endfacet
facet normal -3.72482094410413e-19 -4.831069117584049e-16 -1.0
  outer loop
    vertex 89.80000000000001 281.4 3.299999999999897
    vertex 6.035851518068374 286.1329561989065 3.2999999999998457
    vertex 6.149999999999993 286.99999999999994 3.2999999999998457
  endloop
endfacet
facet normal -3.72482094410413e-19 -4.831069117584049e-16 -1.0
  outer loop
    vertex 89.80000000000001 281.4 3.299999999999897
    vertex 6.149999999999993 286.99999999999994 3.2999999999998457
    vertex 86.63119228302507 284.63119228302503 3.2999999999998457
  endloop
endfacet
facet normal -3.72482094410413e-19 -4.831069117584049e-16 -1.0
  outer loop
    vertex 86.63119228302507 284.63119228302503 3.2999999999998457
    vertex 6.149999999999993 286.99999999999994 3.2999999999998457
    vertex 86.09881489732214 285.32499999999993 3.2999999999998457
  endloop
endfacet
facet normal -3.72482094410413e-19 -4.831069117584049e-16 -1.0
  outer loop
    vertex 86.09881489732214 285.32499999999993 3.2999999999998457
    vertex 6.149999999999993 286.99999999999994 3.2999999999998457
    vertex 85.76414848193163 286.1329561989065 3.2999999999998457
  endloop
endfacet
facet normal -3.72482094410413e-19 -4.831069117584049e-16 -1.0
  outer loop
    vertex 85.76414848193163 286.1329561989065 3.2999999999998457
    vertex 6.149999999999993 286.99999999999994 3.2999999999998457
    vertex 85.65 286.99999999999994 3.2999999999998444
  endloop
endfacet
facet normal -3.72482094410413e-19 -4.831069117584049e-16 -1.0
  outer loop
    vertex 89.80000000000001 281.4 3.299999999999897
    vertex 86.63119228302507 284.63119228302503 3.2999999999998457
    vertex 87.32500000000002 284.09881489732214 3.2999999999998373
  endloop
endfacet
facet normal -3.72482094410413e-19 -4.831069117584049e-16 -1.0
  outer loop
    vertex 89.80000000000001 281.4 3.299999999999897
    vertex 87.32500000000002 284.09881489732214 3.2999999999998373
    vertex 88.13295619890657 283.7641484819316 3.2999999999998457
  endloop
endfacet
facet normal -3.72482094410413e-19 -4.831069117584049e-16 -1.0
  outer loop
    vertex 89.80000000000001 281.4 3.299999999999897
    vertex 88.13295619890657 283.7641484819316 3.2999999999998457
    vertex 89.0 283.65 3.2999999999998457
  endloop
endfacet
facet normal -3.72482094410413e-19 -4.831069117584049e-16 -1.0
  outer loop
    vertex 89.80000000000001 281.4 3.299999999999897
    vertex 89.0 283.65 3.2999999999998457
    vertex 89.86704380109344 283.7641484819316 3.2999999999998457
  endloop
endfacet
facet normal -3.72482094410413e-19 -4.831069117584049e-16 -1.0
  outer loop
    vertex 89.80000000000001 281.4 3.299999999999897
    vertex 89.86704380109344 283.7641484819316 3.2999999999998457
    vertex 89.80000000000001 215.89999999999998 3.2999999999999416
  endloop
endfacet
facet normal -3.72482094410413e-19 -4.831069117584049e-16 -1.0
  outer loop
    vertex 89.80000000000001 215.89999999999998 3.2999999999999416
    vertex 89.86704380109344 283.7641484819316 3.2999999999998457
    vertex 89.86704380109344 206.03585151806834 3.299999999999877
  endloop
endfacet
facet normal -3.72482094410413e-19 -4.831069117584049e-16 -1.0
  outer loop
    vertex 89.86704380109344 206.03585151806834 3.299999999999877
    vertex 89.86704380109344 283.7641484819316 3.2999999999998457
    vertex 90.675 205.70118510267784 3.2999999999998852
  endloop
endfacet
facet normal -3.72482094410413e-19 -4.831069117584049e-16 -1.0
  outer loop
    vertex 90.675 205.70118510267784 3.2999999999998852
    vertex 89.86704380109344 283.7641484819316 3.2999999999998457
    vertex 90.67500000000001 284.09881489732214 3.2999999999998373
  endloop
endfacet
facet normal -3.72482094410413e-19 -4.831069117584049e-16 -1.0
  outer loop
    vertex 90.675 205.70118510267784 3.2999999999998852
    vertex 90.67500000000001 284.09881489732214 3.2999999999998373
    vertex 91.36880771697494 205.1688077169749 3.2999999999998866
  endloop
endfacet
facet normal -3.72482094410413e-19 -4.831069117584049e-16 -1.0
  outer loop
    vertex 91.36880771697494 205.1688077169749 3.2999999999998866
    vertex 90.67500000000001 284.09881489732214 3.2999999999998373
    vertex 91.36880771697494 284.63119228302503 3.2999999999998475
  endloop
endfacet
facet normal -3.72482094410413e-19 -4.831069117584049e-16 -1.0
  outer loop
    vertex 91.36880771697494 205.1688077169749 3.2999999999998866
    vertex 91.36880771697494 284.63119228302503 3.2999999999998475
    vertex 91.90118510267787 204.47499999999997 3.2999999999998852
  endloop
endfacet
facet normal -3.72482094410413e-19 -4.831069117584049e-16 -1.0
  outer loop
    vertex 91.90118510267787 204.47499999999997 3.2999999999998852
    vertex 91.36880771697494 284.63119228302503 3.2999999999998475
    vertex 91.90118510267787 285.325 3.2999999999998457
  endloop
endfacet
facet normal -3.72482094410413e-19 -4.831069117584049e-16 -1.0
  outer loop
    vertex 91.90118510267787 204.47499999999997 3.2999999999998852
    vertex 91.90118510267787 285.325 3.2999999999998457
    vertex 92.15 285.92569229963556 3.2999999999998475
  endloop
endfacet
facet normal -3.72482094410413e-19 -4.831069117584049e-16 -1.0
  outer loop
    vertex 91.90118510267787 204.47499999999997 3.2999999999998852
    vertex 92.15 285.92569229963556 3.2999999999998475
    vertex 92.15 203.87430770036443 3.2999999999998897
  endloop
endfacet
facet normal -3.72482094410413e-19 -4.831069117584049e-16 -1.0
  outer loop
    vertex -0.10118510267786394 285.32499999999993 3.2999999999998457
    vertex -0.3499999999999937 203.87430770036445 3.2999999999998884
    vertex -0.3499999999999937 285.92569229963556 3.2999999999998475
  endloop
endfacet
facet normal -3.72482094410413e-19 -4.831069117584049e-16 -1.0
  outer loop
    vertex -0.3499999999999937 203.87430770036445 3.2999999999998884
    vertex -0.10118510267786394 285.32499999999993 3.2999999999998457
    vertex -0.1011851026778717 204.47499999999997 3.2999999999998852
  endloop
endfacet
facet normal -3.72482094410413e-19 -4.831069117584049e-16 -1.0
  outer loop
    vertex -0.1011851026778717 204.47499999999997 3.2999999999998852
    vertex -0.10118510267786394 285.32499999999993 3.2999999999998457
    vertex 0.43119228302506235 205.1688077169749 3.2999999999998866
  endloop
endfacet
facet normal -3.72482094410413e-19 -4.831069117584049e-16 -1.0
  outer loop
    vertex 0.43119228302506235 205.1688077169749 3.2999999999998866
    vertex -0.10118510267786394 285.32499999999993 3.2999999999998457
    vertex 0.4311922830250694 284.63119228302503 3.2999999999998475
  endloop
endfacet
facet normal -3.72482094410413e-19 -4.831069117584049e-16 -1.0
  outer loop
    vertex 0.43119228302506235 205.1688077169749 3.2999999999998866
    vertex 0.4311922830250694 284.63119228302503 3.2999999999998475
    vertex 1.1249999999999951 205.70118510267784 3.2999999999998852
  endloop
endfacet
facet normal -3.72482094410413e-19 -4.831069117584049e-16 -1.0
  outer loop
    vertex 1.1249999999999951 205.70118510267784 3.2999999999998852
    vertex 0.4311922830250694 284.63119228302503 3.2999999999998475
    vertex 1.1250000000000036 284.09881489732214 3.2999999999998373
  endloop
endfacet
facet normal -3.72482094410413e-19 -4.831069117584049e-16 -1.0
  outer loop
    vertex 1.1249999999999951 205.70118510267784 3.2999999999998852
    vertex 1.1250000000000036 284.09881489732214 3.2999999999998373
    vertex 1.9329561989065496 206.03585151806834 3.299999999999877
  endloop
endfacet
facet normal -3.72482094410413e-19 -4.831069117584049e-16 -1.0
  outer loop
    vertex 1.9329561989065496 206.03585151806834 3.299999999999877
    vertex 1.1250000000000036 284.09881489732214 3.2999999999998373
    vertex 1.9329561989065567 283.7641484819316 3.299999999999849
  endloop
endfacet
facet normal -3.72482094410413e-19 -4.831069117584049e-16 -1.0
  outer loop
    vertex 1.9329561989065496 206.03585151806834 3.299999999999877
    vertex 1.9329561989065567 283.7641484819316 3.299999999999849
    vertex 1.9999999999999991 215.89999999999998 3.2999999999999416
  endloop
endfacet
facet normal -3.72482094410413e-19 -4.831069117584049e-16 -1.0
  outer loop
    vertex 1.9329561989065496 206.03585151806834 3.299999999999877
    vertex 1.9999999999999991 215.89999999999998 3.2999999999999416
    vertex 2.8 206.14999999999995 3.299999999999877
  endloop
endfacet
facet normal -3.72482094410413e-19 -4.831069117584049e-16 -1.0
  outer loop
    vertex 1.9999999999999991 215.89999999999998 3.2999999999999416
    vertex 1.9329561989065567 283.7641484819316 3.299999999999849
    vertex 1.9999999999999991 281.4 3.299999999999897
  endloop
endfacet
facet normal -3.72482094410413e-19 -4.831069117584049e-16 -1.0
  outer loop
    vertex 2.8 206.14999999999995 3.299999999999877
    vertex 1.9999999999999991 215.89999999999998 3.2999999999999416
    vertex 89.80000000000001 215.89999999999998 3.2999999999999416
  endloop
endfacet
facet normal -3.72482094410413e-19 -4.831069117584049e-16 -1.0
  outer loop
    vertex 2.8 206.14999999999995 3.299999999999877
    vertex 89.80000000000001 215.89999999999998 3.2999999999999416
    vertex 3.6670438010934445 206.03585151806834 3.299999999999877
  endloop
endfacet
facet normal -3.72482094410413e-19 -4.831069117584049e-16 -1.0
  outer loop
    vertex 3.6670438010934445 206.03585151806834 3.299999999999877
    vertex 89.80000000000001 215.89999999999998 3.2999999999999416
    vertex 4.4750000000000005 205.70118510267784 3.2999999999998852
  endloop
endfacet
facet normal -3.72482094410413e-19 -4.831069117584049e-16 -1.0
  outer loop
    vertex 4.4750000000000005 205.70118510267784 3.2999999999998852
    vertex 89.80000000000001 215.89999999999998 3.2999999999999416
    vertex 5.168807716974935 205.1688077169749 3.2999999999998866
  endloop
endfacet
facet normal -3.72482094410413e-19 -4.831069117584049e-16 -1.0
  outer loop
    vertex 5.168807716974935 205.1688077169749 3.2999999999998866
    vertex 89.80000000000001 215.89999999999998 3.2999999999999416
    vertex 5.70118510267787 204.47499999999997 3.2999999999998852
  endloop
endfacet
facet normal -3.72482094410413e-19 -4.831069117584049e-16 -1.0
  outer loop
    vertex 5.70118510267787 204.47499999999997 3.2999999999998852
    vertex 89.80000000000001 215.89999999999998 3.2999999999999416
    vertex 6.035851518068379 203.66704380109343 3.2999999999998866
  endloop
endfacet
facet normal -3.72482094410413e-19 -4.831069117584049e-16 -1.0
  outer loop
    vertex 6.035851518068379 203.66704380109343 3.2999999999998866
    vertex 89.80000000000001 215.89999999999998 3.2999999999999416
    vertex 6.150000000000001 202.79999999999995 3.2999999999998884
  endloop
endfacet
facet normal -3.72482094410413e-19 -4.831069117584049e-16 -1.0
  outer loop
    vertex 6.150000000000001 202.79999999999995 3.2999999999998884
    vertex 89.80000000000001 215.89999999999998 3.2999999999999416
    vertex 85.76414848193163 203.66704380109343 3.2999999999998866
  endloop
endfacet
facet normal -3.72482094410413e-19 -4.831069117584049e-16 -1.0
  outer loop
    vertex 6.150000000000001 202.79999999999995 3.2999999999998884
    vertex 85.76414848193163 203.66704380109343 3.2999999999998866
    vertex 85.65 202.79999999999995 3.2999999999998866
  endloop
endfacet
facet normal -3.72482094410413e-19 -4.831069117584049e-16 -1.0
  outer loop
    vertex 85.76414848193163 203.66704380109343 3.2999999999998866
    vertex 89.80000000000001 215.89999999999998 3.2999999999999416
    vertex 86.09881489732214 204.47499999999997 3.2999999999998852
  endloop
endfacet
facet normal -3.72482094410413e-19 -4.831069117584049e-16 -1.0
  outer loop
    vertex 86.09881489732214 204.47499999999997 3.2999999999998852
    vertex 89.80000000000001 215.89999999999998 3.2999999999999416
    vertex 86.63119228302507 205.1688077169749 3.2999999999998866
  endloop
endfacet
facet normal -3.72482094410413e-19 -4.831069117584049e-16 -1.0
  outer loop
    vertex 86.63119228302507 205.1688077169749 3.2999999999998866
    vertex 89.80000000000001 215.89999999999998 3.2999999999999416
    vertex 87.325 205.70118510267784 3.2999999999998852
  endloop
endfacet
facet normal -3.72482094410413e-19 -4.831069117584049e-16 -1.0
  outer loop
    vertex 87.325 205.70118510267784 3.2999999999998852
    vertex 89.80000000000001 215.89999999999998 3.2999999999999416
    vertex 88.13295619890656 206.03585151806834 3.299999999999877
  endloop
endfacet
facet normal -3.72482094410413e-19 -4.831069117584049e-16 -1.0
  outer loop
    vertex 88.13295619890656 206.03585151806834 3.299999999999877
    vertex 89.80000000000001 215.89999999999998 3.2999999999999416
    vertex 89.0 206.14999999999995 3.299999999999877
  endloop
endfacet
facet normal -3.72482094410413e-19 -4.831069117584049e-16 -1.0
  outer loop
    vertex 89.0 206.14999999999995 3.299999999999877
    vertex 89.80000000000001 215.89999999999998 3.2999999999999416
    vertex 89.86704380109344 206.03585151806834 3.299999999999877
  endloop
endfacet
facet normal -3.72482094410413e-19 -4.831069117584049e-16 -1.0
  outer loop
    vertex -0.101185102677871 201.12499999999997 3.2999999999998884
    vertex -0.3499999999999937 199.29999999999987 3.2999999999998937
    vertex -0.3499999999999937 201.72569229963548 3.2999999999998866
  endloop
endfacet
facet normal -3.72482094410413e-19 -4.831069117584049e-16 -1.0
  outer loop
    vertex -0.3499999999999937 199.29999999999987 3.2999999999998937
    vertex -0.101185102677871 201.12499999999997 3.2999999999998884
    vertex 0.4311922830250638 200.431192283025 3.29999999999988
  endloop
endfacet
facet normal -3.72482094410413e-19 -4.831069117584049e-16 -1.0
  outer loop
    vertex -0.3499999999999937 199.29999999999987 3.2999999999998937
    vertex 0.4311922830250638 200.431192283025 3.29999999999988
    vertex 1.124999999999998 199.8988148973221 3.2999999999998897
  endloop
endfacet
facet normal -3.72482094410413e-19 -4.831069117584049e-16 -1.0
  outer loop
    vertex -0.3499999999999937 199.29999999999987 3.2999999999998937
    vertex 1.124999999999998 199.8988148973221 3.2999999999998897
    vertex 1.9329561989065538 199.56414848193157 3.2999999999998897
  endloop
endfacet
facet normal -3.72482094410413e-19 -4.831069117584049e-16 -1.0
  outer loop
    vertex -0.3499999999999937 199.29999999999987 3.2999999999998937
    vertex 1.9329561989065538 199.56414848193157 3.2999999999998897
    vertex 2.799999999999999 199.44999999999996 3.2999999999998897
  endloop
endfacet
facet normal -3.72482094410413e-19 -4.831069117584049e-16 -1.0
  outer loop
    vertex -0.3499999999999937 199.29999999999987 3.2999999999998937
    vertex 2.799999999999999 199.44999999999996 3.2999999999998897
    vertex 92.15 199.29999999999987 3.2999999999998937
  endloop
endfacet
facet normal -3.72482094410413e-19 -4.831069117584049e-16 -1.0
  outer loop
    vertex 92.15 199.29999999999987 3.2999999999998937
    vertex 2.799999999999999 199.44999999999996 3.2999999999998897
    vertex 3.667043801093443 199.56414848193157 3.2999999999998897
  endloop
endfacet
facet normal -3.72482094410413e-19 -4.831069117584049e-16 -1.0
  outer loop
    vertex 92.15 199.29999999999987 3.2999999999998937
    vertex 3.667043801093443 199.56414848193157 3.2999999999998897
    vertex 4.4750000000000005 199.8988148973221 3.2999999999998897
  endloop
endfacet
facet normal -3.72482094410413e-19 -4.831069117584049e-16 -1.0
  outer loop
    vertex 92.15 199.29999999999987 3.2999999999998937
    vertex 4.4750000000000005 199.8988148973221 3.2999999999998897
    vertex 5.168807716974935 200.431192283025 3.29999999999988
  endloop
endfacet
facet normal -3.72482094410413e-19 -4.831069117584049e-16 -1.0
  outer loop
    vertex 92.15 199.29999999999987 3.2999999999998937
    vertex 5.168807716974935 200.431192283025 3.29999999999988
    vertex 5.70118510267787 201.12499999999997 3.2999999999998884
  endloop
endfacet
facet normal -3.72482094410413e-19 -4.831069117584049e-16 -1.0
  outer loop
    vertex 92.15 199.29999999999987 3.2999999999998937
    vertex 5.70118510267787 201.12499999999997 3.2999999999998884
    vertex 6.035851518068379 201.9329561989065 3.29999999999988
  endloop
endfacet
facet normal -3.72482094410413e-19 -4.831069117584049e-16 -1.0
  outer loop
    vertex 92.15 199.29999999999987 3.2999999999998937
    vertex 6.035851518068379 201.9329561989065 3.29999999999988
    vertex 6.150000000000001 202.79999999999995 3.2999999999998884
  endloop
endfacet
facet normal -3.72482094410413e-19 -4.831069117584049e-16 -1.0
  outer loop
    vertex 92.15 199.29999999999987 3.2999999999998937
    vertex 6.150000000000001 202.79999999999995 3.2999999999998884
    vertex 89.0 199.45 3.2999999999998897
  endloop
endfacet
facet normal -3.72482094410413e-19 -4.831069117584049e-16 -1.0
  outer loop
    vertex 89.0 199.45 3.2999999999998897
    vertex 6.150000000000001 202.79999999999995 3.2999999999998884
    vertex 88.13295619890657 199.56414848193157 3.2999999999998897
  endloop
endfacet
facet normal -3.72482094410413e-19 -4.831069117584049e-16 -1.0
  outer loop
    vertex 88.13295619890657 199.56414848193157 3.2999999999998897
    vertex 6.150000000000001 202.79999999999995 3.2999999999998884
    vertex 87.32500000000002 199.8988148973221 3.2999999999998884
  endloop
endfacet
facet normal -3.72482094410413e-19 -4.831069117584049e-16 -1.0
  outer loop
    vertex 87.32500000000002 199.8988148973221 3.2999999999998884
    vertex 6.150000000000001 202.79999999999995 3.2999999999998884
    vertex 86.63119228302507 200.431192283025 3.29999999999988
  endloop
endfacet
facet normal -3.72482094410413e-19 -4.831069117584049e-16 -1.0
  outer loop
    vertex 86.63119228302507 200.431192283025 3.29999999999988
    vertex 6.150000000000001 202.79999999999995 3.2999999999998884
    vertex 86.09881489732214 201.12499999999997 3.2999999999998884
  endloop
endfacet
facet normal -3.72482094410413e-19 -4.831069117584049e-16 -1.0
  outer loop
    vertex 86.09881489732214 201.12499999999997 3.2999999999998884
    vertex 6.150000000000001 202.79999999999995 3.2999999999998884
    vertex 85.76414848193163 201.9329561989065 3.299999999999878
  endloop
endfacet
facet normal -3.72482094410413e-19 -4.831069117584049e-16 -1.0
  outer loop
    vertex 85.76414848193163 201.9329561989065 3.299999999999878
    vertex 6.150000000000001 202.79999999999995 3.2999999999998884
    vertex 85.65 202.79999999999995 3.2999999999998866
  endloop
endfacet
facet normal -3.72482094410413e-19 -4.831069117584049e-16 -1.0
  outer loop
    vertex 92.15 199.29999999999987 3.2999999999998937
    vertex 89.0 199.45 3.2999999999998897
    vertex 89.86704380109344 199.56414848193157 3.2999999999998897
  endloop
endfacet
facet normal -3.72482094410413e-19 -4.831069117584049e-16 -1.0
  outer loop
    vertex 92.15 199.29999999999987 3.2999999999998937
    vertex 89.86704380109344 199.56414848193157 3.2999999999998897
    vertex 90.67500000000001 199.8988148973221 3.2999999999998897
  endloop
endfacet
facet normal -3.72482094410413e-19 -4.831069117584049e-16 -1.0
  outer loop
    vertex 92.15 199.29999999999987 3.2999999999998937
    vertex 90.67500000000001 199.8988148973221 3.2999999999998897
    vertex 91.36880771697494 200.431192283025 3.29999999999988
  endloop
endfacet
facet normal -3.72482094410413e-19 -4.831069117584049e-16 -1.0
  outer loop
    vertex 92.15 199.29999999999987 3.2999999999998937
    vertex 91.36880771697494 200.431192283025 3.29999999999988
    vertex 91.90118510267787 201.12499999999997 3.2999999999998884
  endloop
endfacet
facet normal -3.72482094410413e-19 -4.831069117584049e-16 -1.0
  outer loop
    vertex 92.15 199.29999999999987 3.2999999999998937
    vertex 91.90118510267787 201.12499999999997 3.2999999999998884
    vertex 92.15 201.7256922996355 3.2999999999998866
  endloop
endfacet
facet normal 1.4247683480652493e-32 1.0 -2.506636873375914e-14
  outer loop
    vertex -1.3499999999999925 198.29999999999987 2.299999999999894
    vertex 93.14999999999999 198.2999999999996 -7.600000000000089
    vertex -1.3499999999999936 198.2999999999996 -7.600000000000089
  endloop
endfacet
facet normal 1.4247683480652493e-32 1.0 -2.506636873375914e-14
  outer loop
    vertex 93.14999999999999 198.2999999999996 -7.600000000000089
    vertex -1.3499999999999925 198.29999999999987 2.299999999999894
    vertex 93.14999999999999 198.29999999999987 2.299999999999894
  endloop
endfacet
facet normal -1.0 0.0 0.0
  outer loop
    vertex 93.14999999999999 198.29999999999987 2.299999999999894
    vertex 93.14999999999999 292.7999999999996 -7.600000000000114
    vertex 93.14999999999999 198.2999999999996 -7.600000000000089
  endloop
endfacet
facet normal -1.0 0.0 0.0
  outer loop
    vertex 93.14999999999999 292.7999999999996 -7.600000000000114
    vertex 93.14999999999999 198.29999999999987 2.299999999999894
    vertex 93.14999999999999 292.79999999999984 2.299999999999846
  endloop
endfacet
facet normal -1.6078295534116658e-34 0.7071067811865479 -0.7071067811865472
  outer loop
    vertex -0.3499999999999937 199.29999999999987 3.2999999999998937
    vertex 93.14999999999999 198.29999999999987 2.299999999999894
    vertex -1.3499999999999925 198.29999999999987 2.299999999999894
  endloop
endfacet
facet normal -1.6078295534116658e-34 0.7071067811865479 -0.7071067811865472
  outer loop
    vertex 93.14999999999999 198.29999999999987 2.299999999999894
    vertex -0.3499999999999937 199.29999999999987 3.2999999999998937
    vertex 92.15 199.29999999999987 3.2999999999998937
  endloop
endfacet
facet normal -0.7071067811865476 -3.50954944824215e-16 -0.7071067811865475
  outer loop
    vertex 92.15 199.29999999999987 3.2999999999998937
    vertex 93.14999999999999 292.79999999999984 2.299999999999846
    vertex 93.14999999999999 198.29999999999987 2.299999999999894
  endloop
endfacet
facet normal -0.7071067811865476 -3.50954944824215e-16 -0.7071067811865475
  outer loop
    vertex 93.14999999999999 292.79999999999984 2.299999999999846
    vertex 92.15 199.29999999999987 3.2999999999998937
    vertex 92.15 201.7256922996355 3.2999999999998866
  endloop
endfacet
facet normal -0.7071067811865476 -3.50954944824215e-16 -0.7071067811865475
  outer loop
    vertex 93.14999999999999 292.79999999999984 2.299999999999846
    vertex 92.15 201.7256922996355 3.2999999999998866
    vertex 92.15 203.87430770036443 3.2999999999998897
  endloop
endfacet
facet normal -0.7071067811865476 -3.50954944824215e-16 -0.7071067811865475
  outer loop
    vertex 93.14999999999999 292.79999999999984 2.299999999999846
    vertex 92.15 203.87430770036443 3.2999999999998897
    vertex 92.15 285.92569229963556 3.2999999999998475
  endloop
endfacet
facet normal -0.7071067811865476 -3.50954944824215e-16 -0.7071067811865475
  outer loop
    vertex 93.14999999999999 292.79999999999984 2.299999999999846
    vertex 92.15 285.92569229963556 3.2999999999998475
    vertex 92.15 288.0743077003644 3.2999999999998475
  endloop
endfacet
facet normal -0.7071067811865476 -3.50954944824215e-16 -0.7071067811865475
  outer loop
    vertex 93.14999999999999 292.79999999999984 2.299999999999846
    vertex 92.15 288.0743077003644 3.2999999999998475
    vertex 92.15 291.79999999999984 3.2999999999998457
  endloop
endfacet
facet normal -2.0741001239010522e-32 -0.7071067811865483 -0.7071067811865467
  outer loop
    vertex 92.15 291.79999999999984 3.2999999999998457
    vertex -1.3499999999999925 292.79999999999984 2.299999999999846
    vertex 93.14999999999999 292.79999999999984 2.299999999999846
  endloop
endfacet
facet normal -2.0741001239010522e-32 -0.7071067811865483 -0.7071067811865467
  outer loop
    vertex -1.3499999999999925 292.79999999999984 2.299999999999846
    vertex 92.15 291.79999999999984 3.2999999999998457
    vertex -0.3499999999999937 291.79999999999984 3.2999999999998457
  endloop
endfacet
facet normal 0.7071067811865471 -3.5219844258802245e-16 -0.707106781186548
  outer loop
    vertex -0.3499999999999937 291.79999999999984 3.2999999999998457
    vertex -1.3499999999999925 198.29999999999987 2.299999999999894
    vertex -1.3499999999999925 292.79999999999984 2.299999999999846
  endloop
endfacet
facet normal 0.7071067811865471 -3.5219844258802245e-16 -0.707106781186548
  outer loop
    vertex -1.3499999999999925 198.29999999999987 2.299999999999894
    vertex -0.3499999999999937 291.79999999999984 3.2999999999998457
    vertex -0.3499999999999937 199.29999999999987 3.2999999999998937
  endloop
endfacet
facet normal 0.7071067811865471 -3.5219844258802245e-16 -0.707106781186548
  outer loop
    vertex -0.3499999999999937 199.29999999999987 3.2999999999998937
    vertex -0.3499999999999937 291.79999999999984 3.2999999999998457
    vertex -0.3499999999999937 288.0743077003644 3.2999999999998457
  endloop
endfacet
facet normal 0.7071067811865471 -3.5219844258802245e-16 -0.707106781186548
  outer loop
    vertex -0.3499999999999937 199.29999999999987 3.2999999999998937
    vertex -0.3499999999999937 288.0743077003644 3.2999999999998457
    vertex -0.3499999999999937 285.92569229963556 3.2999999999998475
  endloop
endfacet
facet normal 0.7071067811865471 -3.5219844258802245e-16 -0.707106781186548
  outer loop
    vertex -0.3499999999999937 199.29999999999987 3.2999999999998937
    vertex -0.3499999999999937 285.92569229963556 3.2999999999998475
    vertex -0.3499999999999937 203.87430770036445 3.2999999999998884
  endloop
endfacet
facet normal 0.7071067811865471 -3.5219844258802245e-16 -0.707106781186548
  outer loop
    vertex -0.3499999999999937 199.29999999999987 3.2999999999998937
    vertex -0.3499999999999937 203.87430770036445 3.2999999999998884
    vertex -0.3499999999999937 201.72569229963548 3.2999999999998866
  endloop
endfacet
facet normal -0.0 -0.0 -1.0
  outer loop
    vertex 21.05015847860539 208.6893026941362 5.444999999999991
    vertex 21.072741679873218 206.95396196513457 5.444999999999991
    vertex 21.025198098256737 208.61085578446895 5.444999999999991
  endloop
endfacet
facet normal -0.0 -0.0 -1.0
  outer loop
    vertex 21.072741679873218 206.95396196513457 5.444999999999991
    vertex 21.05015847860539 208.6893026941362 5.444999999999991
    vertex 21.125039619651346 208.7154516640252 5.444999999999991
  endloop
endfacet
facet normal -0.0 -0.0 -1.0
  outer loop
    vertex 21.072741679873218 206.95396196513457 5.444999999999991
    vertex 21.125039619651346 208.7154516640252 5.444999999999991
    vertex 21.1202852614897 205.29706814580018 5.444999999999991
  endloop
endfacet
facet normal -0.0 -0.0 -1.0
  outer loop
    vertex 21.070364500792394 203.74239302694122 5.444999999999991
    vertex 21.054912836767038 202.09381933438974 5.444999999999991
    vertex 21.020443740095086 202.19247226624393 5.444999999999991
  endloop
endfacet
facet normal -0.0 -0.0 -1.0
  outer loop
    vertex 21.054912836767038 202.09381933438974 5.444999999999991
    vertex 21.070364500792394 203.74239302694122 5.444999999999991
    vertex 21.158320126782883 202.04508716323284 5.444999999999991
  endloop
endfacet
facet normal -0.0 -0.0 -1.0
  outer loop
    vertex 21.158320126782883 202.04508716323284 5.444999999999991
    vertex 21.070364500792394 203.74239302694122 5.444999999999991
    vertex 21.1202852614897 205.29706814580018 5.444999999999991
  endloop
endfacet
facet normal -0.0 -0.0 -1.0
  outer loop
    vertex 21.158320126782883 202.04508716323284 5.444999999999991
    vertex 21.1202852614897 205.29706814580018 5.444999999999991
    vertex 21.125039619651346 208.7154516640252 5.444999999999991
  endloop
endfacet
facet normal -0.0 -0.0 -1.0
  outer loop
    vertex 21.158320126782883 202.04508716323284 5.444999999999991
    vertex 21.125039619651346 208.7154516640252 5.444999999999991
    vertex 21.56957210776545 208.70118858954027 5.444999999999991
  endloop
endfacet
facet normal -0.0 -0.0 -1.0
  outer loop
    vertex 21.158320126782883 202.04508716323284 5.444999999999991
    vertex 21.56957210776545 208.70118858954027 5.444999999999991
    vertex 21.97606973058637 202.01656101426292 5.444999999999991
  endloop
endfacet
facet normal -0.0 -0.0 -1.0
  outer loop
    vertex 21.97606973058637 202.01656101426292 5.444999999999991
    vertex 21.56957210776545 208.70118858954027 5.444999999999991
    vertex 22.01410459587956 208.68692551505532 5.444999999999991
  endloop
endfacet
facet normal -0.0 -0.0 -1.0
  outer loop
    vertex 21.97606973058637 202.01656101426292 5.444999999999991
    vertex 22.01410459587956 208.68692551505532 5.444999999999991
    vertex 22.869889064976228 202.04508716323284 5.444999999999991
  endloop
endfacet
facet normal -0.0 -0.0 -1.0
  outer loop
    vertex 22.869889064976228 202.04508716323284 5.444999999999991
    vertex 22.01410459587956 208.68692551505532 5.444999999999991
    vertex 22.472900158478605 208.70118858954027 5.444999999999991
  endloop
endfacet
facet normal -0.0 -0.0 -1.0
  outer loop
    vertex 22.869889064976228 202.04508716323284 5.444999999999991
    vertex 22.472900158478605 208.70118858954027 5.444999999999991
    vertex 22.907923930269416 206.49516640253552 5.444999999999991
  endloop
endfacet
facet normal -0.0 -0.0 -1.0
  outer loop
    vertex 22.907923930269416 206.49516640253552 5.444999999999991
    vertex 22.472900158478605 208.70118858954027 5.444999999999991
    vertex 22.931695721077656 208.7154516640252 5.444999999999991
  endloop
endfacet
facet normal -0.0 -0.0 -1.0
  outer loop
    vertex 22.907923930269416 206.49516640253552 5.444999999999991
    vertex 22.931695721077656 208.7154516640252 5.444999999999991
    vertex 22.960221870047544 207.56251980982557 5.444999999999991
  endloop
endfacet
facet normal -0.0 -0.0 -1.0
  outer loop
    vertex 22.960221870047544 207.56251980982557 5.444999999999991
    vertex 22.931695721077656 208.7154516640252 5.444999999999991
    vertex 23.012519809825676 208.62987321711557 5.444999999999991
  endloop
endfacet
facet normal -0.0 -0.0 -1.0
  outer loop
    vertex 22.99825673534073 206.30023771790795 5.444999999999991
    vertex 22.950713153724248 204.4317749603802 5.444999999999991
    vertex 22.930507131537244 206.3632329635498 5.444999999999991
  endloop
endfacet
facet normal -0.0 -0.0 -1.0
  outer loop
    vertex 22.950713153724248 204.4317749603802 5.444999999999991
    vertex 22.99825673534073 206.30023771790795 5.444999999999991
    vertex 22.976862123613312 204.58034865293172 5.444999999999991
  endloop
endfacet
facet normal -0.0 -0.0 -1.0
  outer loop
    vertex 22.976862123613312 204.58034865293172 5.444999999999991
    vertex 22.99825673534073 206.30023771790795 5.444999999999991
    vertex 23.05530903328051 204.6457210776544 5.444999999999991
  endloop
endfacet
facet normal -0.0 -0.0 -1.0
  outer loop
    vertex 23.05530903328051 204.6457210776544 5.444999999999991
    vertex 22.99825673534073 206.30023771790795 5.444999999999991
    vertex 24.215372424722663 206.26220285261476 5.444999999999991
  endloop
endfacet
facet normal -0.0 -0.0 -1.0
  outer loop
    vertex 23.05530903328051 204.6457210776544 5.444999999999991
    vertex 24.215372424722663 206.26220285261476 5.444999999999991
    vertex 24.215372424722663 204.68375594294756 5.444999999999991
  endloop
endfacet
facet normal -0.0 -0.0 -1.0
  outer loop
    vertex 24.215372424722663 204.68375594294756 5.444999999999991
    vertex 24.215372424722663 206.26220285261476 5.444999999999991
    vertex 25.39445324881141 206.30023771790795 5.444999999999991
  endloop
endfacet
facet normal -0.0 -0.0 -1.0
  outer loop
    vertex 24.215372424722663 204.68375594294756 5.444999999999991
    vertex 25.39445324881141 206.30023771790795 5.444999999999991
    vertex 25.365927099841524 204.6457210776544 5.444999999999991
  endloop
endfacet
facet normal -0.0 -0.0 -1.0
  outer loop
    vertex 25.365927099841524 204.6457210776544 5.444999999999991
    vertex 25.39445324881141 206.30023771790795 5.444999999999991
    vertex 25.444374009508717 204.5779714738509 5.444999999999991
  endloop
endfacet
facet normal -0.0 -0.0 -1.0
  outer loop
    vertex 25.444374009508717 204.5779714738509 5.444999999999991
    vertex 25.39445324881141 206.30023771790795 5.444999999999991
    vertex 25.480031695721078 206.3632329635498 5.444999999999991
  endloop
endfacet
facet normal -0.0 -0.0 -1.0
  outer loop
    vertex 25.444374009508717 204.5779714738509 5.444999999999991
    vertex 25.480031695721078 206.3632329635498 5.444999999999991
    vertex 25.47052297939778 204.4317749603802 5.444999999999991
  endloop
endfacet
facet normal -0.0 -0.0 -1.0
  outer loop
    vertex 27.356814580031696 208.68692551505532 5.444999999999991
    vertex 27.30095087163233 205.29706814580018 5.444999999999991
    vertex 27.253407290015847 208.7154516640252 5.444999999999991
  endloop
endfacet
facet normal -0.0 -0.0 -1.0
  outer loop
    vertex 27.30095087163233 205.29706814580018 5.444999999999991
    vertex 27.356814580031696 208.68692551505532 5.444999999999991
    vertex 27.346117274167984 206.95158478605376 5.444999999999991
  endloop
endfacet
facet normal -0.0 -0.0 -1.0
  outer loop
    vertex 27.346117274167984 206.95158478605376 5.444999999999991
    vertex 27.356814580031696 208.68692551505532 5.444999999999991
    vertex 27.391283676703647 208.60134706814569 5.444999999999991
  endloop
endfacet
facet normal -0.0 -0.0 -1.0
  outer loop
    vertex 25.471711568938197 208.67860538827244 5.444999999999991
    vertex 25.47527733755943 207.529239302694 5.444999999999991
    vertex 25.441996830427893 208.56806656101415 5.444999999999991
  endloop
endfacet
facet normal -0.0 -0.0 -1.0
  outer loop
    vertex 25.47527733755943 207.529239302694 5.444999999999991
    vertex 25.471711568938197 208.67860538827244 5.444999999999991
    vertex 25.560855784469098 208.7154516640252 5.444999999999991
  endloop
endfacet
facet normal -0.0 -0.0 -1.0
  outer loop
    vertex 25.47527733755943 207.529239302694 5.444999999999991
    vertex 25.560855784469098 208.7154516640252 5.444999999999991
    vertex 25.50855784469097 206.49516640253552 5.444999999999991
  endloop
endfacet
facet normal -0.0 -0.0 -1.0
  outer loop
    vertex 25.50855784469097 206.49516640253552 5.444999999999991
    vertex 25.560855784469098 208.7154516640252 5.444999999999991
    vertex 25.529952456418386 202.04508716323284 5.444999999999991
  endloop
endfacet
facet normal -0.0 -0.0 -1.0
  outer loop
    vertex 25.529952456418386 202.04508716323284 5.444999999999991
    vertex 25.560855784469098 208.7154516640252 5.444999999999991
    vertex 26.407131537242474 202.01656101426292 5.444999999999991
  endloop
endfacet
facet normal -0.0 -0.0 -1.0
  outer loop
    vertex 26.407131537242474 202.01656101426292 5.444999999999991
    vertex 25.560855784469098 208.7154516640252 5.444999999999991
    vertex 25.981616481774964 208.70118858954027 5.444999999999991
  endloop
endfacet
facet normal -0.0 -0.0 -1.0
  outer loop
    vertex 26.407131537242474 202.01656101426292 5.444999999999991
    vertex 25.981616481774964 208.70118858954027 5.444999999999991
    vertex 26.407131537242474 208.68692551505532 5.444999999999991
  endloop
endfacet
facet normal -0.0 -0.0 -1.0
  outer loop
    vertex 26.407131537242474 202.01656101426292 5.444999999999991
    vertex 26.407131537242474 208.68692551505532 5.444999999999991
    vertex 26.827892234548337 208.70118858954027 5.444999999999991
  endloop
endfacet
facet normal -0.0 -0.0 -1.0
  outer loop
    vertex 26.407131537242474 202.01656101426292 5.444999999999991
    vertex 26.827892234548337 208.70118858954027 5.444999999999991
    vertex 27.224881141045962 202.04508716323284 5.444999999999991
  endloop
endfacet
facet normal -0.0 -0.0 -1.0
  outer loop
    vertex 27.224881141045962 202.04508716323284 5.444999999999991
    vertex 26.827892234548337 208.70118858954027 5.444999999999991
    vertex 27.253407290015847 208.7154516640252 5.444999999999991
  endloop
endfacet
facet normal -0.0 -0.0 -1.0
  outer loop
    vertex 27.224881141045962 202.04508716323284 5.444999999999991
    vertex 27.253407290015847 208.7154516640252 5.444999999999991
    vertex 27.30095087163233 205.29706814580018 5.444999999999991
  endloop
endfacet
facet normal -0.0 -0.0 -1.0
  outer loop
    vertex 27.224881141045962 202.04508716323284 5.444999999999991
    vertex 27.30095087163233 205.29706814580018 5.444999999999991
    vertex 27.358003169572104 202.06885895404108 5.444999999999991
  endloop
endfacet
facet normal -0.0 -0.0 -1.0
  outer loop
    vertex 27.358003169572104 202.06885895404108 5.444999999999991
    vertex 27.30095087163233 205.29706814580018 5.444999999999991
    vertex 27.350871632329635 203.74239302694122 5.444999999999991
  endloop
endfacet
facet normal -0.0 -0.0 -1.0
  outer loop
    vertex 27.358003169572104 202.06885895404108 5.444999999999991
    vertex 27.350871632329635 203.74239302694122 5.444999999999991
    vertex 27.400792393026943 202.19247226624393 5.444999999999991
  endloop
endfacet
facet normal -0.0 -0.0 -1.0
  outer loop
    vertex 25.434865293185418 203.30261489698879 5.444999999999991
    vertex 25.43189381933439 202.0914421553089 5.444999999999991
    vertex 25.39920760697306 202.17345483359733 5.444999999999991
  endloop
endfacet
facet normal -0.0 -0.0 -1.0
  outer loop
    vertex 25.43189381933439 202.0914421553089 5.444999999999991
    vertex 25.434865293185418 203.30261489698879 5.444999999999991
    vertex 25.529952456418386 202.04508716323284 5.444999999999991
  endloop
endfacet
facet normal -0.0 -0.0 -1.0
  outer loop
    vertex 25.529952456418386 202.04508716323284 5.444999999999991
    vertex 25.434865293185418 203.30261489698879 5.444999999999991
    vertex 25.47052297939778 204.4317749603802 5.444999999999991
  endloop
endfacet
facet normal -0.0 -0.0 -1.0
  outer loop
    vertex 25.529952456418386 202.04508716323284 5.444999999999991
    vertex 25.47052297939778 204.4317749603802 5.444999999999991
    vertex 25.480031695721078 206.3632329635498 5.444999999999991
  endloop
endfacet
facet normal -0.0 -0.0 -1.0
  outer loop
    vertex 25.529952456418386 202.04508716323284 5.444999999999991
    vertex 25.480031695721078 206.3632329635498 5.444999999999991
    vertex 25.50855784469097 206.49516640253552 5.444999999999991
  endloop
endfacet
facet normal -0.0 -0.0 -1.0
  outer loop
    vertex 22.907923930269416 206.49516640253552 5.444999999999991
    vertex 22.966164817749604 202.09857369255138 5.444999999999991
    vertex 22.869889064976228 202.04508716323284 5.444999999999991
  endloop
endfacet
facet normal -0.0 -0.0 -1.0
  outer loop
    vertex 22.966164817749604 202.09857369255138 5.444999999999991
    vertex 22.907923930269416 206.49516640253552 5.444999999999991
    vertex 22.930507131537244 206.3632329635498 5.444999999999991
  endloop
endfacet
facet normal -0.0 -0.0 -1.0
  outer loop
    vertex 22.966164817749604 202.09857369255138 5.444999999999991
    vertex 22.930507131537244 206.3632329635498 5.444999999999991
    vertex 22.950713153724248 204.4317749603802 5.444999999999991
  endloop
endfacet
facet normal -0.0 -0.0 -1.0
  outer loop
    vertex 22.966164817749604 202.09857369255138 5.444999999999991
    vertex 22.950713153724248 204.4317749603802 5.444999999999991
    vertex 22.974484944532488 203.32163232963538 5.444999999999991
  endloop
endfacet
facet normal -0.0 -0.0 -1.0
  outer loop
    vertex 22.966164817749604 202.09857369255138 5.444999999999991
    vertex 22.974484944532488 203.32163232963538 5.444999999999991
    vertex 22.99825673534073 202.21148969889052 5.444999999999991
  endloop
endfacet
facet normal -0.0 -0.0 -1.0
  outer loop
    vertex 30.735974643423138 208.80578446909655 5.444999999999991
    vertex 30.581458003169573 204.7170364500791 5.444999999999991
    vertex 30.338985736925515 208.8295562599048 5.444999999999991
  endloop
endfacet
facet normal -0.0 -0.0 -1.0
  outer loop
    vertex 30.581458003169573 204.7170364500791 5.444999999999991
    vertex 30.735974643423138 208.80578446909655 5.444999999999991
    vertex 30.838193343898574 205.5870839936607 5.444999999999991
  endloop
endfacet
facet normal -0.0 -0.0 -1.0
  outer loop
    vertex 30.838193343898574 205.5870839936607 5.444999999999991
    vertex 30.735974643423138 208.80578446909655 5.444999999999991
    vertex 31.137717908082408 208.7820126782883 5.444999999999991
  endloop
endfacet
facet normal -0.0 -0.0 -1.0
  outer loop
    vertex 30.838193343898574 205.5870839936607 5.444999999999991
    vertex 31.137717908082408 208.7820126782883 5.444999999999991
    vertex 31.175752773375596 206.49516640253552 5.444999999999991
  endloop
endfacet
facet normal -0.0 -0.0 -1.0
  outer loop
    vertex 31.175752773375596 206.49516640253552 5.444999999999991
    vertex 31.137717908082408 208.7820126782883 5.444999999999991
    vertex 31.515689381933438 208.79865293185404 5.444999999999991
  endloop
endfacet
facet normal -0.0 -0.0 -1.0
  outer loop
    vertex 31.175752773375596 206.49516640253552 5.444999999999991
    vertex 31.515689381933438 208.79865293185404 5.444999999999991
    vertex 31.489540412044374 205.62036450079225 5.444999999999991
  endloop
endfacet
facet normal -0.0 -0.0 -1.0
  outer loop
    vertex 31.489540412044374 205.62036450079225 5.444999999999991
    vertex 31.515689381933438 208.79865293185404 5.444999999999991
    vertex 31.708240887480194 204.7550713153723 5.444999999999991
  endloop
endfacet
facet normal -0.0 -0.0 -1.0
  outer loop
    vertex 31.708240887480194 204.7550713153723 5.444999999999991
    vertex 31.515689381933438 208.79865293185404 5.444999999999991
    vertex 31.88890649762282 208.81529318541985 5.444999999999991
  endloop
endfacet
facet normal -0.0 -0.0 -1.0
  outer loop
    vertex 28.94120443740095 205.18296354992063 5.444999999999991
    vertex 28.048573692551507 202.0415213946116 5.444999999999991
    vertex 27.866719492868462 202.14492868462744 5.444999999999991
  endloop
endfacet
facet normal -0.0 -0.0 -1.0
  outer loop
    vertex 28.048573692551507 202.0415213946116 5.444999999999991
    vertex 28.94120443740095 205.18296354992063 5.444999999999991
    vertex 28.594136291600634 202.00705229793965 5.444999999999991
  endloop
endfacet
facet normal -0.0 -0.0 -1.0
  outer loop
    vertex 28.594136291600634 202.00705229793965 5.444999999999991
    vertex 28.94120443740095 205.18296354992063 5.444999999999991
    vertex 29.678129952456423 202.04508716323284 5.444999999999991
  endloop
endfacet
facet normal -0.0 -0.0 -1.0
  outer loop
    vertex 29.678129952456423 202.04508716323284 5.444999999999991
    vertex 28.94120443740095 205.18296354992063 5.444999999999991
    vertex 30.20586370839937 208.64889064976217 5.444999999999991
  endloop
endfacet
facet normal -0.0 -0.0 -1.0
  outer loop
    vertex 29.678129952456423 202.04508716323284 5.444999999999991
    vertex 30.20586370839937 208.64889064976217 5.444999999999991
    vertex 29.79698890649762 202.16870047543568 5.444999999999991
  endloop
endfacet
facet normal -0.0 -0.0 -1.0
  outer loop
    vertex 29.79698890649762 202.16870047543568 5.444999999999991
    vertex 30.20586370839937 208.64889064976217 5.444999999999991
    vertex 29.896830427892237 202.47297939778116 5.444999999999991
  endloop
endfacet
facet normal -0.0 -0.0 -1.0
  outer loop
    vertex 29.896830427892237 202.47297939778116 5.444999999999991
    vertex 30.20586370839937 208.64889064976217 5.444999999999991
    vertex 30.077496038034866 202.98169572107753 5.444999999999991
  endloop
endfacet
facet normal -0.0 -0.0 -1.0
  outer loop
    vertex 30.077496038034866 202.98169572107753 5.444999999999991
    vertex 30.20586370839937 208.64889064976217 5.444999999999991
    vertex 30.581458003169573 204.7170364500791 5.444999999999991
  endloop
endfacet
facet normal -0.0 -0.0 -1.0
  outer loop
    vertex 30.077496038034866 202.98169572107753 5.444999999999991
    vertex 30.581458003169573 204.7170364500791 5.444999999999991
    vertex 30.938034865293186 203.02448494453236 5.444999999999991
  endloop
endfacet
facet normal -0.0 -0.0 -1.0
  outer loop
    vertex 30.581458003169573 204.7170364500791 5.444999999999991
    vertex 30.20586370839937 208.64889064976217 5.444999999999991
    vertex 30.338985736925515 208.8295562599048 5.444999999999991
  endloop
endfacet
facet normal -0.0 -0.0 -1.0
  outer loop
    vertex 30.938034865293186 203.02448494453236 5.444999999999991
    vertex 30.581458003169573 204.7170364500791 5.444999999999991
    vertex 30.652773375594297 204.65047543581602 5.444999999999991
  endloop
endfacet
facet normal -0.0 -0.0 -1.0
  outer loop
    vertex 30.938034865293186 203.02448494453236 5.444999999999991
    vertex 30.652773375594297 204.65047543581602 5.444999999999991
    vertex 30.866719492868462 204.62194928684613 5.444999999999991
  endloop
endfacet
facet normal -0.0 -0.0 -1.0
  outer loop
    vertex 30.938034865293186 203.02448494453236 5.444999999999991
    vertex 30.866719492868462 204.62194928684613 5.444999999999991
    vertex 31.351664025356577 204.61244057052286 5.444999999999991
  endloop
endfacet
facet normal -0.0 -0.0 -1.0
  outer loop
    vertex 30.938034865293186 203.02448494453236 5.444999999999991
    vertex 31.351664025356577 204.61244057052286 5.444999999999991
    vertex 32.2122028526149 202.99120443740082 5.444999999999991
  endloop
endfacet
facet normal -0.0 -0.0 -1.0
  outer loop
    vertex 32.2122028526149 202.99120443740082 5.444999999999991
    vertex 31.351664025356577 204.61244057052286 5.444999999999991
    vertex 31.698732171156898 204.68851030110923 5.444999999999991
  endloop
endfacet
facet normal -0.0 -0.0 -1.0
  outer loop
    vertex 32.2122028526149 202.99120443740082 5.444999999999991
    vertex 31.698732171156898 204.68851030110923 5.444999999999991
    vertex 31.708240887480194 204.7550713153723 5.444999999999991
  endloop
endfacet
facet normal -0.0 -0.0 -1.0
  outer loop
    vertex 32.2122028526149 202.99120443740082 5.444999999999991
    vertex 31.708240887480194 204.7550713153723 5.444999999999991
    vertex 31.88890649762282 208.81529318541985 5.444999999999991
  endloop
endfacet
facet normal -0.0 -0.0 -1.0
  outer loop
    vertex 32.2122028526149 202.99120443740082 5.444999999999991
    vertex 31.88890649762282 208.81529318541985 5.444999999999991
    vertex 32.05530903328051 208.65839936608546 5.444999999999991
  endloop
endfacet
facet normal -0.0 -0.0 -1.0
  outer loop
    vertex 32.2122028526149 202.99120443740082 5.444999999999991
    vertex 32.05530903328051 208.65839936608546 5.444999999999991
    vertex 33.41505546751189 205.23526148969876 5.444999999999991
  endloop
endfacet
facet normal -0.0 -0.0 -1.0
  outer loop
    vertex 32.2122028526149 202.99120443740082 5.444999999999991
    vertex 33.41505546751189 205.23526148969876 5.444999999999991
    vertex 32.320364500792394 202.78438985736912 5.444999999999991
  endloop
endfacet
facet normal -0.0 -0.0 -1.0
  outer loop
    vertex 32.320364500792394 202.78438985736912 5.444999999999991
    vertex 33.41505546751189 205.23526148969876 5.444999999999991
    vertex 32.464183835182254 202.259033280507 5.444999999999991
  endloop
endfacet
facet normal -0.0 -0.0 -1.0
  outer loop
    vertex 32.464183835182254 202.259033280507 5.444999999999991
    vertex 33.41505546751189 205.23526148969876 5.444999999999991
    vertex 32.53668779714739 202.11521394611714 5.444999999999991
  endloop
endfacet
facet normal -0.0 -0.0 -1.0
  outer loop
    vertex 32.53668779714739 202.11521394611714 5.444999999999991
    vertex 33.41505546751189 205.23526148969876 5.444999999999991
    vertex 32.66862123613312 202.04508716323284 5.444999999999991
  endloop
endfacet
facet normal -0.0 -0.0 -1.0
  outer loop
    vertex 32.66862123613312 202.04508716323284 5.444999999999991
    vertex 33.41505546751189 205.23526148969876 5.444999999999991
    vertex 33.54342313787639 202.00705229793965 5.444999999999991
  endloop
endfacet
facet normal -0.0 -0.0 -1.0
  outer loop
    vertex 33.54342313787639 202.00705229793965 5.444999999999991
    vertex 33.41505546751189 205.23526148969876 5.444999999999991
    vertex 34.546592709984154 202.16394611727404 5.444999999999991
  endloop
endfacet
facet normal -0.0 -0.0 -1.0
  outer loop
    vertex 33.54342313787639 202.00705229793965 5.444999999999991
    vertex 34.546592709984154 202.16394611727404 5.444999999999991
    vertex 34.427733755942945 202.04508716323284 5.444999999999991
  endloop
endfacet
facet normal -0.0 -0.0 -1.0
  outer loop
    vertex 42.631378763866884 203.6520602218699 5.444999999999991
    vertex 42.630190174326465 202.08668779714725 5.444999999999991
    vertex 42.59572107765452 202.21148969889052 5.444999999999991
  endloop
endfacet
facet normal -0.0 -0.0 -1.0
  outer loop
    vertex 42.630190174326465 202.08668779714725 5.444999999999991
    vertex 42.631378763866884 203.6520602218699 5.444999999999991
    vertex 42.73359746434232 202.04508716323284 5.444999999999991
  endloop
endfacet
facet normal -0.0 -0.0 -1.0
  outer loop
    vertex 42.73359746434232 202.04508716323284 5.444999999999991
    vertex 42.631378763866884 203.6520602218699 5.444999999999991
    vertex 42.667036450079245 205.09263074484932 5.444999999999991
  endloop
endfacet
facet normal -0.0 -0.0 -1.0
  outer loop
    vertex 37.518066561014265 208.691679873217 5.444999999999991
    vertex 37.47527733755943 208.53954041204426 5.444999999999991
    vertex 37.47052297939778 208.62036450079225 5.444999999999991
  endloop
endfacet
facet normal -0.0 -0.0 -1.0
  outer loop
    vertex 37.47527733755943 208.53954041204426 5.444999999999991
    vertex 37.518066561014265 208.691679873217 5.444999999999991
    vertex 37.518066561014265 207.36521394611717 5.444999999999991
  endloop
endfacet
facet normal -0.0 -0.0 -1.0
  outer loop
    vertex 37.518066561014265 207.36521394611717 5.444999999999991
    vertex 37.518066561014265 208.691679873217 5.444999999999991
    vertex 37.670206022187 208.7154516640252 5.444999999999991
  endloop
endfacet
facet normal -0.0 -0.0 -1.0
  outer loop
    vertex 37.518066561014265 207.36521394611717 5.444999999999991
    vertex 37.670206022187 208.7154516640252 5.444999999999991
    vertex 37.565610142630746 205.29706814580018 5.444999999999991
  endloop
endfacet
facet normal -0.0 -0.0 -1.0
  outer loop
    vertex 37.565610142630746 205.29706814580018 5.444999999999991
    vertex 37.670206022187 208.7154516640252 5.444999999999991
    vertex 37.60364500792393 202.04508716323284 5.444999999999991
  endloop
endfacet
facet normal -0.0 -0.0 -1.0
  outer loop
    vertex 37.60364500792393 202.04508716323284 5.444999999999991
    vertex 37.670206022187 208.7154516640252 5.444999999999991
    vertex 39.191600633914426 202.04508716323284 5.444999999999991
  endloop
endfacet
facet normal -0.0 -0.0 -1.0
  outer loop
    vertex 39.191600633914426 202.04508716323284 5.444999999999991
    vertex 37.670206022187 208.7154516640252 5.444999999999991
    vertex 38.45467511885896 208.732091917591 5.444999999999991
  endloop
endfacet
facet normal -0.0 -0.0 -1.0
  outer loop
    vertex 39.191600633914426 202.04508716323284 5.444999999999991
    vertex 38.45467511885896 208.732091917591 5.444999999999991
    vertex 39.23914421553091 208.74873217115675 5.444999999999991
  endloop
endfacet
facet normal -0.0 -0.0 -1.0
  outer loop
    vertex 39.191600633914426 202.04508716323284 5.444999999999991
    vertex 39.23914421553091 208.74873217115675 5.444999999999991
    vertex 39.29144215530903 202.08668779714725 5.444999999999991
  endloop
endfacet
facet normal -0.0 -0.0 -1.0
  outer loop
    vertex 39.29144215530903 202.08668779714725 5.444999999999991
    vertex 39.23914421553091 208.74873217115675 5.444999999999991
    vertex 39.27717908082409 205.00705229793962 5.444999999999991
  endloop
endfacet
facet normal -0.0 -0.0 -1.0
  outer loop
    vertex 39.29144215530903 202.08668779714725 5.444999999999991
    vertex 39.27717908082409 205.00705229793962 5.444999999999991
    vertex 39.30095087163233 203.6092709984151 5.444999999999991
  endloop
endfacet
facet normal -0.0 -0.0 -1.0
  outer loop
    vertex 39.29144215530903 202.08668779714725 5.444999999999991
    vertex 39.30095087163233 203.6092709984151 5.444999999999991
    vertex 39.32472266244057 202.21148969889052 5.444999999999991
  endloop
endfacet
facet normal -0.0 -0.0 -1.0
  outer loop
    vertex 37.51568938193344 203.7400158478604 5.444999999999991
    vertex 37.48716323296355 202.07599049128353 5.444999999999991
    vertex 37.46576862123614 202.18296354992063 5.444999999999991
  endloop
endfacet
facet normal -0.0 -0.0 -1.0
  outer loop
    vertex 37.48716323296355 202.07599049128353 5.444999999999991
    vertex 37.51568938193344 203.7400158478604 5.444999999999991
    vertex 37.60364500792393 202.04508716323284 5.444999999999991
  endloop
endfacet
facet normal -0.0 -0.0 -1.0
  outer loop
    vertex 37.60364500792393 202.04508716323284 5.444999999999991
    vertex 37.51568938193344 203.7400158478604 5.444999999999991
    vertex 37.565610142630746 205.29706814580018 5.444999999999991
  endloop
endfacet
facet normal -0.0 -0.0 -1.0
  outer loop
    vertex 39.386529318541996 208.54904912836753 5.444999999999991
    vertex 39.27717908082409 205.00705229793962 5.444999999999991
    vertex 39.23914421553091 208.74873217115675 5.444999999999991
  endloop
endfacet
facet normal -0.0 -0.0 -1.0
  outer loop
    vertex 39.27717908082409 205.00705229793962 5.444999999999991
    vertex 39.386529318541996 208.54904912836753 5.444999999999991
    vertex 39.31045958795563 205.14492868462744 5.444999999999991
  endloop
endfacet
facet normal -0.0 -0.0 -1.0
  outer loop
    vertex 39.31045958795563 205.14492868462744 5.444999999999991
    vertex 39.386529318541996 208.54904912836753 5.444999999999991
    vertex 39.35324881141046 205.09263074484932 5.444999999999991
  endloop
endfacet
facet normal -0.0 -0.0 -1.0
  outer loop
    vertex 39.35324881141046 205.09263074484932 5.444999999999991
    vertex 39.386529318541996 208.54904912836753 5.444999999999991
    vertex 40.023613312202855 203.56648177496027 5.444999999999991
  endloop
endfacet
facet normal -0.0 -0.0 -1.0
  outer loop
    vertex 40.023613312202855 203.56648177496027 5.444999999999991
    vertex 39.386529318541996 208.54904912836753 5.444999999999991
    vertex 40.77480190174327 205.50150554675108 5.444999999999991
  endloop
endfacet
facet normal -0.0 -0.0 -1.0
  outer loop
    vertex 40.023613312202855 203.56648177496027 5.444999999999991
    vertex 40.77480190174327 205.50150554675108 5.444999999999991
    vertex 40.69873217115689 202.04508716323284 5.444999999999991
  endloop
endfacet
facet normal -0.0 -0.0 -1.0
  outer loop
    vertex 40.69873217115689 202.04508716323284 5.444999999999991
    vertex 40.77480190174327 205.50150554675108 5.444999999999991
    vertex 40.79619651347068 201.97377179080812 5.444999999999991
  endloop
endfacet
facet normal -0.0 -0.0 -1.0
  outer loop
    vertex 40.79619651347068 201.97377179080812 5.444999999999991
    vertex 40.77480190174327 205.50150554675108 5.444999999999991
    vertex 40.910301109350236 205.2697305863707 5.444999999999991
  endloop
endfacet
facet normal -0.0 -0.0 -1.0
  outer loop
    vertex 40.79619651347068 201.97377179080812 5.444999999999991
    vertex 40.910301109350236 205.2697305863707 5.444999999999991
    vertex 40.993502377179084 201.94999999999987 5.444999999999991
  endloop
endfacet
facet normal -0.0 -0.0 -1.0
  outer loop
    vertex 40.993502377179084 201.94999999999987 5.444999999999991
    vertex 40.910301109350236 205.2697305863707 5.444999999999991
    vertex 41.02202852614897 205.19247226624395 5.444999999999991
  endloop
endfacet
facet normal -0.0 -0.0 -1.0
  outer loop
    vertex 40.993502377179084 201.94999999999987 5.444999999999991
    vertex 41.02202852614897 205.19247226624395 5.444999999999991
    vertex 41.183676703645006 201.9547543581615 5.444999999999991
  endloop
endfacet
facet normal -0.0 -0.0 -1.0
  outer loop
    vertex 41.183676703645006 201.9547543581615 5.444999999999991
    vertex 41.02202852614897 205.19247226624395 5.444999999999991
    vertex 41.24548335974644 205.54904912836756 5.444999999999991
  endloop
endfacet
facet normal -0.0 -0.0 -1.0
  outer loop
    vertex 41.183676703645006 201.9547543581615 5.444999999999991
    vertex 41.24548335974644 205.54904912836756 5.444999999999991
    vertex 41.302535657686214 202.08312202852602 5.444999999999991
  endloop
endfacet
facet normal -0.0 -0.0 -1.0
  outer loop
    vertex 41.302535657686214 202.08312202852602 5.444999999999991
    vertex 41.24548335974644 205.54904912836756 5.444999999999991
    vertex 42.667036450079245 208.55855784469082 5.444999999999991
  endloop
endfacet
facet normal -0.0 -0.0 -1.0
  outer loop
    vertex 41.302535657686214 202.08312202852602 5.444999999999991
    vertex 42.667036450079245 208.55855784469082 5.444999999999991
    vertex 41.98716323296355 203.77091917591113 5.444999999999991
  endloop
endfacet
facet normal -0.0 -0.0 -1.0
  outer loop
    vertex 41.98716323296355 203.77091917591113 5.444999999999991
    vertex 42.667036450079245 208.55855784469082 5.444999999999991
    vertex 42.62424722662441 205.24001584786043 5.444999999999991
  endloop
endfacet
facet normal -0.0 -0.0 -1.0
  outer loop
    vertex 42.62424722662441 205.24001584786043 5.444999999999991
    vertex 42.667036450079245 208.55855784469082 5.444999999999991
    vertex 42.667036450079245 205.09263074484932 5.444999999999991
  endloop
endfacet
facet normal -0.0 -0.0 -1.0
  outer loop
    vertex 42.667036450079245 205.09263074484932 5.444999999999991
    vertex 42.667036450079245 208.55855784469082 5.444999999999991
    vertex 42.7514263074485 208.69762282091907 5.444999999999991
  endloop
endfacet
facet normal -0.0 -0.0 -1.0
  outer loop
    vertex 42.667036450079245 205.09263074484932 5.444999999999991
    vertex 42.7514263074485 208.69762282091907 5.444999999999991
    vertex 42.73359746434232 202.04508716323284 5.444999999999991
  endloop
endfacet
facet normal -0.0 -0.0 -1.0
  outer loop
    vertex 42.73359746434232 202.04508716323284 5.444999999999991
    vertex 42.7514263074485 208.69762282091907 5.444999999999991
    vertex 44.41664025356577 202.04508716323284 5.444999999999991
  endloop
endfacet
facet normal -0.0 -0.0 -1.0
  outer loop
    vertex 44.41664025356577 202.04508716323284 5.444999999999991
    vertex 42.7514263074485 208.69762282091907 5.444999999999991
    vertex 42.84294770206023 208.7439778129951 5.444999999999991
  endloop
endfacet
facet normal -0.0 -0.0 -1.0
  outer loop
    vertex 44.41664025356577 202.04508716323284 5.444999999999991
    vertex 42.84294770206023 208.7439778129951 5.444999999999991
    vertex 43.25895404120443 208.72971473851015 5.444999999999991
  endloop
endfacet
facet normal -0.0 -0.0 -1.0
  outer loop
    vertex 44.41664025356577 202.04508716323284 5.444999999999991
    vertex 43.25895404120443 208.72971473851015 5.444999999999991
    vertex 43.679714738510306 208.7154516640252 5.444999999999991
  endloop
endfacet
facet normal -0.0 -0.0 -1.0
  outer loop
    vertex 44.41664025356577 202.04508716323284 5.444999999999991
    vertex 43.679714738510306 208.7154516640252 5.444999999999991
    vertex 44.043423137876395 208.73922345483348 5.444999999999991
  endloop
endfacet
facet normal -0.0 -0.0 -1.0
  outer loop
    vertex 44.41664025356577 202.04508716323284 5.444999999999991
    vertex 44.043423137876395 208.73922345483348 5.444999999999991
    vertex 44.40713153724247 208.7629952456417 5.444999999999991
  endloop
endfacet
facet normal -0.0 -0.0 -1.0
  outer loop
    vertex 44.41664025356577 202.04508716323284 5.444999999999991
    vertex 44.40713153724247 208.7629952456417 5.444999999999991
    vertex 44.51410459587956 208.7344690966718 5.444999999999991
  endloop
endfacet
facet normal -0.0 -0.0 -1.0
  outer loop
    vertex 44.41664025356577 202.04508716323284 5.444999999999991
    vertex 44.51410459587956 208.7344690966718 5.444999999999991
    vertex 44.4689381933439 205.29706814580018 5.444999999999991
  endloop
endfacet
facet normal -0.0 -0.0 -1.0
  outer loop
    vertex 44.4689381933439 205.29706814580018 5.444999999999991
    vertex 44.51410459587956 208.7344690966718 5.444999999999991
    vertex 44.50935023771791 206.97297939778116 5.444999999999991
  endloop
endfacet
facet normal -0.0 -0.0 -1.0
  outer loop
    vertex 44.50935023771791 206.97297939778116 5.444999999999991
    vertex 44.51410459587956 208.7344690966718 5.444999999999991
    vertex 44.54976228209192 208.64889064976217 5.444999999999991
  endloop
endfacet
facet normal -0.0 -0.0 -1.0
  outer loop
    vertex 44.4689381933439 205.29706814580018 5.444999999999991
    vertex 44.52004754358162 202.0819334389856 5.444999999999991
    vertex 44.41664025356577 202.04508716323284 5.444999999999991
  endloop
endfacet
facet normal -0.0 -0.0 -1.0
  outer loop
    vertex 44.52004754358162 202.0819334389856 5.444999999999991
    vertex 44.4689381933439 205.29706814580018 5.444999999999991
    vertex 44.511727416798735 203.74239302694122 5.444999999999991
  endloop
endfacet
facet normal -0.0 -0.0 -1.0
  outer loop
    vertex 44.52004754358162 202.0819334389856 5.444999999999991
    vertex 44.511727416798735 203.74239302694122 5.444999999999991
    vertex 44.55451664025357 202.19247226624393 5.444999999999991
  endloop
endfacet
facet normal -0.0 -0.0 -1.0
  outer loop
    vertex 45.21774960380348 204.85268423137862 5.444999999999991
    vertex 45.219532488114105 203.8279714738509 5.444999999999991
    vertex 45.17733755942948 204.32717908082395 5.444999999999991
  endloop
endfacet
facet normal -0.0 -0.0 -1.0
  outer loop
    vertex 45.219532488114105 203.8279714738509 5.444999999999991
    vertex 45.21774960380348 204.85268423137862 5.444999999999991
    vertex 45.338985736925515 205.32618858954027 5.444999999999991
  endloop
endfacet
facet normal -0.0 -0.0 -1.0
  outer loop
    vertex 45.219532488114105 203.8279714738509 5.444999999999991
    vertex 45.338985736925515 205.32618858954027 5.444999999999991
    vertex 45.34611727416799 203.37630744849432 5.444999999999991
  endloop
endfacet
facet normal -0.0 -0.0 -1.0
  outer loop
    vertex 45.34611727416799 203.37630744849432 5.444999999999991
    vertex 45.338985736925515 205.32618858954027 5.444999999999991
    vertex 45.54104595879556 205.7476921553089 5.444999999999991
  endloop
endfacet
facet normal -0.0 -0.0 -1.0
  outer loop
    vertex 45.34611727416799 203.37630744849432 5.444999999999991
    vertex 45.54104595879556 205.7476921553089 5.444999999999991
    vertex 45.55709191759113 202.97218700475423 5.444999999999991
  endloop
endfacet
facet normal -0.0 -0.0 -1.0
  outer loop
    vertex 45.55709191759113 202.97218700475423 5.444999999999991
    vertex 45.54104595879556 205.7476921553089 5.444999999999991
    vertex 45.82393026941363 206.11719492868448 5.444999999999991
  endloop
endfacet
facet normal -0.0 -0.0 -1.0
  outer loop
    vertex 45.55709191759113 202.97218700475423 5.444999999999991
    vertex 45.82393026941363 206.11719492868448 5.444999999999991
    vertex 45.852456418383525 202.6156101426306 5.444999999999991
  endloop
endfacet
facet normal -0.0 -0.0 -1.0
  outer loop
    vertex 45.852456418383525 202.6156101426306 5.444999999999991
    vertex 45.82393026941363 206.11719492868448 5.444999999999991
    vertex 46.17575277337559 206.41775950871622 5.444999999999991
  endloop
endfacet
facet normal -0.0 -0.0 -1.0
  outer loop
    vertex 45.852456418383525 202.6156101426306 5.444999999999991
    vertex 46.17575277337559 206.41775950871622 5.444999999999991
    vertex 46.213193343898574 202.32440570522968 5.444999999999991
  endloop
endfacet
facet normal -0.0 -0.0 -1.0
  outer loop
    vertex 46.213193343898574 202.32440570522968 5.444999999999991
    vertex 46.17575277337559 206.41775950871622 5.444999999999991
    vertex 46.58462757527734 206.6324484944531 5.444999999999991
  endloop
endfacet
facet normal -0.0 -0.0 -1.0
  outer loop
    vertex 46.213193343898574 202.32440570522968 5.444999999999991
    vertex 46.58462757527734 206.6324484944531 5.444999999999991
    vertex 46.620285261489705 202.11640253565756 5.444999999999991
  endloop
endfacet
facet normal -0.0 -0.0 -1.0
  outer loop
    vertex 46.620285261489705 202.11640253565756 5.444999999999991
    vertex 46.58462757527734 206.6324484944531 5.444999999999991
    vertex 46.73676703645008 204.38423137876373 5.444999999999991
  endloop
endfacet
facet normal -0.0 -0.0 -1.0
  outer loop
    vertex 46.73676703645008 204.38423137876373 5.444999999999991
    vertex 46.58462757527734 206.6324484944531 5.444999999999991
    vertex 47.05055467511886 206.76126188589527 5.444999999999991
  endloop
endfacet
facet normal -0.0 -0.0 -1.0
  outer loop
    vertex 46.73676703645008 204.38423137876373 5.444999999999991
    vertex 47.05055467511886 206.76126188589527 5.444999999999991
    vertex 46.79381933438985 204.73843106180652 5.444999999999991
  endloop
endfacet
facet normal -0.0 -0.0 -1.0
  outer loop
    vertex 46.79381933438985 204.73843106180652 5.444999999999991
    vertex 47.05055467511886 206.76126188589527 5.444999999999991
    vertex 46.96497622820919 205.04033280507116 5.444999999999991
  endloop
endfacet
facet normal -0.0 -0.0 -1.0
  outer loop
    vertex 46.96497622820919 205.04033280507116 5.444999999999991
    vertex 47.05055467511886 206.76126188589527 5.444999999999991
    vertex 47.24072900158479 205.26141045958784 5.444999999999991
  endloop
endfacet
facet normal -0.0 -0.0 -1.0
  outer loop
    vertex 47.24072900158479 205.26141045958784 5.444999999999991
    vertex 47.05055467511886 206.76126188589527 5.444999999999991
    vertex 47.57353407290016 206.80419968304267 5.444999999999991
  endloop
endfacet
facet normal -0.0 -0.0 -1.0
  outer loop
    vertex 47.24072900158479 205.26141045958784 5.444999999999991
    vertex 47.57353407290016 206.80419968304267 5.444999999999991
    vertex 47.583042789223455 205.33510301109334 5.444999999999991
  endloop
endfacet
facet normal -0.0 -0.0 -1.0
  outer loop
    vertex 47.583042789223455 205.33510301109334 5.444999999999991
    vertex 47.57353407290016 206.80419968304267 5.444999999999991
    vertex 48.08522187004755 206.7621533280506 5.444999999999991
  endloop
endfacet
facet normal -0.0 -0.0 -1.0
  outer loop
    vertex 47.583042789223455 205.33510301109334 5.444999999999991
    vertex 48.08522187004755 206.7621533280506 5.444999999999991
    vertex 47.91941362916007 205.26319334389845 5.444999999999991
  endloop
endfacet
facet normal -0.0 -0.0 -1.0
  outer loop
    vertex 47.91941362916007 205.26319334389845 5.444999999999991
    vertex 48.08522187004755 206.7621533280506 5.444999999999991
    vertex 48.18684627575278 205.04746434231365 5.444999999999991
  endloop
endfacet
facet normal -0.0 -0.0 -1.0
  outer loop
    vertex 48.18684627575278 205.04746434231365 5.444999999999991
    vertex 48.08522187004755 206.7621533280506 5.444999999999991
    vertex 48.54580031695722 206.63601426307434 5.444999999999991
  endloop
endfacet
facet normal -0.0 -0.0 -1.0
  outer loop
    vertex 48.18684627575278 205.04746434231365 5.444999999999991
    vertex 48.54580031695722 206.63601426307434 5.444999999999991
    vertex 48.361568938193344 204.73783676703633 5.444999999999991
  endloop
endfacet
facet normal -0.0 -0.0 -1.0
  outer loop
    vertex 48.361568938193344 204.73783676703633 5.444999999999991
    vertex 48.54580031695722 206.63601426307434 5.444999999999991
    vertex 48.41980982567354 204.38423137876373 5.444999999999991
  endloop
endfacet
facet normal -0.0 -0.0 -1.0
  outer loop
    vertex 46.73676703645008 204.38423137876373 5.444999999999991
    vertex 47.0737321711569 201.9916006339143 5.444999999999991
    vertex 46.620285261489705 202.11640253565756 5.444999999999991
  endloop
endfacet
facet normal -0.0 -0.0 -1.0
  outer loop
    vertex 47.0737321711569 201.9916006339143 5.444999999999991
    vertex 46.73676703645008 204.38423137876373 5.444999999999991
    vertex 46.79381933438985 204.0264659270997 5.444999999999991
  endloop
endfacet
facet normal -0.0 -0.0 -1.0
  outer loop
    vertex 47.0737321711569 201.9916006339143 5.444999999999991
    vertex 46.79381933438985 204.0264659270997 5.444999999999991
    vertex 46.96497622820919 203.72337559429465 5.444999999999991
  endloop
endfacet
facet normal -0.0 -0.0 -1.0
  outer loop
    vertex 47.0737321711569 201.9916006339143 5.444999999999991
    vertex 46.96497622820919 203.72337559429465 5.444999999999991
    vertex 47.24072900158479 203.50229793977797 5.444999999999991
  endloop
endfacet
facet normal -0.0 -0.0 -1.0
  outer loop
    vertex 47.0737321711569 201.9916006339143 5.444999999999991
    vertex 47.24072900158479 203.50229793977797 5.444999999999991
    vertex 47.57353407290016 201.94999999999987 5.444999999999991
  endloop
endfacet
facet normal -0.0 -0.0 -1.0
  outer loop
    vertex 47.57353407290016 201.94999999999987 5.444999999999991
    vertex 47.24072900158479 203.50229793977797 5.444999999999991
    vertex 47.583042789223455 203.42860538827244 5.444999999999991
  endloop
endfacet
facet normal -0.0 -0.0 -1.0
  outer loop
    vertex 47.57353407290016 201.94999999999987 5.444999999999991
    vertex 47.583042789223455 203.42860538827244 5.444999999999991
    vertex 48.08715332805072 201.99219492868448 5.444999999999991
  endloop
endfacet
facet normal -0.0 -0.0 -1.0
  outer loop
    vertex 48.08715332805072 201.99219492868448 5.444999999999991
    vertex 47.583042789223455 203.42860538827244 5.444999999999991
    vertex 47.92179080824089 203.50229793977797 5.444999999999991
  endloop
endfacet
facet normal -0.0 -0.0 -1.0
  outer loop
    vertex 48.08715332805072 201.99219492868448 5.444999999999991
    vertex 47.92179080824089 203.50229793977797 5.444999999999991
    vertex 48.19635499207607 203.72337559429465 5.444999999999991
  endloop
endfacet
facet normal -0.0 -0.0 -1.0
  outer loop
    vertex 48.08715332805072 201.99219492868448 5.444999999999991
    vertex 48.19635499207607 203.72337559429465 5.444999999999991
    vertex 48.548771790808246 202.11877971473837 5.444999999999991
  endloop
endfacet
facet normal -0.0 -0.0 -1.0
  outer loop
    vertex 48.548771790808246 202.11877971473837 5.444999999999991
    vertex 48.19635499207607 203.72337559429465 5.444999999999991
    vertex 48.36394611727417 204.0264659270997 5.444999999999991
  endloop
endfacet
facet normal -0.0 -0.0 -1.0
  outer loop
    vertex 48.548771790808246 202.11877971473837 5.444999999999991
    vertex 48.36394611727417 204.0264659270997 5.444999999999991
    vertex 48.41980982567354 204.38423137876373 5.444999999999991
  endloop
endfacet
facet normal -0.0 -0.0 -1.0
  outer loop
    vertex 48.548771790808246 202.11877971473837 5.444999999999991
    vertex 48.41980982567354 204.38423137876373 5.444999999999991
    vertex 48.54580031695722 206.63601426307434 5.444999999999991
  endloop
endfacet
facet normal -0.0 -0.0 -1.0
  outer loop
    vertex 48.548771790808246 202.11877971473837 5.444999999999991
    vertex 48.54580031695722 206.63601426307434 5.444999999999991
    vertex 48.955269413629175 206.42578248811395 5.444999999999991
  endloop
endfacet
facet normal -0.0 -0.0 -1.0
  outer loop
    vertex 48.548771790808246 202.11877971473837 5.444999999999991
    vertex 48.955269413629175 206.42578248811395 5.444999999999991
    vertex 48.95838946117274 202.32975435816152 5.444999999999991
  endloop
endfacet
facet normal -0.0 -0.0 -1.0
  outer loop
    vertex 48.95838946117274 202.32975435816152 5.444999999999991
    vertex 48.955269413629175 206.42578248811395 5.444999999999991
    vertex 49.31362916006339 206.13145800316943 5.444999999999991
  endloop
endfacet
facet normal -0.0 -0.0 -1.0
  outer loop
    vertex 48.95838946117274 202.32975435816152 5.444999999999991
    vertex 49.31362916006339 206.13145800316943 5.444999999999991
    vertex 49.31600633914422 202.62511885895393 5.444999999999991
  endloop
endfacet
facet normal -0.0 -0.0 -1.0
  outer loop
    vertex 49.31600633914422 202.62511885895393 5.444999999999991
    vertex 49.31362916006339 206.13145800316943 5.444999999999991
    vertex 49.60483359746435 205.76997820919163 5.444999999999991
  endloop
endfacet
facet normal -0.0 -0.0 -1.0
  outer loop
    vertex 49.31600633914422 202.62511885895393 5.444999999999991
    vertex 49.60483359746435 205.76997820919163 5.444999999999991
    vertex 49.60617076069731 202.9882329635498 5.444999999999991
  endloop
endfacet
facet normal -0.0 -0.0 -1.0
  outer loop
    vertex 49.60617076069731 202.9882329635498 5.444999999999991
    vertex 49.60483359746435 205.76997820919163 5.444999999999991
    vertex 49.81283676703645 205.3582805071314 5.444999999999991
  endloop
endfacet
facet normal -0.0 -0.0 -1.0
  outer loop
    vertex 49.60617076069731 202.9882329635498 5.444999999999991
    vertex 49.81283676703645 205.3582805071314 5.444999999999991
    vertex 49.81343106180666 203.4024564183834 5.444999999999991
  endloop
endfacet
facet normal -0.0 -0.0 -1.0
  outer loop
    vertex 49.81343106180666 203.4024564183834 5.444999999999991
    vertex 49.81283676703645 205.3582805071314 5.444999999999991
    vertex 49.93763866877971 204.89636489698879 5.444999999999991
  endloop
endfacet
facet normal -0.0 -0.0 -1.0
  outer loop
    vertex 49.81343106180666 203.4024564183834 5.444999999999991
    vertex 49.93763866877971 204.89636489698879 5.444999999999991
    vertex 49.93778724247227 203.8677892234547 5.444999999999991
  endloop
endfacet
facet normal -0.0 -0.0 -1.0
  outer loop
    vertex 49.93778724247227 203.8677892234547 5.444999999999991
    vertex 49.93763866877971 204.89636489698879 5.444999999999991
    vertex 49.97923930269414 204.38423137876373 5.444999999999991
  endloop
endfacet
facet normal -0.0 -0.0 -1.0
  outer loop
    vertex 52.82472266244057 206.41671949286834 5.444999999999991
    vertex 52.31362916006339 204.77884310618052 5.444999999999991
    vertex 52.31362916006339 206.08629160063376 5.444999999999991
  endloop
endfacet
facet normal -0.0 -0.0 -1.0
  outer loop
    vertex 52.31362916006339 204.77884310618052 5.444999999999991
    vertex 52.82472266244057 206.41671949286834 5.444999999999991
    vertex 52.38019017432647 204.9559429477019 5.444999999999991
  endloop
endfacet
facet normal -0.0 -0.0 -1.0
  outer loop
    vertex 52.38019017432647 204.9559429477019 5.444999999999991
    vertex 52.82472266244057 206.41671949286834 5.444999999999991
    vertex 52.57987321711568 205.13541996830412 5.444999999999991
  endloop
endfacet
facet normal -0.0 -0.0 -1.0
  outer loop
    vertex 52.57987321711568 205.13541996830412 5.444999999999991
    vertex 52.82472266244057 206.41671949286834 5.444999999999991
    vertex 53.012519809825676 205.29706814580018 5.444999999999991
  endloop
endfacet
facet normal -0.0 -0.0 -1.0
  outer loop
    vertex 53.012519809825676 205.29706814580018 5.444999999999991
    vertex 52.82472266244057 206.41671949286834 5.444999999999991
    vertex 53.353050713153735 206.66454041204423 5.444999999999991
  endloop
endfacet
facet normal -0.0 -0.0 -1.0
  outer loop
    vertex 53.012519809825676 205.29706814580018 5.444999999999991
    vertex 53.353050713153735 206.66454041204423 5.444999999999991
    vertex 53.260043581616486 205.25635895404105 5.444999999999991
  endloop
endfacet
facet normal -0.0 -0.0 -1.0
  outer loop
    vertex 53.260043581616486 205.25635895404105 5.444999999999991
    vertex 53.353050713153735 206.66454041204423 5.444999999999991
    vertex 53.43684627575277 205.13423137876373 5.444999999999991
  endloop
endfacet
facet normal -0.0 -0.0 -1.0
  outer loop
    vertex 53.43684627575277 205.13423137876373 5.444999999999991
    vertex 53.353050713153735 206.66454041204423 5.444999999999991
    vertex 53.811251980982576 206.74714738510286 5.444999999999991
  endloop
endfacet
facet normal -0.0 -0.0 -1.0
  outer loop
    vertex 53.43684627575277 205.13423137876373 5.444999999999991
    vertex 53.811251980982576 206.74714738510286 5.444999999999991
    vertex 53.54292789223456 204.93068541996817 5.444999999999991
  endloop
endfacet
facet normal -0.0 -0.0 -1.0
  outer loop
    vertex 53.54292789223456 204.93068541996817 5.444999999999991
    vertex 53.811251980982576 206.74714738510286 5.444999999999991
    vertex 53.578288431061814 204.6457210776544 5.444999999999991
  endloop
endfacet
facet normal -0.0 -0.0 -1.0
  outer loop
    vertex 53.578288431061814 204.6457210776544 5.444999999999991
    vertex 53.811251980982576 206.74714738510286 5.444999999999991
    vertex 53.58779714738511 204.12036450079228 5.444999999999991
  endloop
endfacet
facet normal -0.0 -0.0 -1.0
  outer loop
    vertex 53.58779714738511 204.12036450079228 5.444999999999991
    vertex 53.811251980982576 206.74714738510286 5.444999999999991
    vertex 53.5973058637084 203.59500792393015 5.444999999999991
  endloop
endfacet
facet normal -0.0 -0.0 -1.0
  outer loop
    vertex 53.5973058637084 203.59500792393015 5.444999999999991
    vertex 53.811251980982576 206.74714738510286 5.444999999999991
    vertex 53.604437400950864 202.10808240887465 5.444999999999991
  endloop
endfacet
facet normal -0.0 -0.0 -1.0
  outer loop
    vertex 53.604437400950864 202.10808240887465 5.444999999999991
    vertex 53.811251980982576 206.74714738510286 5.444999999999991
    vertex 53.71141045958797 202.04508716323284 5.444999999999991
  endloop
endfacet
facet normal -0.0 -0.0 -1.0
  outer loop
    vertex 53.71141045958797 202.04508716323284 5.444999999999991
    vertex 53.811251980982576 206.74714738510286 5.444999999999991
    vertex 54.45309033280508 202.01656101426292 5.444999999999991
  endloop
endfacet
facet normal -0.0 -0.0 -1.0
  outer loop
    vertex 54.45309033280508 202.01656101426292 5.444999999999991
    vertex 53.811251980982576 206.74714738510286 5.444999999999991
    vertex 54.36513470681458 206.67583201267817 5.444999999999991
  endloop
endfacet
facet normal -0.0 -0.0 -1.0
  outer loop
    vertex 54.45309033280508 202.01656101426292 5.444999999999991
    vertex 54.36513470681458 206.67583201267817 5.444999999999991
    vertex 54.81917591125199 206.46188589540398 5.444999999999991
  endloop
endfacet
facet normal -0.0 -0.0 -1.0
  outer loop
    vertex 54.45309033280508 202.01656101426292 5.444999999999991
    vertex 54.81917591125199 206.46188589540398 5.444999999999991
    vertex 55.14722662440571 202.03557844690954 5.444999999999991
  endloop
endfacet
facet normal -0.0 -0.0 -1.0
  outer loop
    vertex 55.14722662440571 202.03557844690954 5.444999999999991
    vertex 54.81917591125199 206.46188589540398 5.444999999999991
    vertex 55.15792393026941 206.069651347068 5.444999999999991
  endloop
endfacet
facet normal -0.0 -0.0 -1.0
  outer loop
    vertex 55.14722662440571 202.03557844690954 5.444999999999991
    vertex 55.15792393026941 206.069651347068 5.444999999999991
    vertex 55.24706814580031 202.0819334389856 5.444999999999991
  endloop
endfacet
facet normal -0.0 -0.0 -1.0
  outer loop
    vertex 55.24706814580031 202.0819334389856 5.444999999999991
    vertex 55.15792393026941 206.069651347068 5.444999999999991
    vertex 55.27083993660856 205.54904912836756 5.444999999999991
  endloop
endfacet
facet normal -0.0 -0.0 -1.0
  outer loop
    vertex 55.24706814580031 202.0819334389856 5.444999999999991
    vertex 55.27083993660856 205.54904912836756 5.444999999999991
    vertex 55.27083993660856 204.03240887480177 5.444999999999991
  endloop
endfacet
facet normal -0.0 -0.0 -1.0
  outer loop
    vertex 55.24706814580031 202.0819334389856 5.444999999999991
    vertex 55.27083993660856 204.03240887480177 5.444999999999991
    vertex 55.27559429477021 203.1076862123612 5.444999999999991
  endloop
endfacet
facet normal -0.0 -0.0 -1.0
  outer loop
    vertex 55.24706814580031 202.0819334389856 5.444999999999991
    vertex 55.27559429477021 203.1076862123612 5.444999999999991
    vertex 55.280348652931856 202.18296354992063 5.444999999999991
  endloop
endfacet
facet normal -0.0 -0.0 -1.0
  outer loop
    vertex 53.583042789223455 202.91513470681446 5.444999999999991
    vertex 53.604437400950864 202.10808240887465 5.444999999999991
    vertex 53.56877971473852 202.2400158478604 5.444999999999991
  endloop
endfacet
facet normal -0.0 -0.0 -1.0
  outer loop
    vertex 53.604437400950864 202.10808240887465 5.444999999999991
    vertex 53.583042789223455 202.91513470681446 5.444999999999991
    vertex 53.5973058637084 203.59500792393015 5.444999999999991
  endloop
endfacet
facet normal -0.0 -0.0 -1.0
  outer loop
    vertex 50.50221870047544 206.47614896988895 5.444999999999991
    vertex 50.440412044374014 206.30023771790795 5.444999999999991
    vertex 50.43090332805072 206.37155309033267 5.444999999999991
  endloop
endfacet
facet normal -0.0 -0.0 -1.0
  outer loop
    vertex 50.440412044374014 206.30023771790795 5.444999999999991
    vertex 50.50221870047544 206.47614896988895 5.444999999999991
    vertex 50.57947702060222 205.4979397781298 5.444999999999991
  endloop
endfacet
facet normal -0.0 -0.0 -1.0
  outer loop
    vertex 50.57947702060222 205.4979397781298 5.444999999999991
    vertex 50.50221870047544 206.47614896988895 5.444999999999991
    vertex 51.30095087163233 206.5807448494452 5.444999999999991
  endloop
endfacet
facet normal -0.0 -0.0 -1.0
  outer loop
    vertex 50.57947702060222 205.4979397781298 5.444999999999991
    vertex 51.30095087163233 206.5807448494452 5.444999999999991
    vertex 50.62583201267829 204.44128367670353 5.444999999999991
  endloop
endfacet
facet normal -0.0 -0.0 -1.0
  outer loop
    vertex 50.62583201267829 204.44128367670353 5.444999999999991
    vertex 51.30095087163233 206.5807448494452 5.444999999999991
    vertex 50.653169572107764 202.09619651347055 5.444999999999991
  endloop
endfacet
facet normal -0.0 -0.0 -1.0
  outer loop
    vertex 50.653169572107764 202.09619651347055 5.444999999999991
    vertex 51.30095087163233 206.5807448494452 5.444999999999991
    vertex 50.76370839936609 202.04508716323284 5.444999999999991
  endloop
endfacet
facet normal -0.0 -0.0 -1.0
  outer loop
    vertex 50.76370839936609 202.04508716323284 5.444999999999991
    vertex 51.30095087163233 206.5807448494452 5.444999999999991
    vertex 51.486370839936605 202.01656101426292 5.444999999999991
  endloop
endfacet
facet normal -0.0 -0.0 -1.0
  outer loop
    vertex 51.486370839936605 202.01656101426292 5.444999999999991
    vertex 51.30095087163233 206.5807448494452 5.444999999999991
    vertex 52.15198098256735 206.72812995245627 5.444999999999991
  endloop
endfacet
facet normal -0.0 -0.0 -1.0
  outer loop
    vertex 51.486370839936605 202.01656101426292 5.444999999999991
    vertex 52.15198098256735 206.72812995245627 5.444999999999991
    vertex 52.166244057052296 202.03557844690954 5.444999999999991
  endloop
endfacet
facet normal -0.0 -0.0 -1.0
  outer loop
    vertex 52.166244057052296 202.03557844690954 5.444999999999991
    vertex 52.15198098256735 206.72812995245627 5.444999999999991
    vertex 52.23280507131538 206.407210776545 5.444999999999991
  endloop
endfacet
facet normal -0.0 -0.0 -1.0
  outer loop
    vertex 52.166244057052296 202.03557844690954 5.444999999999991
    vertex 52.23280507131538 206.407210776545 5.444999999999991
    vertex 52.27678288431063 202.0890649762281 5.444999999999991
  endloop
endfacet
facet normal -0.0 -0.0 -1.0
  outer loop
    vertex 52.27678288431063 202.0890649762281 5.444999999999991
    vertex 52.23280507131538 206.407210776545 5.444999999999991
    vertex 52.31362916006339 206.08629160063376 5.444999999999991
  endloop
endfacet
facet normal -0.0 -0.0 -1.0
  outer loop
    vertex 52.27678288431063 202.0890649762281 5.444999999999991
    vertex 52.31362916006339 206.08629160063376 5.444999999999991
    vertex 52.31362916006339 202.21148969889052 5.444999999999991
  endloop
endfacet
facet normal -0.0 -0.0 -1.0
  outer loop
    vertex 52.31362916006339 202.21148969889052 5.444999999999991
    vertex 52.31362916006339 206.08629160063376 5.444999999999991
    vertex 52.31362916006339 204.77884310618052 5.444999999999991
  endloop
endfacet
facet normal -0.0 -0.0 -1.0
  outer loop
    vertex 50.62107765451665 203.3192551505545 5.444999999999991
    vertex 50.653169572107764 202.09619651347055 5.444999999999991
    vertex 50.61632329635499 202.20198098256722 5.444999999999991
  endloop
endfacet
facet normal -0.0 -0.0 -1.0
  outer loop
    vertex 50.653169572107764 202.09619651347055 5.444999999999991
    vertex 50.62107765451665 203.3192551505545 5.444999999999991
    vertex 50.62583201267829 204.44128367670353 5.444999999999991
  endloop
endfacet
facet normal -0.0 -0.0 -1.0
  outer loop
    vertex 56.1527733755943 208.09738510301096 5.444999999999991
    vertex 56.15039619651348 207.41038034865278 5.444999999999991
    vertex 56.079080824088756 207.75982567353392 5.444999999999991
  endloop
endfacet
facet normal -0.0 -0.0 -1.0
  outer loop
    vertex 56.15039619651348 207.41038034865278 5.444999999999991
    vertex 56.1527733755943 208.09738510301096 5.444999999999991
    vertex 56.36434231378764 207.14175911251968 5.444999999999991
  endloop
endfacet
facet normal -0.0 -0.0 -1.0
  outer loop
    vertex 56.36434231378764 207.14175911251968 5.444999999999991
    vertex 56.1527733755943 208.09738510301096 5.444999999999991
    vertex 56.373851030110934 208.36838351822487 5.444999999999991
  endloop
endfacet
facet normal -0.0 -0.0 -1.0
  outer loop
    vertex 56.36434231378764 207.14175911251968 5.444999999999991
    vertex 56.373851030110934 208.36838351822487 5.444999999999991
    vertex 56.66030110935024 206.9848652931853 5.444999999999991
  endloop
endfacet
facet normal -0.0 -0.0 -1.0
  outer loop
    vertex 56.66030110935024 206.9848652931853 5.444999999999991
    vertex 56.373851030110934 208.36838351822487 5.444999999999991
    vertex 56.67218700475436 208.53240887480175 5.444999999999991
  endloop
endfacet
facet normal -0.0 -0.0 -1.0
  outer loop
    vertex 56.66030110935024 206.9848652931853 5.444999999999991
    vertex 56.67218700475436 208.53240887480175 5.444999999999991
    vertex 57.025198098256745 206.93256735340714 5.444999999999991
  endloop
endfacet
facet normal -0.0 -0.0 -1.0
  outer loop
    vertex 57.025198098256745 206.93256735340714 5.444999999999991
    vertex 56.67218700475436 208.53240887480175 5.444999999999991
    vertex 57.025198098256745 208.5870839936607 5.444999999999991
  endloop
endfacet
facet normal -0.0 -0.0 -1.0
  outer loop
    vertex 57.025198098256745 206.93256735340714 5.444999999999991
    vertex 57.025198098256745 208.5870839936607 5.444999999999991
    vertex 57.37107765451665 208.53122028526136 5.444999999999991
  endloop
endfacet
facet normal -0.0 -0.0 -1.0
  outer loop
    vertex 57.025198098256745 206.93256735340714 5.444999999999991
    vertex 57.37107765451665 208.53122028526136 5.444999999999991
    vertex 57.432884310618064 206.9842709984151 5.444999999999991
  endloop
endfacet
facet normal -0.0 -0.0 -1.0
  outer loop
    vertex 57.432884310618064 206.9842709984151 5.444999999999991
    vertex 57.37107765451665 208.53122028526136 5.444999999999991
    vertex 57.66703645007925 208.36362916006325 5.444999999999991
  endloop
endfacet
facet normal -0.0 -0.0 -1.0
  outer loop
    vertex 57.432884310618064 206.9842709984151 5.444999999999991
    vertex 57.66703645007925 208.36362916006325 5.444999999999991
    vertex 57.724088748019014 207.13938193343887 5.444999999999991
  endloop
endfacet
facet normal -0.0 -0.0 -1.0
  outer loop
    vertex 57.724088748019014 207.13938193343887 5.444999999999991
    vertex 57.66703645007925 208.36362916006325 5.444999999999991
    vertex 57.88454833597464 208.0938193343897 5.444999999999991
  endloop
endfacet
facet normal -0.0 -0.0 -1.0
  outer loop
    vertex 57.724088748019014 207.13938193343887 5.444999999999991
    vertex 57.88454833597464 208.0938193343897 5.444999999999991
    vertex 57.89881141045958 207.39790015847845 5.444999999999991
  endloop
endfacet
facet normal -0.0 -0.0 -1.0
  outer loop
    vertex 57.89881141045958 207.39790015847845 5.444999999999991
    vertex 57.88454833597464 208.0938193343897 5.444999999999991
    vertex 57.95705229793978 207.75982567353392 5.444999999999991
  endloop
endfacet
facet normal -0.0 -0.0 -1.0
  outer loop
    vertex 56.09215530903328 206.54746434231365 5.444999999999991
    vertex 56.06957210776545 206.37630744849432 5.444999999999991
    vertex 56.060063391442156 206.47614896988895 5.444999999999991
  endloop
endfacet
facet normal -0.0 -0.0 -1.0
  outer loop
    vertex 56.06957210776545 206.37630744849432 5.444999999999991
    vertex 56.09215530903328 206.54746434231365 5.444999999999991
    vertex 56.17416798732171 204.22733755942932 5.444999999999991
  endloop
endfacet
facet normal -0.0 -0.0 -1.0
  outer loop
    vertex 56.17416798732171 204.22733755942932 5.444999999999991
    vertex 56.09215530903328 206.54746434231365 5.444999999999991
    vertex 56.18843106180666 206.5712361331219 5.444999999999991
  endloop
endfacet
facet normal -0.0 -0.0 -1.0
  outer loop
    vertex 57.919017432646584 206.53795562599038 5.444999999999991
    vertex 57.83343898573692 204.22733755942932 5.444999999999991
    vertex 57.83343898573692 206.5617274167986 5.444999999999991
  endloop
endfacet
facet normal -0.0 -0.0 -1.0
  outer loop
    vertex 57.83343898573692 204.22733755942932 5.444999999999991
    vertex 57.919017432646584 206.53795562599038 5.444999999999991
    vertex 57.93803486529319 206.37630744849432 5.444999999999991
  endloop
endfacet
facet normal -0.0 -0.0 -1.0
  outer loop
    vertex 57.93803486529319 206.37630744849432 5.444999999999991
    vertex 57.919017432646584 206.53795562599038 5.444999999999991
    vertex 57.94754358161649 206.46664025356563 5.444999999999991
  endloop
endfacet
facet normal -0.0 -0.0 -1.0
  outer loop
    vertex 56.15990491283677 203.23605388272568 5.444999999999991
    vertex 56.155150554675124 202.10689381933426 5.444999999999991
    vertex 56.14564183835182 202.2495245641837 5.444999999999991
  endloop
endfacet
facet normal -0.0 -0.0 -1.0
  outer loop
    vertex 56.155150554675124 202.10689381933426 5.444999999999991
    vertex 56.15990491283677 203.23605388272568 5.444999999999991
    vertex 56.28351822503962 202.04508716323284 5.444999999999991
  endloop
endfacet
facet normal -0.0 -0.0 -1.0
  outer loop
    vertex 56.28351822503962 202.04508716323284 5.444999999999991
    vertex 56.15990491283677 203.23605388272568 5.444999999999991
    vertex 56.17416798732171 204.22733755942932 5.444999999999991
  endloop
endfacet
facet normal -0.0 -0.0 -1.0
  outer loop
    vertex 56.28351822503962 202.04508716323284 5.444999999999991
    vertex 56.17416798732171 204.22733755942932 5.444999999999991
    vertex 56.18843106180666 206.5712361331219 5.444999999999991
  endloop
endfacet
facet normal -0.0 -0.0 -1.0
  outer loop
    vertex 56.28351822503962 202.04508716323284 5.444999999999991
    vertex 56.18843106180666 206.5712361331219 5.444999999999991
    vertex 56.59492868462758 206.542709984152 5.444999999999991
  endloop
endfacet
facet normal -0.0 -0.0 -1.0
  outer loop
    vertex 56.28351822503962 202.04508716323284 5.444999999999991
    vertex 56.59492868462758 206.542709984152 5.444999999999991
    vertex 57.01568938193344 202.01656101426292 5.444999999999991
  endloop
endfacet
facet normal -0.0 -0.0 -1.0
  outer loop
    vertex 57.01568938193344 202.01656101426292 5.444999999999991
    vertex 56.59492868462758 206.542709984152 5.444999999999991
    vertex 57.006180665610145 206.5141838351821 5.444999999999991
  endloop
endfacet
facet normal -0.0 -0.0 -1.0
  outer loop
    vertex 57.01568938193344 202.01656101426292 5.444999999999991
    vertex 57.006180665610145 206.5141838351821 5.444999999999991
    vertex 57.41980982567353 206.53795562599038 5.444999999999991
  endloop
endfacet
facet normal -0.0 -0.0 -1.0
  outer loop
    vertex 57.01568938193344 202.01656101426292 5.444999999999991
    vertex 57.41980982567353 206.53795562599038 5.444999999999991
    vertex 57.74310618066561 202.04508716323284 5.444999999999991
  endloop
endfacet
facet normal -0.0 -0.0 -1.0
  outer loop
    vertex 57.74310618066561 202.04508716323284 5.444999999999991
    vertex 57.41980982567353 206.53795562599038 5.444999999999991
    vertex 57.83343898573692 206.5617274167986 5.444999999999991
  endloop
endfacet
facet normal -0.0 -0.0 -1.0
  outer loop
    vertex 57.74310618066561 202.04508716323284 5.444999999999991
    vertex 57.83343898573692 206.5617274167986 5.444999999999991
    vertex 57.832250396196514 202.0843106180664 5.444999999999991
  endloop
endfacet
facet normal -0.0 -0.0 -1.0
  outer loop
    vertex 57.832250396196514 202.0843106180664 5.444999999999991
    vertex 57.83343898573692 206.5617274167986 5.444999999999991
    vertex 57.83343898573692 204.22733755942932 5.444999999999991
  endloop
endfacet
facet normal -0.0 -0.0 -1.0
  outer loop
    vertex 57.832250396196514 202.0843106180664 5.444999999999991
    vertex 57.83343898573692 204.22733755942932 5.444999999999991
    vertex 57.84770206022187 203.19326465927085 5.444999999999991
  endloop
endfacet
facet normal -0.0 -0.0 -1.0
  outer loop
    vertex 57.832250396196514 202.0843106180664 5.444999999999991
    vertex 57.84770206022187 203.19326465927085 5.444999999999991
    vertex 57.86196513470682 202.16394611727404 5.444999999999991
  endloop
endfacet
facet normal -0.0 -0.0 -1.0
  outer loop
    vertex 58.95784469096672 208.0736133122027 5.444999999999991
    vertex 58.95071315372425 207.0751980982566 5.444999999999991
    vertex 58.93169572107766 207.65998415213934 5.444999999999991
  endloop
endfacet
facet normal -0.0 -0.0 -1.0
  outer loop
    vertex 60.51014263074485 207.99278922345474 5.444999999999991
    vertex 60.59809825673535 207.33668779714722 5.444999999999991
    vertex 60.567194928684636 206.7566561014262 5.444999999999991
  endloop
endfacet
facet normal -0.0 -0.0 -1.0
  outer loop
    vertex 60.59809825673535 207.33668779714722 5.444999999999991
    vertex 60.51014263074485 207.99278922345474 5.444999999999991
    vertex 60.62900158478606 207.9119651347067 5.444999999999991
  endloop
endfacet
facet normal -0.0 -0.0 -1.0
  outer loop
    vertex 58.51806656101427 206.37868462757513 5.444999999999991
    vertex 58.45388272583202 206.00071315372412 5.444999999999991
    vertex 58.4419968304279 206.30499207606957 5.444999999999991
  endloop
endfacet
facet normal -0.0 -0.0 -1.0
  outer loop
    vertex 58.45388272583202 206.00071315372412 5.444999999999991
    vertex 58.51806656101427 206.37868462757513 5.444999999999991
    vertex 58.46576862123614 205.69643423137862 5.444999999999991
  endloop
endfacet
facet normal -0.0 -0.0 -1.0
  outer loop
    vertex 58.46576862123614 205.69643423137862 5.444999999999991
    vertex 58.51806656101427 206.37868462757513 5.444999999999991
    vertex 58.48716323296356 205.13423137876373 5.444999999999991
  endloop
endfacet
facet normal -0.0 -0.0 -1.0
  outer loop
    vertex 58.48716323296356 205.13423137876373 5.444999999999991
    vertex 58.51806656101427 206.37868462757513 5.444999999999991
    vertex 58.62266244057053 205.10213946117258 5.444999999999991
  endloop
endfacet
facet normal -0.0 -0.0 -1.0
  outer loop
    vertex 58.62266244057053 205.10213946117258 5.444999999999991
    vertex 58.51806656101427 206.37868462757513 5.444999999999991
    vertex 58.74627575277338 206.40958795562588 5.444999999999991
  endloop
endfacet
facet normal -0.0 -0.0 -1.0
  outer loop
    vertex 58.62266244057053 205.10213946117258 5.444999999999991
    vertex 58.74627575277338 206.40958795562588 5.444999999999991
    vertex 58.684469096671954 205.10689381933426 5.444999999999991
  endloop
endfacet
facet normal -0.0 -0.0 -1.0
  outer loop
    vertex 58.684469096671954 205.10689381933426 5.444999999999991
    vertex 58.74627575277338 206.40958795562588 5.444999999999991
    vertex 58.74627575277338 205.10689381933426 5.444999999999991
  endloop
endfacet
facet normal -0.0 -0.0 -1.0
  outer loop
    vertex 58.74627575277338 205.10689381933426 5.444999999999991
    vertex 58.74627575277338 206.40958795562588 5.444999999999991
    vertex 58.87820919175911 206.43573692551493 5.444999999999991
  endloop
endfacet
facet normal -0.0 -0.0 -1.0
  outer loop
    vertex 58.74627575277338 205.10689381933426 5.444999999999991
    vertex 58.87820919175911 206.43573692551493 5.444999999999991
    vertex 58.92812995245642 205.0545958795561 5.444999999999991
  endloop
endfacet
facet normal -0.0 -0.0 -1.0
  outer loop
    vertex 58.92812995245642 205.0545958795561 5.444999999999991
    vertex 58.87820919175911 206.43573692551493 5.444999999999991
    vertex 58.93169572107766 206.50467511885884 5.444999999999991
  endloop
endfacet
facet normal -0.0 -0.0 -1.0
  outer loop
    vertex 58.92812995245642 205.0545958795561 5.444999999999991
    vertex 58.93169572107766 206.50467511885884 5.444999999999991
    vertex 58.988748019017436 204.89770206022172 5.444999999999991
  endloop
endfacet
facet normal -0.0 -0.0 -1.0
  outer loop
    vertex 58.988748019017436 204.89770206022172 5.444999999999991
    vertex 58.93169572107766 206.50467511885884 5.444999999999991
    vertex 58.95071315372425 207.0751980982566 5.444999999999991
  endloop
endfacet
facet normal -0.0 -0.0 -1.0
  outer loop
    vertex 58.988748019017436 204.89770206022172 5.444999999999991
    vertex 58.95071315372425 207.0751980982566 5.444999999999991
    vertex 58.95784469096672 208.0736133122027 5.444999999999991
  endloop
endfacet
facet normal -0.0 -0.0 -1.0
  outer loop
    vertex 58.988748019017436 204.89770206022172 5.444999999999991
    vertex 58.95784469096672 208.0736133122027 5.444999999999991
    vertex 59.036291600633916 208.21148969889055 5.444999999999991
  endloop
endfacet
facet normal -0.0 -0.0 -1.0
  outer loop
    vertex 58.988748019017436 204.89770206022172 5.444999999999991
    vertex 59.036291600633916 208.21148969889055 5.444999999999991
    vertex 59.02708003169573 202.55053486529306 5.444999999999991
  endloop
endfacet
facet normal -0.0 -0.0 -1.0
  outer loop
    vertex 59.02708003169573 202.55053486529306 5.444999999999991
    vertex 59.036291600633916 208.21148969889055 5.444999999999991
    vertex 59.28470681458003 202.22218700475423 5.444999999999991
  endloop
endfacet
facet normal -0.0 -0.0 -1.0
  outer loop
    vertex 59.28470681458003 202.22218700475423 5.444999999999991
    vertex 59.036291600633916 208.21148969889055 5.444999999999991
    vertex 59.40237717908084 208.15443740095074 5.444999999999991
  endloop
endfacet
facet normal -0.0 -0.0 -1.0
  outer loop
    vertex 59.28470681458003 202.22218700475423 5.444999999999991
    vertex 59.40237717908084 208.15443740095074 5.444999999999991
    vertex 59.71408478605389 202.02517828843094 5.444999999999991
  endloop
endfacet
facet normal -0.0 -0.0 -1.0
  outer loop
    vertex 59.71408478605389 202.02517828843094 5.444999999999991
    vertex 59.40237717908084 208.15443740095074 5.444999999999991
    vertex 59.77797147385104 208.08312202852602 5.444999999999991
  endloop
endfacet
facet normal -0.0 -0.0 -1.0
  outer loop
    vertex 59.71408478605389 202.02517828843094 5.444999999999991
    vertex 59.77797147385104 208.08312202852602 5.444999999999991
    vertex 60.31521394611728 201.95950871632317 5.444999999999991
  endloop
endfacet
facet normal -0.0 -0.0 -1.0
  outer loop
    vertex 60.31521394611728 201.95950871632317 5.444999999999991
    vertex 59.77797147385104 208.08312202852602 5.444999999999991
    vertex 60.51014263074485 207.99278922345474 5.444999999999991
  endloop
endfacet
facet normal -0.0 -0.0 -1.0
  outer loop
    vertex 60.31521394611728 201.95950871632317 5.444999999999991
    vertex 60.51014263074485 207.99278922345474 5.444999999999991
    vertex 60.58621236133122 204.18930269413616 5.444999999999991
  endloop
endfacet
facet normal -0.0 -0.0 -1.0
  outer loop
    vertex 60.31521394611728 201.95950871632317 5.444999999999991
    vertex 60.58621236133122 204.18930269413616 5.444999999999991
    vertex 60.67654516640255 203.63779714738496 5.444999999999991
  endloop
endfacet
facet normal -0.0 -0.0 -1.0
  outer loop
    vertex 60.31521394611728 201.95950871632317 5.444999999999991
    vertex 60.67654516640255 203.63779714738496 5.444999999999991
    vertex 61.02836767036451 202.04389857369242 5.444999999999991
  endloop
endfacet
facet normal -0.0 -0.0 -1.0
  outer loop
    vertex 60.58621236133122 204.18930269413616 5.444999999999991
    vertex 60.51014263074485 207.99278922345474 5.444999999999991
    vertex 60.58145800316958 204.52686212361317 5.444999999999991
  endloop
endfacet
facet normal -0.0 -0.0 -1.0
  outer loop
    vertex 60.58145800316958 204.52686212361317 5.444999999999991
    vertex 60.51014263074485 207.99278922345474 5.444999999999991
    vertex 60.567194928684636 206.7566561014262 5.444999999999991
  endloop
endfacet
facet normal -0.0 -0.0 -1.0
  outer loop
    vertex 60.58145800316958 204.52686212361317 5.444999999999991
    vertex 60.567194928684636 206.7566561014262 5.444999999999991
    vertex 60.58145800316958 204.8644215530902 5.444999999999991
  endloop
endfacet
facet normal -0.0 -0.0 -1.0
  outer loop
    vertex 61.02836767036451 202.04389857369242 5.444999999999991
    vertex 60.67654516640255 203.63779714738496 5.444999999999991
    vertex 60.86671949286847 203.48446909667183 5.444999999999991
  endloop
endfacet
facet normal -0.0 -0.0 -1.0
  outer loop
    vertex 61.02836767036451 202.04389857369242 5.444999999999991
    vertex 60.86671949286847 203.48446909667183 5.444999999999991
    vertex 61.18050713153724 203.4333597464341 5.444999999999991
  endloop
endfacet
facet normal -0.0 -0.0 -1.0
  outer loop
    vertex 61.02836767036451 202.04389857369242 5.444999999999991
    vertex 61.18050713153724 203.4333597464341 5.444999999999991
    vertex 61.67496038034866 202.29706814580018 5.444999999999991
  endloop
endfacet
facet normal -0.0 -0.0 -1.0
  outer loop
    vertex 61.67496038034866 202.29706814580018 5.444999999999991
    vertex 61.18050713153724 203.4333597464341 5.444999999999991
    vertex 61.5204437400951 203.48803486529306 5.444999999999991
  endloop
endfacet
facet normal -0.0 -0.0 -1.0
  outer loop
    vertex 61.67496038034866 202.29706814580018 5.444999999999991
    vertex 61.5204437400951 203.48803486529306 5.444999999999991
    vertex 61.83185419968305 203.542709984152 5.444999999999991
  endloop
endfacet
facet normal -0.0 -0.0 -1.0
  outer loop
    vertex 61.67496038034866 202.29706814580018 5.444999999999991
    vertex 61.83185419968305 203.542709984152 5.444999999999991
    vertex 61.83185419968305 202.4064183835181 5.444999999999991
  endloop
endfacet
facet normal -0.0 -0.0 -1.0
  outer loop
    vertex 61.83185419968305 202.4064183835181 5.444999999999991
    vertex 61.83185419968305 203.542709984152 5.444999999999991
    vertex 61.90673534072901 203.51656101426292 5.444999999999991
  endloop
endfacet
facet normal -0.0 -0.0 -1.0
  outer loop
    vertex 61.83185419968305 202.4064183835181 5.444999999999991
    vertex 61.90673534072901 203.51656101426292 5.444999999999991
    vertex 61.86038034865293 202.57995245641825 5.444999999999991
  endloop
endfacet
facet normal -0.0 -0.0 -1.0
  outer loop
    vertex 61.86038034865293 202.57995245641825 5.444999999999991
    vertex 61.90673534072901 203.51656101426292 5.444999999999991
    vertex 61.896038034865306 203.00546751188577 5.444999999999991
  endloop
endfacet
facet normal -0.0 -0.0 -1.0
  outer loop
    vertex 61.896038034865306 203.00546751188577 5.444999999999991
    vertex 61.90673534072901 203.51656101426292 5.444999999999991
    vertex 61.93169572107765 203.43811410459574 5.444999999999991
  endloop
endfacet
facet normal -0.0 -0.0 -1.0
  outer loop
    vertex 58.964976228209196 203.95396196513457 5.444999999999991
    vertex 59.02708003169573 202.55053486529306 5.444999999999991
    vertex 58.94120443740096 203.0102218700474 5.444999999999991
  endloop
endfacet
facet normal -0.0 -0.0 -1.0
  outer loop
    vertex 59.02708003169573 202.55053486529306 5.444999999999991
    vertex 58.964976228209196 203.95396196513457 5.444999999999991
    vertex 58.988748019017436 204.89770206022172 5.444999999999991
  endloop
endfacet
facet normal -0.0 -0.0 -1.0
  outer loop
    vertex 58.45388272583202 205.46347068145786 5.444999999999991
    vertex 58.48716323296356 205.13423137876373 5.444999999999991
    vertex 58.4419968304279 205.2305071315371 5.444999999999991
  endloop
endfacet
facet normal -0.0 -0.0 -1.0
  outer loop
    vertex 58.48716323296356 205.13423137876373 5.444999999999991
    vertex 58.45388272583202 205.46347068145786 5.444999999999991
    vertex 58.46576862123614 205.69643423137862 5.444999999999991
  endloop
endfacet
facet normal -0.0 -0.0 -1.0
  outer loop
    vertex 60.601664025356584 206.5819334389856 5.444999999999991
    vertex 60.58145800316958 204.8644215530902 5.444999999999991
    vertex 60.567194928684636 206.7566561014262 5.444999999999991
  endloop
endfacet
facet normal -0.0 -0.0 -1.0
  outer loop
    vertex 60.58145800316958 204.8644215530902 5.444999999999991
    vertex 60.601664025356584 206.5819334389856 5.444999999999991
    vertex 60.59928684627575 205.0213153724246 5.444999999999991
  endloop
endfacet
facet normal -0.0 -0.0 -1.0
  outer loop
    vertex 60.59928684627575 205.0213153724246 5.444999999999991
    vertex 60.601664025356584 206.5819334389856 5.444999999999991
    vertex 60.65277337559431 205.0736133122027 5.444999999999991
  endloop
endfacet
facet normal -0.0 -0.0 -1.0
  outer loop
    vertex 60.65277337559431 205.0736133122027 5.444999999999991
    vertex 60.601664025356584 206.5819334389856 5.444999999999991
    vertex 60.70507131537243 206.5236925515054 5.444999999999991
  endloop
endfacet
facet normal -0.0 -0.0 -1.0
  outer loop
    vertex 60.65277337559431 205.0736133122027 5.444999999999991
    vertex 60.70507131537243 206.5236925515054 5.444999999999991
    vertex 61.00935023771791 205.0736133122027 5.444999999999991
  endloop
endfacet
facet normal -0.0 -0.0 -1.0
  outer loop
    vertex 61.00935023771791 205.0736133122027 5.444999999999991
    vertex 60.70507131537243 206.5236925515054 5.444999999999991
    vertex 61.209033280507136 206.53795562599038 5.444999999999991
  endloop
endfacet
facet normal -0.0 -0.0 -1.0
  outer loop
    vertex 61.00935023771791 205.0736133122027 5.444999999999991
    vertex 61.209033280507136 206.53795562599038 5.444999999999991
    vertex 61.32789223454833 205.06648177496024 5.444999999999991
  endloop
endfacet
facet normal -0.0 -0.0 -1.0
  outer loop
    vertex 61.32789223454833 205.06648177496024 5.444999999999991
    vertex 61.209033280507136 206.53795562599038 5.444999999999991
    vertex 61.71774960380349 206.55221870047532 5.444999999999991
  endloop
endfacet
facet normal -0.0 -0.0 -1.0
  outer loop
    vertex 61.32789223454833 205.06648177496024 5.444999999999991
    vertex 61.71774960380349 206.55221870047532 5.444999999999991
    vertex 61.64643423137876 205.05935023771778 5.444999999999991
  endloop
endfacet
facet normal -0.0 -0.0 -1.0
  outer loop
    vertex 61.64643423137876 205.05935023771778 5.444999999999991
    vertex 61.71774960380349 206.55221870047532 5.444999999999991
    vertex 61.749841521394615 205.08431061806644 5.444999999999991
  endloop
endfacet
facet normal -0.0 -0.0 -1.0
  outer loop
    vertex 61.749841521394615 205.08431061806644 5.444999999999991
    vertex 61.71774960380349 206.55221870047532 5.444999999999991
    vertex 61.77480190174327 205.82480190174311 5.444999999999991
  endloop
endfacet
facet normal -0.0 -0.0 -1.0
  outer loop
    vertex 61.77480190174327 205.82480190174311 5.444999999999991
    vertex 61.71774960380349 206.55221870047532 5.444999999999991
    vertex 61.79857369255151 206.15285261489686 5.444999999999991
  endloop
endfacet
facet normal -0.0 -0.0 -1.0
  outer loop
    vertex 61.79857369255151 206.15285261489686 5.444999999999991
    vertex 61.71774960380349 206.55221870047532 5.444999999999991
    vertex 61.82234548335975 206.48090332805057 5.444999999999991
  endloop
endfacet
facet normal -0.0 -0.0 -1.0
  outer loop
    vertex 61.77480190174327 205.82480190174311 5.444999999999991
    vertex 61.78431061806656 205.1591917591124 5.444999999999991
    vertex 61.749841521394615 205.08431061806644 5.444999999999991
  endloop
endfacet
facet normal -0.0 -0.0 -1.0
  outer loop
    vertex 61.78431061806656 205.1591917591124 5.444999999999991
    vertex 61.77480190174327 205.82480190174311 5.444999999999991
    vertex 61.779556259904915 205.49199683042775 5.444999999999991
  endloop
endfacet
facet normal -0.0 -0.0 -1.0
  outer loop
    vertex 62.243106180665606 204.85268423137862 5.444999999999991
    vertex 62.244889064976235 203.8279714738509 5.444999999999991
    vertex 62.202694136291605 204.32717908082395 5.444999999999991
  endloop
endfacet
facet normal -0.0 -0.0 -1.0
  outer loop
    vertex 62.244889064976235 203.8279714738509 5.444999999999991
    vertex 62.243106180665606 204.85268423137862 5.444999999999991
    vertex 62.364342313787645 205.32618858954027 5.444999999999991
  endloop
endfacet
facet normal -0.0 -0.0 -1.0
  outer loop
    vertex 62.244889064976235 203.8279714738509 5.444999999999991
    vertex 62.364342313787645 205.32618858954027 5.444999999999991
    vertex 62.37147385103012 203.37630744849432 5.444999999999991
  endloop
endfacet
facet normal -0.0 -0.0 -1.0
  outer loop
    vertex 62.37147385103012 203.37630744849432 5.444999999999991
    vertex 62.364342313787645 205.32618858954027 5.444999999999991
    vertex 62.566402535657694 205.7476921553089 5.444999999999991
  endloop
endfacet
facet normal -0.0 -0.0 -1.0
  outer loop
    vertex 62.37147385103012 203.37630744849432 5.444999999999991
    vertex 62.566402535657694 205.7476921553089 5.444999999999991
    vertex 62.58244849445326 202.97218700475423 5.444999999999991
  endloop
endfacet
facet normal -0.0 -0.0 -1.0
  outer loop
    vertex 62.58244849445326 202.97218700475423 5.444999999999991
    vertex 62.566402535657694 205.7476921553089 5.444999999999991
    vertex 62.84928684627576 206.11719492868448 5.444999999999991
  endloop
endfacet
facet normal -0.0 -0.0 -1.0
  outer loop
    vertex 62.58244849445326 202.97218700475423 5.444999999999991
    vertex 62.84928684627576 206.11719492868448 5.444999999999991
    vertex 62.87781299524564 202.6156101426306 5.444999999999991
  endloop
endfacet
facet normal -0.0 -0.0 -1.0
  outer loop
    vertex 62.87781299524564 202.6156101426306 5.444999999999991
    vertex 62.84928684627576 206.11719492868448 5.444999999999991
    vertex 63.20110935023773 206.41775950871622 5.444999999999991
  endloop
endfacet
facet normal -0.0 -0.0 -1.0
  outer loop
    vertex 62.87781299524564 202.6156101426306 5.444999999999991
    vertex 63.20110935023773 206.41775950871622 5.444999999999991
    vertex 63.238549920760704 202.32440570522968 5.444999999999991
  endloop
endfacet
facet normal -0.0 -0.0 -1.0
  outer loop
    vertex 63.238549920760704 202.32440570522968 5.444999999999991
    vertex 63.20110935023773 206.41775950871622 5.444999999999991
    vertex 63.60998415213947 206.6324484944531 5.444999999999991
  endloop
endfacet
facet normal -0.0 -0.0 -1.0
  outer loop
    vertex 63.238549920760704 202.32440570522968 5.444999999999991
    vertex 63.60998415213947 206.6324484944531 5.444999999999991
    vertex 63.64564183835183 202.11640253565756 5.444999999999991
  endloop
endfacet
facet normal -0.0 -0.0 -1.0
  outer loop
    vertex 63.64564183835183 202.11640253565756 5.444999999999991
    vertex 63.60998415213947 206.6324484944531 5.444999999999991
    vertex 63.762123613312205 204.38423137876373 5.444999999999991
  endloop
endfacet
facet normal -0.0 -0.0 -1.0
  outer loop
    vertex 63.762123613312205 204.38423137876373 5.444999999999991
    vertex 63.60998415213947 206.6324484944531 5.444999999999991
    vertex 64.07591125198098 206.76126188589527 5.444999999999991
  endloop
endfacet
facet normal -0.0 -0.0 -1.0
  outer loop
    vertex 63.762123613312205 204.38423137876373 5.444999999999991
    vertex 64.07591125198098 206.76126188589527 5.444999999999991
    vertex 63.81917591125199 204.73843106180652 5.444999999999991
  endloop
endfacet
facet normal -0.0 -0.0 -1.0
  outer loop
    vertex 63.81917591125199 204.73843106180652 5.444999999999991
    vertex 64.07591125198098 206.76126188589527 5.444999999999991
    vertex 63.990332805071326 205.04033280507116 5.444999999999991
  endloop
endfacet
facet normal -0.0 -0.0 -1.0
  outer loop
    vertex 63.990332805071326 205.04033280507116 5.444999999999991
    vertex 64.07591125198098 206.76126188589527 5.444999999999991
    vertex 64.26608557844692 205.26141045958784 5.444999999999991
  endloop
endfacet
facet normal -0.0 -0.0 -1.0
  outer loop
    vertex 64.26608557844692 205.26141045958784 5.444999999999991
    vertex 64.07591125198098 206.76126188589527 5.444999999999991
    vertex 64.59889064976228 206.80419968304267 5.444999999999991
  endloop
endfacet
facet normal -0.0 -0.0 -1.0
  outer loop
    vertex 64.26608557844692 205.26141045958784 5.444999999999991
    vertex 64.59889064976228 206.80419968304267 5.444999999999991
    vertex 64.60839936608559 205.33510301109334 5.444999999999991
  endloop
endfacet
facet normal -0.0 -0.0 -1.0
  outer loop
    vertex 64.60839936608559 205.33510301109334 5.444999999999991
    vertex 64.59889064976228 206.80419968304267 5.444999999999991
    vertex 65.11057844690967 206.7621533280506 5.444999999999991
  endloop
endfacet
facet normal -0.0 -0.0 -1.0
  outer loop
    vertex 64.60839936608559 205.33510301109334 5.444999999999991
    vertex 65.11057844690967 206.7621533280506 5.444999999999991
    vertex 64.94477020602218 205.26319334389845 5.444999999999991
  endloop
endfacet
facet normal -0.0 -0.0 -1.0
  outer loop
    vertex 64.94477020602218 205.26319334389845 5.444999999999991
    vertex 65.11057844690967 206.7621533280506 5.444999999999991
    vertex 65.2122028526149 205.04746434231365 5.444999999999991
  endloop
endfacet
facet normal -0.0 -0.0 -1.0
  outer loop
    vertex 65.2122028526149 205.04746434231365 5.444999999999991
    vertex 65.11057844690967 206.7621533280506 5.444999999999991
    vertex 65.57115689381935 206.63601426307434 5.444999999999991
  endloop
endfacet
facet normal -0.0 -0.0 -1.0
  outer loop
    vertex 65.2122028526149 205.04746434231365 5.444999999999991
    vertex 65.57115689381935 206.63601426307434 5.444999999999991
    vertex 65.38692551505548 204.73783676703633 5.444999999999991
  endloop
endfacet
facet normal -0.0 -0.0 -1.0
  outer loop
    vertex 65.38692551505548 204.73783676703633 5.444999999999991
    vertex 65.57115689381935 206.63601426307434 5.444999999999991
    vertex 65.44516640253566 204.38423137876373 5.444999999999991
  endloop
endfacet
facet normal -0.0 -0.0 -1.0
  outer loop
    vertex 63.762123613312205 204.38423137876373 5.444999999999991
    vertex 64.09908874801903 201.9916006339143 5.444999999999991
    vertex 63.64564183835183 202.11640253565756 5.444999999999991
  endloop
endfacet
facet normal -0.0 -0.0 -1.0
  outer loop
    vertex 64.09908874801903 201.9916006339143 5.444999999999991
    vertex 63.762123613312205 204.38423137876373 5.444999999999991
    vertex 63.81917591125199 204.0264659270997 5.444999999999991
  endloop
endfacet
facet normal -0.0 -0.0 -1.0
  outer loop
    vertex 64.09908874801903 201.9916006339143 5.444999999999991
    vertex 63.81917591125199 204.0264659270997 5.444999999999991
    vertex 63.990332805071326 203.72337559429465 5.444999999999991
  endloop
endfacet
facet normal -0.0 -0.0 -1.0
  outer loop
    vertex 64.09908874801903 201.9916006339143 5.444999999999991
    vertex 63.990332805071326 203.72337559429465 5.444999999999991
    vertex 64.26608557844692 203.50229793977797 5.444999999999991
  endloop
endfacet
facet normal -0.0 -0.0 -1.0
  outer loop
    vertex 64.09908874801903 201.9916006339143 5.444999999999991
    vertex 64.26608557844692 203.50229793977797 5.444999999999991
    vertex 64.59889064976228 201.94999999999987 5.444999999999991
  endloop
endfacet
facet normal -0.0 -0.0 -1.0
  outer loop
    vertex 64.59889064976228 201.94999999999987 5.444999999999991
    vertex 64.26608557844692 203.50229793977797 5.444999999999991
    vertex 64.60839936608559 203.42860538827244 5.444999999999991
  endloop
endfacet
facet normal -0.0 -0.0 -1.0
  outer loop
    vertex 64.59889064976228 201.94999999999987 5.444999999999991
    vertex 64.60839936608559 203.42860538827244 5.444999999999991
    vertex 65.11250990491284 201.99219492868448 5.444999999999991
  endloop
endfacet
facet normal -0.0 -0.0 -1.0
  outer loop
    vertex 65.11250990491284 201.99219492868448 5.444999999999991
    vertex 64.60839936608559 203.42860538827244 5.444999999999991
    vertex 64.94714738510302 203.50229793977797 5.444999999999991
  endloop
endfacet
facet normal -0.0 -0.0 -1.0
  outer loop
    vertex 65.11250990491284 201.99219492868448 5.444999999999991
    vertex 64.94714738510302 203.50229793977797 5.444999999999991
    vertex 65.22171156893819 203.72337559429465 5.444999999999991
  endloop
endfacet
facet normal -0.0 -0.0 -1.0
  outer loop
    vertex 65.11250990491284 201.99219492868448 5.444999999999991
    vertex 65.22171156893819 203.72337559429465 5.444999999999991
    vertex 65.57412836767037 202.11877971473837 5.444999999999991
  endloop
endfacet
facet normal -0.0 -0.0 -1.0
  outer loop
    vertex 65.57412836767037 202.11877971473837 5.444999999999991
    vertex 65.22171156893819 203.72337559429465 5.444999999999991
    vertex 65.3893026941363 204.0264659270997 5.444999999999991
  endloop
endfacet
facet normal -0.0 -0.0 -1.0
  outer loop
    vertex 65.57412836767037 202.11877971473837 5.444999999999991
    vertex 65.3893026941363 204.0264659270997 5.444999999999991
    vertex 65.44516640253566 204.38423137876373 5.444999999999991
  endloop
endfacet
facet normal -0.0 -0.0 -1.0
  outer loop
    vertex 65.57412836767037 202.11877971473837 5.444999999999991
    vertex 65.44516640253566 204.38423137876373 5.444999999999991
    vertex 65.57115689381935 206.63601426307434 5.444999999999991
  endloop
endfacet
facet normal -0.0 -0.0 -1.0
  outer loop
    vertex 65.57412836767037 202.11877971473837 5.444999999999991
    vertex 65.57115689381935 206.63601426307434 5.444999999999991
    vertex 65.9806259904913 206.42578248811395 5.444999999999991
  endloop
endfacet
facet normal -0.0 -0.0 -1.0
  outer loop
    vertex 65.57412836767037 202.11877971473837 5.444999999999991
    vertex 65.9806259904913 206.42578248811395 5.444999999999991
    vertex 65.98374603803487 202.32975435816152 5.444999999999991
  endloop
endfacet
facet normal -0.0 -0.0 -1.0
  outer loop
    vertex 65.98374603803487 202.32975435816152 5.444999999999991
    vertex 65.9806259904913 206.42578248811395 5.444999999999991
    vertex 66.33898573692551 206.13145800316943 5.444999999999991
  endloop
endfacet
facet normal -0.0 -0.0 -1.0
  outer loop
    vertex 65.98374603803487 202.32975435816152 5.444999999999991
    vertex 66.33898573692551 206.13145800316943 5.444999999999991
    vertex 66.34136291600635 202.62511885895393 5.444999999999991
  endloop
endfacet
facet normal -0.0 -0.0 -1.0
  outer loop
    vertex 66.34136291600635 202.62511885895393 5.444999999999991
    vertex 66.33898573692551 206.13145800316943 5.444999999999991
    vertex 66.63019017432647 205.76997820919163 5.444999999999991
  endloop
endfacet
facet normal -0.0 -0.0 -1.0
  outer loop
    vertex 66.34136291600635 202.62511885895393 5.444999999999991
    vertex 66.63019017432647 205.76997820919163 5.444999999999991
    vertex 66.63152733755943 202.9882329635498 5.444999999999991
  endloop
endfacet
facet normal -0.0 -0.0 -1.0
  outer loop
    vertex 66.63152733755943 202.9882329635498 5.444999999999991
    vertex 66.63019017432647 205.76997820919163 5.444999999999991
    vertex 66.83819334389858 205.3582805071314 5.444999999999991
  endloop
endfacet
facet normal -0.0 -0.0 -1.0
  outer loop
    vertex 66.63152733755943 202.9882329635498 5.444999999999991
    vertex 66.83819334389858 205.3582805071314 5.444999999999991
    vertex 66.83878763866879 203.4024564183834 5.444999999999991
  endloop
endfacet
facet normal -0.0 -0.0 -1.0
  outer loop
    vertex 66.83878763866879 203.4024564183834 5.444999999999991
    vertex 66.83819334389858 205.3582805071314 5.444999999999991
    vertex 66.96299524564184 204.89636489698879 5.444999999999991
  endloop
endfacet
facet normal -0.0 -0.0 -1.0
  outer loop
    vertex 66.83878763866879 203.4024564183834 5.444999999999991
    vertex 66.96299524564184 204.89636489698879 5.444999999999991
    vertex 66.9631438193344 203.8677892234547 5.444999999999991
  endloop
endfacet
facet normal -0.0 -0.0 -1.0
  outer loop
    vertex 66.9631438193344 203.8677892234547 5.444999999999991
    vertex 66.96299524564184 204.89636489698879 5.444999999999991
    vertex 67.00459587955626 204.38423137876373 5.444999999999991
  endloop
endfacet
facet normal -0.0 -0.0 -1.0
  outer loop
    vertex 70.77955625990491 206.5236925515054 5.444999999999991
    vertex 70.71774960380348 205.7439778129951 5.444999999999991
    vertex 70.71299524564185 206.60927099841507 5.444999999999991
  endloop
endfacet
facet normal -0.0 -0.0 -1.0
  outer loop
    vertex 70.71774960380348 205.7439778129951 5.444999999999991
    vertex 70.77955625990491 206.5236925515054 5.444999999999991
    vertex 70.75103011093503 206.13383518225024 5.444999999999991
  endloop
endfacet
facet normal -0.0 -0.0 -1.0
  outer loop
    vertex 69.24389857369256 206.1385895404119 5.444999999999991
    vertex 69.36038034865294 204.53518225039605 5.444999999999991
    vertex 69.32472266244058 204.22258320126772 5.444999999999991
  endloop
endfacet
facet normal -0.0 -0.0 -1.0
  outer loop
    vertex 69.36038034865294 204.53518225039605 5.444999999999991
    vertex 69.24389857369256 206.1385895404119 5.444999999999991
    vertex 69.6337559429477 206.38819334389845 5.444999999999991
  endloop
endfacet
facet normal -0.0 -0.0 -1.0
  outer loop
    vertex 69.36038034865294 204.53518225039605 5.444999999999991
    vertex 69.6337559429477 206.38819334389845 5.444999999999991
    vertex 69.46735340729002 204.72179080824077 5.444999999999991
  endloop
endfacet
facet normal -0.0 -0.0 -1.0
  outer loop
    vertex 69.46735340729002 204.72179080824077 5.444999999999991
    vertex 69.6337559429477 206.38819334389845 5.444999999999991
    vertex 69.67297939778129 204.8145007923929 5.444999999999991
  endloop
endfacet
facet normal -0.0 -0.0 -1.0
  outer loop
    vertex 69.67297939778129 204.8145007923929 5.444999999999991
    vertex 69.6337559429477 206.38819334389845 5.444999999999991
    vertex 70.08185419968305 206.57539619651334 5.444999999999991
  endloop
endfacet
facet normal -0.0 -0.0 -1.0
  outer loop
    vertex 69.67297939778129 204.8145007923929 5.444999999999991
    vertex 70.08185419968305 206.57539619651334 5.444999999999991
    vertex 70.00459587955626 204.84540412044362 5.444999999999991
  endloop
endfacet
facet normal -0.0 -0.0 -1.0
  outer loop
    vertex 70.00459587955626 204.84540412044362 5.444999999999991
    vertex 70.08185419968305 206.57539619651334 5.444999999999991
    vertex 70.26370839936608 204.83351822503948 5.444999999999991
  endloop
endfacet
facet normal -0.0 -0.0 -1.0
  outer loop
    vertex 70.26370839936608 204.83351822503948 5.444999999999991
    vertex 70.08185419968305 206.57539619651334 5.444999999999991
    vertex 70.51331220285262 206.63779714738496 5.444999999999991
  endloop
endfacet
facet normal -0.0 -0.0 -1.0
  outer loop
    vertex 70.26370839936608 204.83351822503948 5.444999999999991
    vertex 70.51331220285262 206.63779714738496 5.444999999999991
    vertex 70.52757527733756 204.82163232963535 5.444999999999991
  endloop
endfacet
facet normal -0.0 -0.0 -1.0
  outer loop
    vertex 70.52757527733756 204.82163232963535 5.444999999999991
    vertex 70.51331220285262 206.63779714738496 5.444999999999991
    vertex 70.71299524564185 206.60927099841507 5.444999999999991
  endloop
endfacet
facet normal -0.0 -0.0 -1.0
  outer loop
    vertex 70.52757527733756 204.82163232963535 5.444999999999991
    vertex 70.71299524564185 206.60927099841507 5.444999999999991
    vertex 70.68090332805072 204.86798732171144 5.444999999999991
  endloop
endfacet
facet normal -0.0 -0.0 -1.0
  outer loop
    vertex 70.68090332805072 204.86798732171144 5.444999999999991
    vertex 70.71299524564185 206.60927099841507 5.444999999999991
    vertex 70.71774960380348 205.7439778129951 5.444999999999991
  endloop
endfacet
facet normal -0.0 -0.0 -1.0
  outer loop
    vertex 70.68090332805072 204.86798732171144 5.444999999999991
    vertex 70.71774960380348 205.7439778129951 5.444999999999991
    vertex 70.72250396196515 205.37789223454823 5.444999999999991
  endloop
endfacet
facet normal -0.0 -0.0 -1.0
  outer loop
    vertex 70.68090332805072 204.86798732171144 5.444999999999991
    vertex 70.72250396196515 205.37789223454823 5.444999999999991
    vertex 70.73201267828844 205.00705229793962 5.444999999999991
  endloop
endfacet
facet normal -0.0 -0.0 -1.0
  outer loop
    vertex 67.50855784469097 206.48565768621222 5.444999999999991
    vertex 67.44675118858954 206.31925515055457 5.444999999999991
    vertex 67.43724247226625 206.39057052297926 5.444999999999991
  endloop
endfacet
facet normal -0.0 -0.0 -1.0
  outer loop
    vertex 67.44675118858954 206.31925515055457 5.444999999999991
    vertex 67.50855784469097 206.48565768621222 5.444999999999991
    vertex 67.6000792393027 205.4979397781298 5.444999999999991
  endloop
endfacet
facet normal -0.0 -0.0 -1.0
  outer loop
    vertex 67.6000792393027 205.4979397781298 5.444999999999991
    vertex 67.50855784469097 206.48565768621222 5.444999999999991
    vertex 68.27400950871633 206.59025356576848 5.444999999999991
  endloop
endfacet
facet normal -0.0 -0.0 -1.0
  outer loop
    vertex 67.6000792393027 205.4979397781298 5.444999999999991
    vertex 68.27400950871633 206.59025356576848 5.444999999999991
    vertex 67.65118858954041 204.4793185419967 5.444999999999991
  endloop
endfacet
facet normal -0.0 -0.0 -1.0
  outer loop
    vertex 67.65118858954041 204.4793185419967 5.444999999999991
    vertex 68.27400950871633 206.59025356576848 5.444999999999991
    vertex 67.68090332805072 202.09381933438974 5.444999999999991
  endloop
endfacet
facet normal -0.0 -0.0 -1.0
  outer loop
    vertex 67.68090332805072 202.09381933438974 5.444999999999991
    vertex 68.27400950871633 206.59025356576848 5.444999999999991
    vertex 67.79857369255151 202.04508716323284 5.444999999999991
  endloop
endfacet
facet normal -0.0 -0.0 -1.0
  outer loop
    vertex 67.79857369255151 202.04508716323284 5.444999999999991
    vertex 68.27400950871633 206.59025356576848 5.444999999999991
    vertex 68.52123613312203 202.01656101426292 5.444999999999991
  endloop
endfacet
facet normal -0.0 -0.0 -1.0
  outer loop
    vertex 68.52123613312203 202.01656101426292 5.444999999999991
    vertex 68.27400950871633 206.59025356576848 5.444999999999991
    vertex 69.04896988906499 206.7376386687796 5.444999999999991
  endloop
endfacet
facet normal -0.0 -0.0 -1.0
  outer loop
    vertex 68.52123613312203 202.01656101426292 5.444999999999991
    vertex 69.04896988906499 206.7376386687796 5.444999999999991
    vertex 69.22012678288432 202.03557844690954 5.444999999999991
  endloop
endfacet
facet normal -0.0 -0.0 -1.0
  outer loop
    vertex 69.22012678288432 202.03557844690954 5.444999999999991
    vertex 69.04896988906499 206.7376386687796 5.444999999999991
    vertex 69.11909667194928 206.66275752773362 5.444999999999991
  endloop
endfacet
facet normal -0.0 -0.0 -1.0
  outer loop
    vertex 69.22012678288432 202.03557844690954 5.444999999999991
    vertex 69.11909667194928 206.66275752773362 5.444999999999991
    vertex 69.1583201267829 206.43811410459574 5.444999999999991
  endloop
endfacet
facet normal -0.0 -0.0 -1.0
  outer loop
    vertex 69.22012678288432 202.03557844690954 5.444999999999991
    vertex 69.1583201267829 206.43811410459574 5.444999999999991
    vertex 69.24389857369256 206.1385895404119 5.444999999999991
  endloop
endfacet
facet normal -0.0 -0.0 -1.0
  outer loop
    vertex 69.22012678288432 202.03557844690954 5.444999999999991
    vertex 69.24389857369256 206.1385895404119 5.444999999999991
    vertex 69.3377971473851 202.07480190174314 5.444999999999991
  endloop
endfacet
facet normal -0.0 -0.0 -1.0
  outer loop
    vertex 69.3377971473851 202.07480190174314 5.444999999999991
    vertex 69.24389857369256 206.1385895404119 5.444999999999991
    vertex 69.32472266244058 204.22258320126772 5.444999999999991
  endloop
endfacet
facet normal -0.0 -0.0 -1.0
  outer loop
    vertex 69.3377971473851 202.07480190174314 5.444999999999991
    vertex 69.32472266244058 204.22258320126772 5.444999999999991
    vertex 69.33185419968305 203.6021394611726 5.444999999999991
  endloop
endfacet
facet normal -0.0 -0.0 -1.0
  outer loop
    vertex 69.3377971473851 202.07480190174314 5.444999999999991
    vertex 69.33185419968305 203.6021394611726 5.444999999999991
    vertex 69.33898573692552 202.98169572107753 5.444999999999991
  endloop
endfacet
facet normal -0.0 -0.0 -1.0
  outer loop
    vertex 69.3377971473851 202.07480190174314 5.444999999999991
    vertex 69.33898573692552 202.98169572107753 5.444999999999991
    vertex 69.35800316957211 202.57044374009496 5.444999999999991
  endloop
endfacet
facet normal -0.0 -0.0 -1.0
  outer loop
    vertex 69.3377971473851 202.07480190174314 5.444999999999991
    vertex 69.35800316957211 202.57044374009496 5.444999999999991
    vertex 69.3770206022187 202.16394611727404 5.444999999999991
  endloop
endfacet
facet normal -0.0 -0.0 -1.0
  outer loop
    vertex 67.64643423137876 203.34064976228197 5.444999999999991
    vertex 67.68090332805072 202.09381933438974 5.444999999999991
    vertex 67.64167987321713 202.20198098256722 5.444999999999991
  endloop
endfacet
facet normal -0.0 -0.0 -1.0
  outer loop
    vertex 67.68090332805072 202.09381933438974 5.444999999999991
    vertex 67.64643423137876 203.34064976228197 5.444999999999991
    vertex 67.65118858954041 204.4793185419967 5.444999999999991
  endloop
endfacet
facet normal 0.0 0.0 1.0
  outer loop
    vertex 21.054912836767038 202.09381933438974 6.244999999999991
    vertex 21.070364500792394 203.74239302694122 6.244999999999991
    vertex 21.020443740095086 202.19247226624393 6.244999999999991
  endloop
endfacet
facet normal 0.0 0.0 1.0
  outer loop
    vertex 21.070364500792394 203.74239302694122 6.244999999999991
    vertex 21.054912836767038 202.09381933438974 6.244999999999991
    vertex 21.158320126782883 202.04508716323284 6.244999999999991
  endloop
endfacet
facet normal 0.0 0.0 1.0
  outer loop
    vertex 21.070364500792394 203.74239302694122 6.244999999999991
    vertex 21.158320126782883 202.04508716323284 6.244999999999991
    vertex 21.1202852614897 205.29706814580018 6.244999999999991
  endloop
endfacet
facet normal 0.0 0.0 1.0
  outer loop
    vertex 21.1202852614897 205.29706814580018 6.244999999999991
    vertex 21.158320126782883 202.04508716323284 6.244999999999991
    vertex 21.125039619651346 208.7154516640252 6.244999999999991
  endloop
endfacet
facet normal 0.0 0.0 1.0
  outer loop
    vertex 21.125039619651346 208.7154516640252 6.244999999999991
    vertex 21.158320126782883 202.04508716323284 6.244999999999991
    vertex 21.56957210776545 208.70118858954027 6.244999999999991
  endloop
endfacet
facet normal 0.0 0.0 1.0
  outer loop
    vertex 21.56957210776545 208.70118858954027 6.244999999999991
    vertex 21.158320126782883 202.04508716323284 6.244999999999991
    vertex 21.97606973058637 202.01656101426292 6.244999999999991
  endloop
endfacet
facet normal 0.0 0.0 1.0
  outer loop
    vertex 21.56957210776545 208.70118858954027 6.244999999999991
    vertex 21.97606973058637 202.01656101426292 6.244999999999991
    vertex 22.01410459587956 208.68692551505532 6.244999999999991
  endloop
endfacet
facet normal 0.0 0.0 1.0
  outer loop
    vertex 22.01410459587956 208.68692551505532 6.244999999999991
    vertex 21.97606973058637 202.01656101426292 6.244999999999991
    vertex 22.869889064976228 202.04508716323284 6.244999999999991
  endloop
endfacet
facet normal 0.0 0.0 1.0
  outer loop
    vertex 22.01410459587956 208.68692551505532 6.244999999999991
    vertex 22.869889064976228 202.04508716323284 6.244999999999991
    vertex 22.472900158478605 208.70118858954027 6.244999999999991
  endloop
endfacet
facet normal 0.0 0.0 1.0
  outer loop
    vertex 22.472900158478605 208.70118858954027 6.244999999999991
    vertex 22.869889064976228 202.04508716323284 6.244999999999991
    vertex 22.907923930269416 206.49516640253552 6.244999999999991
  endloop
endfacet
facet normal 0.0 0.0 1.0
  outer loop
    vertex 22.472900158478605 208.70118858954027 6.244999999999991
    vertex 22.907923930269416 206.49516640253552 6.244999999999991
    vertex 22.931695721077656 208.7154516640252 6.244999999999991
  endloop
endfacet
facet normal 0.0 0.0 1.0
  outer loop
    vertex 22.931695721077656 208.7154516640252 6.244999999999991
    vertex 22.907923930269416 206.49516640253552 6.244999999999991
    vertex 22.960221870047544 207.56251980982557 6.244999999999991
  endloop
endfacet
facet normal 0.0 0.0 1.0
  outer loop
    vertex 22.931695721077656 208.7154516640252 6.244999999999991
    vertex 22.960221870047544 207.56251980982557 6.244999999999991
    vertex 23.012519809825676 208.62987321711557 6.244999999999991
  endloop
endfacet
facet normal 0.0 0.0 1.0
  outer loop
    vertex 21.072741679873218 206.95396196513457 6.244999999999991
    vertex 21.05015847860539 208.6893026941362 6.244999999999991
    vertex 21.025198098256737 208.61085578446895 6.244999999999991
  endloop
endfacet
facet normal 0.0 0.0 1.0
  outer loop
    vertex 21.05015847860539 208.6893026941362 6.244999999999991
    vertex 21.072741679873218 206.95396196513457 6.244999999999991
    vertex 21.125039619651346 208.7154516640252 6.244999999999991
  endloop
endfacet
facet normal 0.0 0.0 1.0
  outer loop
    vertex 21.125039619651346 208.7154516640252 6.244999999999991
    vertex 21.072741679873218 206.95396196513457 6.244999999999991
    vertex 21.1202852614897 205.29706814580018 6.244999999999991
  endloop
endfacet
facet normal 0.0 0.0 1.0
  outer loop
    vertex 22.966164817749604 202.09857369255138 6.244999999999991
    vertex 22.907923930269416 206.49516640253552 6.244999999999991
    vertex 22.869889064976228 202.04508716323284 6.244999999999991
  endloop
endfacet
facet normal 0.0 0.0 1.0
  outer loop
    vertex 22.907923930269416 206.49516640253552 6.244999999999991
    vertex 22.966164817749604 202.09857369255138 6.244999999999991
    vertex 22.930507131537244 206.3632329635498 6.244999999999991
  endloop
endfacet
facet normal 0.0 0.0 1.0
  outer loop
    vertex 22.930507131537244 206.3632329635498 6.244999999999991
    vertex 22.966164817749604 202.09857369255138 6.244999999999991
    vertex 22.950713153724248 204.4317749603802 6.244999999999991
  endloop
endfacet
facet normal 0.0 0.0 1.0
  outer loop
    vertex 22.950713153724248 204.4317749603802 6.244999999999991
    vertex 22.966164817749604 202.09857369255138 6.244999999999991
    vertex 22.974484944532488 203.32163232963538 6.244999999999991
  endloop
endfacet
facet normal 0.0 0.0 1.0
  outer loop
    vertex 22.974484944532488 203.32163232963538 6.244999999999991
    vertex 22.966164817749604 202.09857369255138 6.244999999999991
    vertex 22.99825673534073 202.21148969889052 6.244999999999991
  endloop
endfacet
facet normal 0.0 0.0 1.0
  outer loop
    vertex 25.47527733755943 207.529239302694 6.244999999999991
    vertex 25.471711568938197 208.67860538827244 6.244999999999991
    vertex 25.441996830427893 208.56806656101415 6.244999999999991
  endloop
endfacet
facet normal 0.0 0.0 1.0
  outer loop
    vertex 25.471711568938197 208.67860538827244 6.244999999999991
    vertex 25.47527733755943 207.529239302694 6.244999999999991
    vertex 25.560855784469098 208.7154516640252 6.244999999999991
  endloop
endfacet
facet normal 0.0 0.0 1.0
  outer loop
    vertex 25.560855784469098 208.7154516640252 6.244999999999991
    vertex 25.47527733755943 207.529239302694 6.244999999999991
    vertex 25.50855784469097 206.49516640253552 6.244999999999991
  endloop
endfacet
facet normal 0.0 0.0 1.0
  outer loop
    vertex 25.560855784469098 208.7154516640252 6.244999999999991
    vertex 25.50855784469097 206.49516640253552 6.244999999999991
    vertex 25.529952456418386 202.04508716323284 6.244999999999991
  endloop
endfacet
facet normal 0.0 0.0 1.0
  outer loop
    vertex 25.560855784469098 208.7154516640252 6.244999999999991
    vertex 25.529952456418386 202.04508716323284 6.244999999999991
    vertex 26.407131537242474 202.01656101426292 6.244999999999991
  endloop
endfacet
facet normal 0.0 0.0 1.0
  outer loop
    vertex 25.560855784469098 208.7154516640252 6.244999999999991
    vertex 26.407131537242474 202.01656101426292 6.244999999999991
    vertex 25.981616481774964 208.70118858954027 6.244999999999991
  endloop
endfacet
facet normal 0.0 0.0 1.0
  outer loop
    vertex 25.981616481774964 208.70118858954027 6.244999999999991
    vertex 26.407131537242474 202.01656101426292 6.244999999999991
    vertex 26.407131537242474 208.68692551505532 6.244999999999991
  endloop
endfacet
facet normal 0.0 0.0 1.0
  outer loop
    vertex 26.407131537242474 208.68692551505532 6.244999999999991
    vertex 26.407131537242474 202.01656101426292 6.244999999999991
    vertex 27.224881141045962 202.04508716323284 6.244999999999991
  endloop
endfacet
facet normal 0.0 0.0 1.0
  outer loop
    vertex 26.407131537242474 208.68692551505532 6.244999999999991
    vertex 27.224881141045962 202.04508716323284 6.244999999999991
    vertex 26.827892234548337 208.70118858954027 6.244999999999991
  endloop
endfacet
facet normal 0.0 0.0 1.0
  outer loop
    vertex 26.827892234548337 208.70118858954027 6.244999999999991
    vertex 27.224881141045962 202.04508716323284 6.244999999999991
    vertex 27.253407290015847 208.7154516640252 6.244999999999991
  endloop
endfacet
facet normal 0.0 0.0 1.0
  outer loop
    vertex 27.253407290015847 208.7154516640252 6.244999999999991
    vertex 27.224881141045962 202.04508716323284 6.244999999999991
    vertex 27.30095087163233 205.29706814580018 6.244999999999991
  endloop
endfacet
facet normal 0.0 0.0 1.0
  outer loop
    vertex 27.30095087163233 205.29706814580018 6.244999999999991
    vertex 27.224881141045962 202.04508716323284 6.244999999999991
    vertex 27.358003169572104 202.06885895404108 6.244999999999991
  endloop
endfacet
facet normal 0.0 0.0 1.0
  outer loop
    vertex 27.30095087163233 205.29706814580018 6.244999999999991
    vertex 27.358003169572104 202.06885895404108 6.244999999999991
    vertex 27.350871632329635 203.74239302694122 6.244999999999991
  endloop
endfacet
facet normal 0.0 0.0 1.0
  outer loop
    vertex 27.350871632329635 203.74239302694122 6.244999999999991
    vertex 27.358003169572104 202.06885895404108 6.244999999999991
    vertex 27.400792393026943 202.19247226624393 6.244999999999991
  endloop
endfacet
facet normal 0.0 0.0 1.0
  outer loop
    vertex 27.30095087163233 205.29706814580018 6.244999999999991
    vertex 27.356814580031696 208.68692551505532 6.244999999999991
    vertex 27.253407290015847 208.7154516640252 6.244999999999991
  endloop
endfacet
facet normal 0.0 0.0 1.0
  outer loop
    vertex 27.356814580031696 208.68692551505532 6.244999999999991
    vertex 27.30095087163233 205.29706814580018 6.244999999999991
    vertex 27.346117274167984 206.95158478605376 6.244999999999991
  endloop
endfacet
facet normal 0.0 0.0 1.0
  outer loop
    vertex 27.356814580031696 208.68692551505532 6.244999999999991
    vertex 27.346117274167984 206.95158478605376 6.244999999999991
    vertex 27.391283676703647 208.60134706814569 6.244999999999991
  endloop
endfacet
facet normal 0.0 0.0 1.0
  outer loop
    vertex 25.43189381933439 202.0914421553089 6.244999999999991
    vertex 25.434865293185418 203.30261489698879 6.244999999999991
    vertex 25.39920760697306 202.17345483359733 6.244999999999991
  endloop
endfacet
facet normal 0.0 0.0 1.0
  outer loop
    vertex 25.434865293185418 203.30261489698879 6.244999999999991
    vertex 25.43189381933439 202.0914421553089 6.244999999999991
    vertex 25.529952456418386 202.04508716323284 6.244999999999991
  endloop
endfacet
facet normal 0.0 0.0 1.0
  outer loop
    vertex 25.434865293185418 203.30261489698879 6.244999999999991
    vertex 25.529952456418386 202.04508716323284 6.244999999999991
    vertex 25.47052297939778 204.4317749603802 6.244999999999991
  endloop
endfacet
facet normal 0.0 0.0 1.0
  outer loop
    vertex 25.47052297939778 204.4317749603802 6.244999999999991
    vertex 25.529952456418386 202.04508716323284 6.244999999999991
    vertex 25.480031695721078 206.3632329635498 6.244999999999991
  endloop
endfacet
facet normal 0.0 0.0 1.0
  outer loop
    vertex 25.480031695721078 206.3632329635498 6.244999999999991
    vertex 25.529952456418386 202.04508716323284 6.244999999999991
    vertex 25.50855784469097 206.49516640253552 6.244999999999991
  endloop
endfacet
facet normal 0.0 0.0 1.0
  outer loop
    vertex 22.950713153724248 204.4317749603802 6.244999999999991
    vertex 22.99825673534073 206.30023771790795 6.244999999999991
    vertex 22.930507131537244 206.3632329635498 6.244999999999991
  endloop
endfacet
facet normal 0.0 0.0 1.0
  outer loop
    vertex 22.99825673534073 206.30023771790795 6.244999999999991
    vertex 22.950713153724248 204.4317749603802 6.244999999999991
    vertex 22.976862123613312 204.58034865293172 6.244999999999991
  endloop
endfacet
facet normal 0.0 0.0 1.0
  outer loop
    vertex 22.99825673534073 206.30023771790795 6.244999999999991
    vertex 22.976862123613312 204.58034865293172 6.244999999999991
    vertex 23.05530903328051 204.6457210776544 6.244999999999991
  endloop
endfacet
facet normal 0.0 0.0 1.0
  outer loop
    vertex 22.99825673534073 206.30023771790795 6.244999999999991
    vertex 23.05530903328051 204.6457210776544 6.244999999999991
    vertex 24.215372424722663 206.26220285261476 6.244999999999991
  endloop
endfacet
facet normal 0.0 0.0 1.0
  outer loop
    vertex 24.215372424722663 206.26220285261476 6.244999999999991
    vertex 23.05530903328051 204.6457210776544 6.244999999999991
    vertex 24.215372424722663 204.68375594294756 6.244999999999991
  endloop
endfacet
facet normal 0.0 0.0 1.0
  outer loop
    vertex 24.215372424722663 206.26220285261476 6.244999999999991
    vertex 24.215372424722663 204.68375594294756 6.244999999999991
    vertex 25.365927099841524 204.6457210776544 6.244999999999991
  endloop
endfacet
facet normal 0.0 0.0 1.0
  outer loop
    vertex 24.215372424722663 206.26220285261476 6.244999999999991
    vertex 25.365927099841524 204.6457210776544 6.244999999999991
    vertex 25.39445324881141 206.30023771790795 6.244999999999991
  endloop
endfacet
facet normal 0.0 0.0 1.0
  outer loop
    vertex 25.39445324881141 206.30023771790795 6.244999999999991
    vertex 25.365927099841524 204.6457210776544 6.244999999999991
    vertex 25.444374009508717 204.5779714738509 6.244999999999991
  endloop
endfacet
facet normal 0.0 0.0 1.0
  outer loop
    vertex 25.39445324881141 206.30023771790795 6.244999999999991
    vertex 25.444374009508717 204.5779714738509 6.244999999999991
    vertex 25.480031695721078 206.3632329635498 6.244999999999991
  endloop
endfacet
facet normal 0.0 0.0 1.0
  outer loop
    vertex 25.480031695721078 206.3632329635498 6.244999999999991
    vertex 25.444374009508717 204.5779714738509 6.244999999999991
    vertex 25.47052297939778 204.4317749603802 6.244999999999991
  endloop
endfacet
facet normal 0.9449860734402463 -0.32711056388320076 0.0
  outer loop
    vertex 27.400792393026943 202.19247226624393 5.444999999999991
    vertex 27.358003169572104 202.06885895404108 6.244999999999991
    vertex 27.358003169572104 202.06885895404108 5.444999999999991
  endloop
endfacet
facet normal 0.9449860734402463 -0.32711056388320076 0.0
  outer loop
    vertex 27.358003169572104 202.06885895404108 6.244999999999991
    vertex 27.400792393026943 202.19247226624393 5.444999999999991
    vertex 27.400792393026943 202.19247226624393 6.244999999999991
  endloop
endfacet
facet normal 0.17579063848366294 -0.9844275755084811 0.0
  outer loop
    vertex 27.358003169572104 202.06885895404108 6.244999999999991
    vertex 27.224881141045962 202.04508716323284 5.444999999999991
    vertex 27.358003169572104 202.06885895404108 5.444999999999991
  endloop
endfacet
facet normal 0.17579063848366294 -0.9844275755084811 0.0
  outer loop
    vertex 27.224881141045962 202.04508716323284 5.444999999999991
    vertex 27.358003169572104 202.06885895404108 6.244999999999991
    vertex 27.224881141045962 202.04508716323284 6.244999999999991
  endloop
endfacet
facet normal 0.034862515735042794 -0.9993921177378897 0.0
  outer loop
    vertex 27.224881141045962 202.04508716323284 6.244999999999991
    vertex 26.407131537242474 202.01656101426292 5.444999999999991
    vertex 27.224881141045962 202.04508716323284 5.444999999999991
  endloop
endfacet
facet normal 0.034862515735042794 -0.9993921177378897 0.0
  outer loop
    vertex 26.407131537242474 202.01656101426292 5.444999999999991
    vertex 27.224881141045962 202.04508716323284 6.244999999999991
    vertex 26.407131537242474 202.01656101426292 6.244999999999991
  endloop
endfacet
facet normal -0.032503142545581835 -0.9994716332766337 0.0
  outer loop
    vertex 26.407131537242474 202.01656101426292 6.244999999999991
    vertex 25.529952456418386 202.04508716323284 5.444999999999991
    vertex 26.407131537242474 202.01656101426292 5.444999999999991
  endloop
endfacet
facet normal -0.032503142545581835 -0.9994716332766337 0.0
  outer loop
    vertex 25.529952456418386 202.04508716323284 5.444999999999991
    vertex 26.407131537242474 202.01656101426292 6.244999999999991
    vertex 25.529952456418386 202.04508716323284 6.244999999999991
  endloop
endfacet
facet normal -0.4273796168934114 -0.9040722665053058 0.0
  outer loop
    vertex 25.529952456418386 202.04508716323284 6.244999999999991
    vertex 25.43189381933439 202.0914421553089 5.444999999999991
    vertex 25.529952456418386 202.04508716323284 5.444999999999991
  endloop
endfacet
facet normal -0.4273796168934114 -0.9040722665053058 0.0
  outer loop
    vertex 25.43189381933439 202.0914421553089 5.444999999999991
    vertex 25.529952456418386 202.04508716323284 6.244999999999991
    vertex 25.43189381933439 202.0914421553089 6.244999999999991
  endloop
endfacet
facet normal -0.9289402034964578 -0.37022979124857 0.0
  outer loop
    vertex 25.39920760697306 202.17345483359733 6.244999999999991
    vertex 25.43189381933439 202.0914421553089 5.444999999999991
    vertex 25.43189381933439 202.0914421553089 6.244999999999991
  endloop
endfacet
facet normal -0.9289402034964578 -0.37022979124857 0.0
  outer loop
    vertex 25.43189381933439 202.0914421553089 5.444999999999991
    vertex 25.39920760697306 202.17345483359733 6.244999999999991
    vertex 25.39920760697306 202.17345483359733 5.444999999999991
  endloop
endfacet
facet normal -0.9995017576572265 0.03156321339969813 0.0
  outer loop
    vertex 25.434865293185418 203.30261489698879 6.244999999999991
    vertex 25.39920760697306 202.17345483359733 5.444999999999991
    vertex 25.39920760697306 202.17345483359733 6.244999999999991
  endloop
endfacet
facet normal -0.9995017576572265 0.03156321339969813 0.0
  outer loop
    vertex 25.39920760697306 202.17345483359733 5.444999999999991
    vertex 25.434865293185418 203.30261489698879 6.244999999999991
    vertex 25.434865293185418 203.30261489698879 5.444999999999991
  endloop
endfacet
facet normal -0.9995017576572264 0.03156321339970309 0.0
  outer loop
    vertex 25.47052297939778 204.4317749603802 6.244999999999991
    vertex 25.434865293185418 203.30261489698879 5.444999999999991
    vertex 25.434865293185418 203.30261489698879 6.244999999999991
  endloop
endfacet
facet normal -0.9995017576572264 0.03156321339970309 0.0
  outer loop
    vertex 25.434865293185418 203.30261489698879 5.444999999999991
    vertex 25.47052297939778 204.4317749603802 6.244999999999991
    vertex 25.47052297939778 204.4317749603802 5.444999999999991
  endloop
endfacet
facet normal -0.9843780737844466 -0.17606762295329256 0.0
  outer loop
    vertex 25.444374009508717 204.5779714738509 6.244999999999991
    vertex 25.47052297939778 204.4317749603802 5.444999999999991
    vertex 25.47052297939778 204.4317749603802 6.244999999999991
  endloop
endfacet
facet normal -0.9843780737844466 -0.17606762295329256 0.0
  outer loop
    vertex 25.47052297939778 204.4317749603802 5.444999999999991
    vertex 25.444374009508717 204.5779714738509 6.244999999999991
    vertex 25.444374009508717 204.5779714738509 5.444999999999991
  endloop
endfacet
facet normal -0.6536198703460898 -0.7568230077691617 0.0
  outer loop
    vertex 25.444374009508717 204.5779714738509 6.244999999999991
    vertex 25.365927099841524 204.6457210776544 5.444999999999991
    vertex 25.444374009508717 204.5779714738509 5.444999999999991
  endloop
endfacet
facet normal -0.6536198703460898 -0.7568230077691617 0.0
  outer loop
    vertex 25.365927099841524 204.6457210776544 5.444999999999991
    vertex 25.444374009508717 204.5779714738509 6.244999999999991
    vertex 25.365927099841524 204.6457210776544 6.244999999999991
  endloop
endfacet
facet normal -0.03303980286530011 -0.9994540366753351 0.0
  outer loop
    vertex 25.365927099841524 204.6457210776544 6.244999999999991
    vertex 24.215372424722663 204.68375594294756 5.444999999999991
    vertex 25.365927099841524 204.6457210776544 5.444999999999991
  endloop
endfacet
facet normal -0.03303980286530011 -0.9994540366753351 0.0
  outer loop
    vertex 24.215372424722663 204.68375594294756 5.444999999999991
    vertex 25.365927099841524 204.6457210776544 6.244999999999991
    vertex 24.215372424722663 204.68375594294756 6.244999999999991
  endloop
endfacet
facet normal 0.032769276820761424 -0.9994629430332295 0.0
  outer loop
    vertex 24.215372424722663 204.68375594294756 6.244999999999991
    vertex 23.05530903328051 204.6457210776544 5.444999999999991
    vertex 24.215372424722663 204.68375594294756 5.444999999999991
  endloop
endfacet
facet normal 0.032769276820761424 -0.9994629430332295 0.0
  outer loop
    vertex 23.05530903328051 204.6457210776544 5.444999999999991
    vertex 24.215372424722663 204.68375594294756 6.244999999999991
    vertex 23.05530903328051 204.6457210776544 6.244999999999991
  endloop
endfacet
facet normal 0.6401843996644785 -0.768221279597377 0.0
  outer loop
    vertex 23.05530903328051 204.6457210776544 6.244999999999991
    vertex 22.976862123613312 204.58034865293172 5.444999999999991
    vertex 23.05530903328051 204.6457210776544 5.444999999999991
  endloop
endfacet
facet normal 0.6401843996644785 -0.768221279597377 0.0
  outer loop
    vertex 22.976862123613312 204.58034865293172 5.444999999999991
    vertex 23.05530903328051 204.6457210776544 6.244999999999991
    vertex 22.976862123613312 204.58034865293172 6.244999999999991
  endloop
endfacet
facet normal 0.9848627740539176 -0.1733358482334857 0.0
  outer loop
    vertex 22.976862123613312 204.58034865293172 5.444999999999991
    vertex 22.950713153724248 204.4317749603802 6.244999999999991
    vertex 22.950713153724248 204.4317749603802 5.444999999999991
  endloop
endfacet
facet normal 0.9848627740539176 -0.1733358482334857 0.0
  outer loop
    vertex 22.950713153724248 204.4317749603802 6.244999999999991
    vertex 22.976862123613312 204.58034865293172 5.444999999999991
    vertex 22.976862123613312 204.58034865293172 6.244999999999991
  endloop
endfacet
facet normal 0.9997708146135171 0.021408368621275282 0.0
  outer loop
    vertex 22.950713153724248 204.4317749603802 5.444999999999991
    vertex 22.974484944532488 203.32163232963538 6.244999999999991
    vertex 22.974484944532488 203.32163232963538 5.444999999999991
  endloop
endfacet
facet normal 0.9997708146135171 0.021408368621275282 0.0
  outer loop
    vertex 22.974484944532488 203.32163232963538 6.244999999999991
    vertex 22.950713153724248 204.4317749603802 5.444999999999991
    vertex 22.950713153724248 204.4317749603802 6.244999999999991
  endloop
endfacet
facet normal 0.9997708146135171 0.021408368621272735 0.0
  outer loop
    vertex 22.974484944532488 203.32163232963538 5.444999999999991
    vertex 22.99825673534073 202.21148969889052 6.244999999999991
    vertex 22.99825673534073 202.21148969889052 5.444999999999991
  endloop
endfacet
facet normal 0.9997708146135171 0.021408368621272735 0.0
  outer loop
    vertex 22.99825673534073 202.21148969889052 6.244999999999991
    vertex 22.974484944532488 203.32163232963538 5.444999999999991
    vertex 22.974484944532488 203.32163232963538 6.244999999999991
  endloop
endfacet
facet normal 0.9619051050949421 -0.273383556184875 0.0
  outer loop
    vertex 22.99825673534073 202.21148969889052 5.444999999999991
    vertex 22.966164817749604 202.09857369255138 6.244999999999991
    vertex 22.966164817749604 202.09857369255138 5.444999999999991
  endloop
endfacet
facet normal 0.9619051050949421 -0.273383556184875 0.0
  outer loop
    vertex 22.966164817749604 202.09857369255138 6.244999999999991
    vertex 22.99825673534073 202.21148969889052 5.444999999999991
    vertex 22.99825673534073 202.21148969889052 6.244999999999991
  endloop
endfacet
facet normal 0.485642931178637 -0.874157276121535 0.0
  outer loop
    vertex 22.966164817749604 202.09857369255138 6.244999999999991
    vertex 22.869889064976228 202.04508716323284 5.444999999999991
    vertex 22.966164817749604 202.09857369255138 5.444999999999991
  endloop
endfacet
facet normal 0.485642931178637 -0.874157276121535 0.0
  outer loop
    vertex 22.869889064976228 202.04508716323284 5.444999999999991
    vertex 22.966164817749604 202.09857369255138 6.244999999999991
    vertex 22.869889064976228 202.04508716323284 6.244999999999991
  endloop
endfacet
facet normal 0.031898652399009256 -0.9994911085022855 0.0
  outer loop
    vertex 22.869889064976228 202.04508716323284 6.244999999999991
    vertex 21.97606973058637 202.01656101426292 5.444999999999991
    vertex 22.869889064976228 202.04508716323284 5.444999999999991
  endloop
endfacet
facet normal 0.031898652399009256 -0.9994911085022855 0.0
  outer loop
    vertex 21.97606973058637 202.01656101426292 5.444999999999991
    vertex 22.869889064976228 202.04508716323284 6.244999999999991
    vertex 21.97606973058637 202.01656101426292 6.244999999999991
  endloop
endfacet
facet normal -0.03486251573504291 -0.9993921177378896 0.0
  outer loop
    vertex 21.97606973058637 202.01656101426292 6.244999999999991
    vertex 21.158320126782883 202.04508716323284 5.444999999999991
    vertex 21.97606973058637 202.01656101426292 5.444999999999991
  endloop
endfacet
facet normal -0.03486251573504291 -0.9993921177378896 0.0
  outer loop
    vertex 21.158320126782883 202.04508716323284 5.444999999999991
    vertex 21.97606973058637 202.01656101426292 6.244999999999991
    vertex 21.158320126782883 202.04508716323284 6.244999999999991
  endloop
endfacet
facet normal -0.4262977008262315 -0.9045829261434626 0.0
  outer loop
    vertex 21.158320126782883 202.04508716323284 6.244999999999991
    vertex 21.054912836767038 202.09381933438974 5.444999999999991
    vertex 21.158320126782883 202.04508716323284 5.444999999999991
  endloop
endfacet
facet normal -0.4262977008262315 -0.9045829261434626 0.0
  outer loop
    vertex 21.054912836767038 202.09381933438974 5.444999999999991
    vertex 21.158320126782883 202.04508716323284 6.244999999999991
    vertex 21.054912836767038 202.09381933438974 6.244999999999991
  endloop
endfacet
facet normal -0.9440355421203914 -0.32984374363243374 0.0
  outer loop
    vertex 21.020443740095086 202.19247226624393 6.244999999999991
    vertex 21.054912836767038 202.09381933438974 5.444999999999991
    vertex 21.054912836767038 202.09381933438974 6.244999999999991
  endloop
endfacet
facet normal -0.9440355421203914 -0.32984374363243374 0.0
  outer loop
    vertex 21.054912836767038 202.09381933438974 5.444999999999991
    vertex 21.020443740095086 202.19247226624393 6.244999999999991
    vertex 21.020443740095086 202.19247226624393 5.444999999999991
  endloop
endfacet
facet normal -0.9994817066193771 0.032191895458599726 0.0
  outer loop
    vertex 21.070364500792394 203.74239302694122 6.244999999999991
    vertex 21.020443740095086 202.19247226624393 5.444999999999991
    vertex 21.020443740095086 202.19247226624393 6.244999999999991
  endloop
endfacet
facet normal -0.9994817066193771 0.032191895458599726 0.0
  outer loop
    vertex 21.020443740095086 202.19247226624393 5.444999999999991
    vertex 21.070364500792394 203.74239302694122 6.244999999999991
    vertex 21.070364500792394 203.74239302694122 5.444999999999991
  endloop
endfacet
facet normal -0.999484869317121 0.03209355084963247 0.0
  outer loop
    vertex 21.1202852614897 205.29706814580018 6.244999999999991
    vertex 21.070364500792394 203.74239302694122 5.444999999999991
    vertex 21.070364500792394 203.74239302694122 6.244999999999991
  endloop
endfacet
facet normal -0.999484869317121 0.03209355084963247 0.0
  outer loop
    vertex 21.070364500792394 203.74239302694122 5.444999999999991
    vertex 21.1202852614897 205.29706814580018 6.244999999999991
    vertex 21.1202852614897 205.29706814580018 5.444999999999991
  endloop
endfacet
facet normal -0.9995885696243734 -0.028682598841444838 0.0
  outer loop
    vertex 21.072741679873218 206.95396196513457 6.244999999999991
    vertex 21.1202852614897 205.29706814580018 5.444999999999991
    vertex 21.1202852614897 205.29706814580018 6.244999999999991
  endloop
endfacet
facet normal -0.9995885696243734 -0.028682598841444838 0.0
  outer loop
    vertex 21.1202852614897 205.29706814580018 5.444999999999991
    vertex 21.072741679873218 206.95396196513457 6.244999999999991
    vertex 21.072741679873218 206.95396196513457 5.444999999999991
  endloop
endfacet
facet normal -0.9995885696243734 -0.028682598841444838 0.0
  outer loop
    vertex 21.025198098256737 208.61085578446895 6.244999999999991
    vertex 21.072741679873218 206.95396196513457 5.444999999999991
    vertex 21.072741679873218 206.95396196513457 6.244999999999991
  endloop
endfacet
facet normal -0.9995885696243734 -0.028682598841444838 0.0
  outer loop
    vertex 21.072741679873218 206.95396196513457 5.444999999999991
    vertex 21.025198098256737 208.61085578446895 6.244999999999991
    vertex 21.025198098256737 208.61085578446895 5.444999999999991
  endloop
endfacet
facet normal -0.9529257800132673 0.30320365727693 0.0
  outer loop
    vertex 21.05015847860539 208.6893026941362 6.244999999999991
    vertex 21.025198098256737 208.61085578446895 5.444999999999991
    vertex 21.025198098256737 208.61085578446895 6.244999999999991
  endloop
endfacet
facet normal -0.9529257800132673 0.30320365727693 0.0
  outer loop
    vertex 21.025198098256737 208.61085578446895 5.444999999999991
    vertex 21.05015847860539 208.6893026941362 6.244999999999991
    vertex 21.05015847860539 208.6893026941362 5.444999999999991
  endloop
endfacet
facet normal -0.3296828328367027 0.9440917485778417 0.0
  outer loop
    vertex 21.05015847860539 208.6893026941362 6.244999999999991
    vertex 21.125039619651346 208.7154516640252 5.444999999999991
    vertex 21.05015847860539 208.6893026941362 5.444999999999991
  endloop
endfacet
facet normal -0.3296828328367027 0.9440917485778417 0.0
  outer loop
    vertex 21.125039619651346 208.7154516640252 5.444999999999991
    vertex 21.05015847860539 208.6893026941362 6.244999999999991
    vertex 21.125039619651346 208.7154516640252 6.244999999999991
  endloop
endfacet
facet normal 0.03206905846426137 0.9994856554694599 0.0
  outer loop
    vertex 21.125039619651346 208.7154516640252 6.244999999999991
    vertex 21.56957210776545 208.70118858954027 5.444999999999991
    vertex 21.125039619651346 208.7154516640252 5.444999999999991
  endloop
endfacet
facet normal 0.03206905846426137 0.9994856554694599 0.0
  outer loop
    vertex 21.56957210776545 208.70118858954027 5.444999999999991
    vertex 21.125039619651346 208.7154516640252 6.244999999999991
    vertex 21.56957210776545 208.70118858954027 6.244999999999991
  endloop
endfacet
facet normal 0.03206905846426117 0.9994856554694599 0.0
  outer loop
    vertex 21.56957210776545 208.70118858954027 6.244999999999991
    vertex 22.01410459587956 208.68692551505532 5.444999999999991
    vertex 21.56957210776545 208.70118858954027 5.444999999999991
  endloop
endfacet
facet normal 0.03206905846426117 0.9994856554694599 0.0
  outer loop
    vertex 22.01410459587956 208.68692551505532 5.444999999999991
    vertex 21.56957210776545 208.70118858954027 6.244999999999991
    vertex 22.01410459587956 208.68692551505532 6.244999999999991
  endloop
endfacet
facet normal -0.031073070949498634 0.999517115542184 0.0
  outer loop
    vertex 22.01410459587956 208.68692551505532 6.244999999999991
    vertex 22.472900158478605 208.70118858954027 5.444999999999991
    vertex 22.01410459587956 208.68692551505532 5.444999999999991
  endloop
endfacet
facet normal -0.031073070949498634 0.999517115542184 0.0
  outer loop
    vertex 22.472900158478605 208.70118858954027 5.444999999999991
    vertex 22.01410459587956 208.68692551505532 6.244999999999991
    vertex 22.472900158478605 208.70118858954027 6.244999999999991
  endloop
endfacet
facet normal -0.03107307094949844 0.9995171155421839 0.0
  outer loop
    vertex 22.472900158478605 208.70118858954027 6.244999999999991
    vertex 22.931695721077656 208.7154516640252 5.444999999999991
    vertex 22.472900158478605 208.70118858954027 5.444999999999991
  endloop
endfacet
facet normal -0.03107307094949844 0.9995171155421839 0.0
  outer loop
    vertex 22.931695721077656 208.7154516640252 5.444999999999991
    vertex 22.472900158478605 208.70118858954027 6.244999999999991
    vertex 22.931695721077656 208.7154516640252 6.244999999999991
  endloop
endfacet
facet normal 0.7270131525498218 0.6866235329637119 0.0
  outer loop
    vertex 22.931695721077656 208.7154516640252 5.444999999999991
    vertex 23.012519809825676 208.62987321711557 6.244999999999991
    vertex 23.012519809825676 208.62987321711557 5.444999999999991
  endloop
endfacet
facet normal 0.7270131525498218 0.6866235329637119 0.0
  outer loop
    vertex 23.012519809825676 208.62987321711557 6.244999999999991
    vertex 22.931695721077656 208.7154516640252 5.444999999999991
    vertex 22.931695721077656 208.7154516640252 6.244999999999991
  endloop
endfacet
facet normal 0.9988017662211294 -0.04893906204201658 0.0
  outer loop
    vertex 23.012519809825676 208.62987321711557 5.444999999999991
    vertex 22.960221870047544 207.56251980982557 6.244999999999991
    vertex 22.960221870047544 207.56251980982557 5.444999999999991
  endloop
endfacet
facet normal 0.9988017662211294 -0.04893906204201658 0.0
  outer loop
    vertex 22.960221870047544 207.56251980982557 6.244999999999991
    vertex 23.012519809825676 208.62987321711557 5.444999999999991
    vertex 23.012519809825676 208.62987321711557 6.244999999999991
  endloop
endfacet
facet normal 0.9988017662211295 -0.048939062042013946 0.0
  outer loop
    vertex 22.960221870047544 207.56251980982557 5.444999999999991
    vertex 22.907923930269416 206.49516640253552 6.244999999999991
    vertex 22.907923930269416 206.49516640253552 5.444999999999991
  endloop
endfacet
facet normal 0.9988017662211295 -0.048939062042013946 0.0
  outer loop
    vertex 22.907923930269416 206.49516640253552 6.244999999999991
    vertex 22.960221870047544 207.56251980982557 5.444999999999991
    vertex 22.960221870047544 207.56251980982557 6.244999999999991
  endloop
endfacet
facet normal 0.985664475512502 0.16871734265529542 0.0
  outer loop
    vertex 22.907923930269416 206.49516640253552 5.444999999999991
    vertex 22.930507131537244 206.3632329635498 6.244999999999991
    vertex 22.930507131537244 206.3632329635498 5.444999999999991
  endloop
endfacet
facet normal 0.985664475512502 0.16871734265529542 0.0
  outer loop
    vertex 22.930507131537244 206.3632329635498 6.244999999999991
    vertex 22.907923930269416 206.49516640253552 5.444999999999991
    vertex 22.907923930269416 206.49516640253552 6.244999999999991
  endloop
endfacet
facet normal 0.6809437453161974 0.7323357260947673 0.0
  outer loop
    vertex 22.930507131537244 206.3632329635498 6.244999999999991
    vertex 22.99825673534073 206.30023771790795 5.444999999999991
    vertex 22.930507131537244 206.3632329635498 5.444999999999991
  endloop
endfacet
facet normal 0.6809437453161974 0.7323357260947673 0.0
  outer loop
    vertex 22.99825673534073 206.30023771790795 5.444999999999991
    vertex 22.930507131537244 206.3632329635498 6.244999999999991
    vertex 22.99825673534073 206.30023771790795 6.244999999999991
  endloop
endfacet
facet normal 0.031234752377720998 0.9995120760870788 0.0
  outer loop
    vertex 22.99825673534073 206.30023771790795 6.244999999999991
    vertex 24.215372424722663 206.26220285261476 5.444999999999991
    vertex 22.99825673534073 206.30023771790795 5.444999999999991
  endloop
endfacet
facet normal 0.031234752377720998 0.9995120760870788 0.0
  outer loop
    vertex 24.215372424722663 206.26220285261476 5.444999999999991
    vertex 22.99825673534073 206.30023771790795 6.244999999999991
    vertex 24.215372424722663 206.26220285261476 6.244999999999991
  endloop
endfacet
facet normal -0.0322412940109579 0.9994801143396996 0.0
  outer loop
    vertex 24.215372424722663 206.26220285261476 6.244999999999991
    vertex 25.39445324881141 206.30023771790795 5.444999999999991
    vertex 24.215372424722663 206.26220285261476 5.444999999999991
  endloop
endfacet
facet normal -0.0322412940109579 0.9994801143396996 0.0
  outer loop
    vertex 25.39445324881141 206.30023771790795 5.444999999999991
    vertex 24.215372424722663 206.26220285261476 6.244999999999991
    vertex 25.39445324881141 206.30023771790795 6.244999999999991
  endloop
endfacet
facet normal -0.5928174284216946 0.805336883893622 0.0
  outer loop
    vertex 25.39445324881141 206.30023771790795 6.244999999999991
    vertex 25.480031695721078 206.3632329635498 5.444999999999991
    vertex 25.39445324881141 206.30023771790795 5.444999999999991
  endloop
endfacet
facet normal -0.5928174284216946 0.805336883893622 0.0
  outer loop
    vertex 25.480031695721078 206.3632329635498 5.444999999999991
    vertex 25.39445324881141 206.30023771790795 6.244999999999991
    vertex 25.480031695721078 206.3632329635498 6.244999999999991
  endloop
endfacet
facet normal -0.9774141654398623 0.21133279252756262 0.0
  outer loop
    vertex 25.50855784469097 206.49516640253552 6.244999999999991
    vertex 25.480031695721078 206.3632329635498 5.444999999999991
    vertex 25.480031695721078 206.3632329635498 6.244999999999991
  endloop
endfacet
facet normal -0.9774141654398623 0.21133279252756262 0.0
  outer loop
    vertex 25.480031695721078 206.3632329635498 5.444999999999991
    vertex 25.50855784469097 206.49516640253552 6.244999999999991
    vertex 25.50855784469097 206.49516640253552 5.444999999999991
  endloop
endfacet
facet normal -0.9994825000181499 -0.03216725287414749 0.0
  outer loop
    vertex 25.47527733755943 207.529239302694 6.244999999999991
    vertex 25.50855784469097 206.49516640253552 5.444999999999991
    vertex 25.50855784469097 206.49516640253552 6.244999999999991
  endloop
endfacet
facet normal -0.9994825000181499 -0.03216725287414749 0.0
  outer loop
    vertex 25.50855784469097 206.49516640253552 5.444999999999991
    vertex 25.47527733755943 207.529239302694 6.244999999999991
    vertex 25.47527733755943 207.529239302694 5.444999999999991
  endloop
endfacet
facet normal -0.9994872223861755 -0.03202018561420257 0.0
  outer loop
    vertex 25.441996830427893 208.56806656101415 6.244999999999991
    vertex 25.47527733755943 207.529239302694 5.444999999999991
    vertex 25.47527733755943 207.529239302694 6.244999999999991
  endloop
endfacet
facet normal -0.9994872223861755 -0.03202018561420257 0.0
  outer loop
    vertex 25.47527733755943 207.529239302694 5.444999999999991
    vertex 25.441996830427893 208.56806656101415 6.244999999999991
    vertex 25.441996830427893 208.56806656101415 5.444999999999991
  endloop
endfacet
facet normal -0.9657159464333164 0.25960106086918033 0.0
  outer loop
    vertex 25.471711568938197 208.67860538827244 6.244999999999991
    vertex 25.441996830427893 208.56806656101415 5.444999999999991
    vertex 25.441996830427893 208.56806656101415 6.244999999999991
  endloop
endfacet
facet normal -0.9657159464333164 0.25960106086918033 0.0
  outer loop
    vertex 25.441996830427893 208.56806656101415 5.444999999999991
    vertex 25.471711568938197 208.67860538827244 6.244999999999991
    vertex 25.471711568938197 208.67860538827244 5.444999999999991
  endloop
endfacet
facet normal -0.38198897693501344 0.9241668796814468 0.0
  outer loop
    vertex 25.471711568938197 208.67860538827244 6.244999999999991
    vertex 25.560855784469098 208.7154516640252 5.444999999999991
    vertex 25.471711568938197 208.67860538827244 5.444999999999991
  endloop
endfacet
facet normal -0.38198897693501344 0.9241668796814468 0.0
  outer loop
    vertex 25.560855784469098 208.7154516640252 5.444999999999991
    vertex 25.471711568938197 208.67860538827244 6.244999999999991
    vertex 25.560855784469098 208.7154516640252 6.244999999999991
  endloop
endfacet
facet normal 0.03387884566575762 0.9994259471398348 0.0
  outer loop
    vertex 25.560855784469098 208.7154516640252 6.244999999999991
    vertex 25.981616481774964 208.70118858954027 5.444999999999991
    vertex 25.560855784469098 208.7154516640252 5.444999999999991
  endloop
endfacet
facet normal 0.03387884566575762 0.9994259471398348 0.0
  outer loop
    vertex 25.981616481774964 208.70118858954027 5.444999999999991
    vertex 25.560855784469098 208.7154516640252 6.244999999999991
    vertex 25.981616481774964 208.70118858954027 6.244999999999991
  endloop
endfacet
facet normal 0.03350073830392107 0.9994386927336226 0.0
  outer loop
    vertex 25.981616481774964 208.70118858954027 6.244999999999991
    vertex 26.407131537242474 208.68692551505532 5.444999999999991
    vertex 25.981616481774964 208.70118858954027 5.444999999999991
  endloop
endfacet
facet normal 0.03350073830392107 0.9994386927336226 0.0
  outer loop
    vertex 26.407131537242474 208.68692551505532 5.444999999999991
    vertex 25.981616481774964 208.70118858954027 6.244999999999991
    vertex 26.407131537242474 208.68692551505532 6.244999999999991
  endloop
endfacet
facet normal -0.03387884566575762 0.9994259471398348 0.0
  outer loop
    vertex 26.407131537242474 208.68692551505532 6.244999999999991
    vertex 26.827892234548337 208.70118858954027 5.444999999999991
    vertex 26.407131537242474 208.68692551505532 5.444999999999991
  endloop
endfacet
facet normal -0.03387884566575762 0.9994259471398348 0.0
  outer loop
    vertex 26.827892234548337 208.70118858954027 5.444999999999991
    vertex 26.407131537242474 208.68692551505532 6.244999999999991
    vertex 26.827892234548337 208.70118858954027 6.244999999999991
  endloop
endfacet
facet normal -0.03350073830392107 0.9994386927336226 0.0
  outer loop
    vertex 26.827892234548337 208.70118858954027 6.244999999999991
    vertex 27.253407290015847 208.7154516640252 5.444999999999991
    vertex 26.827892234548337 208.70118858954027 5.444999999999991
  endloop
endfacet
facet normal -0.03350073830392107 0.9994386927336226 0.0
  outer loop
    vertex 27.253407290015847 208.7154516640252 5.444999999999991
    vertex 26.827892234548337 208.70118858954027 6.244999999999991
    vertex 27.253407290015847 208.7154516640252 6.244999999999991
  endloop
endfacet
facet normal 0.2659289981258194 0.9639926182060722 0.0
  outer loop
    vertex 27.253407290015847 208.7154516640252 6.244999999999991
    vertex 27.356814580031696 208.68692551505532 5.444999999999991
    vertex 27.253407290015847 208.7154516640252 5.444999999999991
  endloop
endfacet
facet normal 0.2659289981258194 0.9639926182060722 0.0
  outer loop
    vertex 27.356814580031696 208.68692551505532 5.444999999999991
    vertex 27.253407290015847 208.7154516640252 6.244999999999991
    vertex 27.356814580031696 208.68692551505532 6.244999999999991
  endloop
endfacet
facet normal 0.9275855420171832 0.3736108433125146 0.0
  outer loop
    vertex 27.356814580031696 208.68692551505532 5.444999999999991
    vertex 27.391283676703647 208.60134706814569 6.244999999999991
    vertex 27.391283676703647 208.60134706814569 5.444999999999991
  endloop
endfacet
facet normal 0.9275855420171832 0.3736108433125146 0.0
  outer loop
    vertex 27.391283676703647 208.60134706814569 6.244999999999991
    vertex 27.356814580031696 208.68692551505532 5.444999999999991
    vertex 27.356814580031696 208.68692551505532 6.244999999999991
  endloop
endfacet
facet normal 0.9996254461961119 -0.027367267258975144 0.0
  outer loop
    vertex 27.391283676703647 208.60134706814569 5.444999999999991
    vertex 27.346117274167984 206.95158478605376 6.244999999999991
    vertex 27.346117274167984 206.95158478605376 5.444999999999991
  endloop
endfacet
facet normal 0.9996254461961119 -0.027367267258975144 0.0
  outer loop
    vertex 27.346117274167984 206.95158478605376 6.244999999999991
    vertex 27.391283676703647 208.60134706814569 5.444999999999991
    vertex 27.391283676703647 208.60134706814569 6.244999999999991
  endloop
endfacet
facet normal 0.9996275945107653 -0.027288684332905808 0.0
  outer loop
    vertex 27.346117274167984 206.95158478605376 5.444999999999991
    vertex 27.30095087163233 205.29706814580018 6.244999999999991
    vertex 27.30095087163233 205.29706814580018 5.444999999999991
  endloop
endfacet
facet normal 0.9996275945107653 -0.027288684332905808 0.0
  outer loop
    vertex 27.30095087163233 205.29706814580018 6.244999999999991
    vertex 27.346117274167984 206.95158478605376 5.444999999999991
    vertex 27.346117274167984 206.95158478605376 6.244999999999991
  endloop
endfacet
facet normal 0.999484869317121 0.032093550849630656 0.0
  outer loop
    vertex 27.30095087163233 205.29706814580018 5.444999999999991
    vertex 27.350871632329635 203.74239302694122 6.244999999999991
    vertex 27.350871632329635 203.74239302694122 5.444999999999991
  endloop
endfacet
facet normal 0.999484869317121 0.032093550849630656 0.0
  outer loop
    vertex 27.350871632329635 203.74239302694122 6.244999999999991
    vertex 27.30095087163233 205.29706814580018 5.444999999999991
    vertex 27.30095087163233 205.29706814580018 6.244999999999991
  endloop
endfacet
facet normal 0.9994817066193771 0.032191895458601544 0.0
  outer loop
    vertex 27.350871632329635 203.74239302694122 5.444999999999991
    vertex 27.400792393026943 202.19247226624393 6.244999999999991
    vertex 27.400792393026943 202.19247226624393 5.444999999999991
  endloop
endfacet
facet normal 0.9994817066193771 0.032191895458601544 0.0
  outer loop
    vertex 27.400792393026943 202.19247226624393 6.244999999999991
    vertex 27.350871632329635 203.74239302694122 5.444999999999991
    vertex 27.350871632329635 203.74239302694122 6.244999999999991
  endloop
endfacet
facet normal 0.0 0.0 1.0
  outer loop
    vertex 28.048573692551507 202.0415213946116 6.244999999999991
    vertex 28.94120443740095 205.18296354992063 6.244999999999991
    vertex 27.866719492868462 202.14492868462744 6.244999999999991
  endloop
endfacet
facet normal 0.0 0.0 1.0
  outer loop
    vertex 28.94120443740095 205.18296354992063 6.244999999999991
    vertex 28.048573692551507 202.0415213946116 6.244999999999991
    vertex 28.594136291600634 202.00705229793965 6.244999999999991
  endloop
endfacet
facet normal 0.0 0.0 1.0
  outer loop
    vertex 28.94120443740095 205.18296354992063 6.244999999999991
    vertex 28.594136291600634 202.00705229793965 6.244999999999991
    vertex 29.678129952456423 202.04508716323284 6.244999999999991
  endloop
endfacet
facet normal 0.0 0.0 1.0
  outer loop
    vertex 28.94120443740095 205.18296354992063 6.244999999999991
    vertex 29.678129952456423 202.04508716323284 6.244999999999991
    vertex 30.20586370839937 208.64889064976217 6.244999999999991
  endloop
endfacet
facet normal 0.0 0.0 1.0
  outer loop
    vertex 30.20586370839937 208.64889064976217 6.244999999999991
    vertex 29.678129952456423 202.04508716323284 6.244999999999991
    vertex 29.79698890649762 202.16870047543568 6.244999999999991
  endloop
endfacet
facet normal 0.0 0.0 1.0
  outer loop
    vertex 30.20586370839937 208.64889064976217 6.244999999999991
    vertex 29.79698890649762 202.16870047543568 6.244999999999991
    vertex 29.896830427892237 202.47297939778116 6.244999999999991
  endloop
endfacet
facet normal 0.0 0.0 1.0
  outer loop
    vertex 30.20586370839937 208.64889064976217 6.244999999999991
    vertex 29.896830427892237 202.47297939778116 6.244999999999991
    vertex 30.077496038034866 202.98169572107753 6.244999999999991
  endloop
endfacet
facet normal 0.0 0.0 1.0
  outer loop
    vertex 30.20586370839937 208.64889064976217 6.244999999999991
    vertex 30.077496038034866 202.98169572107753 6.244999999999991
    vertex 30.581458003169573 204.7170364500791 6.244999999999991
  endloop
endfacet
facet normal 0.0 0.0 1.0
  outer loop
    vertex 30.581458003169573 204.7170364500791 6.244999999999991
    vertex 30.077496038034866 202.98169572107753 6.244999999999991
    vertex 30.938034865293186 203.02448494453236 6.244999999999991
  endloop
endfacet
facet normal 0.0 0.0 1.0
  outer loop
    vertex 30.20586370839937 208.64889064976217 6.244999999999991
    vertex 30.581458003169573 204.7170364500791 6.244999999999991
    vertex 30.338985736925515 208.8295562599048 6.244999999999991
  endloop
endfacet
facet normal 0.0 0.0 1.0
  outer loop
    vertex 30.581458003169573 204.7170364500791 6.244999999999991
    vertex 30.938034865293186 203.02448494453236 6.244999999999991
    vertex 30.652773375594297 204.65047543581602 6.244999999999991
  endloop
endfacet
facet normal 0.0 0.0 1.0
  outer loop
    vertex 30.652773375594297 204.65047543581602 6.244999999999991
    vertex 30.938034865293186 203.02448494453236 6.244999999999991
    vertex 30.866719492868462 204.62194928684613 6.244999999999991
  endloop
endfacet
facet normal 0.0 0.0 1.0
  outer loop
    vertex 30.866719492868462 204.62194928684613 6.244999999999991
    vertex 30.938034865293186 203.02448494453236 6.244999999999991
    vertex 31.351664025356577 204.61244057052286 6.244999999999991
  endloop
endfacet
facet normal 0.0 0.0 1.0
  outer loop
    vertex 31.351664025356577 204.61244057052286 6.244999999999991
    vertex 30.938034865293186 203.02448494453236 6.244999999999991
    vertex 32.2122028526149 202.99120443740082 6.244999999999991
  endloop
endfacet
facet normal 0.0 0.0 1.0
  outer loop
    vertex 31.351664025356577 204.61244057052286 6.244999999999991
    vertex 32.2122028526149 202.99120443740082 6.244999999999991
    vertex 31.698732171156898 204.68851030110923 6.244999999999991
  endloop
endfacet
facet normal 0.0 0.0 1.0
  outer loop
    vertex 31.698732171156898 204.68851030110923 6.244999999999991
    vertex 32.2122028526149 202.99120443740082 6.244999999999991
    vertex 31.708240887480194 204.7550713153723 6.244999999999991
  endloop
endfacet
facet normal 0.0 0.0 1.0
  outer loop
    vertex 31.708240887480194 204.7550713153723 6.244999999999991
    vertex 32.2122028526149 202.99120443740082 6.244999999999991
    vertex 31.88890649762282 208.81529318541985 6.244999999999991
  endloop
endfacet
facet normal 0.0 0.0 1.0
  outer loop
    vertex 31.88890649762282 208.81529318541985 6.244999999999991
    vertex 32.2122028526149 202.99120443740082 6.244999999999991
    vertex 32.05530903328051 208.65839936608546 6.244999999999991
  endloop
endfacet
facet normal 0.0 0.0 1.0
  outer loop
    vertex 32.05530903328051 208.65839936608546 6.244999999999991
    vertex 32.2122028526149 202.99120443740082 6.244999999999991
    vertex 33.41505546751189 205.23526148969876 6.244999999999991
  endloop
endfacet
facet normal 0.0 0.0 1.0
  outer loop
    vertex 33.41505546751189 205.23526148969876 6.244999999999991
    vertex 32.2122028526149 202.99120443740082 6.244999999999991
    vertex 32.320364500792394 202.78438985736912 6.244999999999991
  endloop
endfacet
facet normal 0.0 0.0 1.0
  outer loop
    vertex 33.41505546751189 205.23526148969876 6.244999999999991
    vertex 32.320364500792394 202.78438985736912 6.244999999999991
    vertex 32.464183835182254 202.259033280507 6.244999999999991
  endloop
endfacet
facet normal 0.0 0.0 1.0
  outer loop
    vertex 33.41505546751189 205.23526148969876 6.244999999999991
    vertex 32.464183835182254 202.259033280507 6.244999999999991
    vertex 32.53668779714739 202.11521394611714 6.244999999999991
  endloop
endfacet
facet normal 0.0 0.0 1.0
  outer loop
    vertex 33.41505546751189 205.23526148969876 6.244999999999991
    vertex 32.53668779714739 202.11521394611714 6.244999999999991
    vertex 32.66862123613312 202.04508716323284 6.244999999999991
  endloop
endfacet
facet normal 0.0 0.0 1.0
  outer loop
    vertex 33.41505546751189 205.23526148969876 6.244999999999991
    vertex 32.66862123613312 202.04508716323284 6.244999999999991
    vertex 33.54342313787639 202.00705229793965 6.244999999999991
  endloop
endfacet
facet normal 0.0 0.0 1.0
  outer loop
    vertex 33.41505546751189 205.23526148969876 6.244999999999991
    vertex 33.54342313787639 202.00705229793965 6.244999999999991
    vertex 34.546592709984154 202.16394611727404 6.244999999999991
  endloop
endfacet
facet normal 0.0 0.0 1.0
  outer loop
    vertex 34.546592709984154 202.16394611727404 6.244999999999991
    vertex 33.54342313787639 202.00705229793965 6.244999999999991
    vertex 34.427733755942945 202.04508716323284 6.244999999999991
  endloop
endfacet
facet normal 0.0 0.0 1.0
  outer loop
    vertex 30.581458003169573 204.7170364500791 6.244999999999991
    vertex 30.735974643423138 208.80578446909655 6.244999999999991
    vertex 30.338985736925515 208.8295562599048 6.244999999999991
  endloop
endfacet
facet normal 0.0 0.0 1.0
  outer loop
    vertex 30.735974643423138 208.80578446909655 6.244999999999991
    vertex 30.581458003169573 204.7170364500791 6.244999999999991
    vertex 30.838193343898574 205.5870839936607 6.244999999999991
  endloop
endfacet
facet normal 0.0 0.0 1.0
  outer loop
    vertex 30.735974643423138 208.80578446909655 6.244999999999991
    vertex 30.838193343898574 205.5870839936607 6.244999999999991
    vertex 31.137717908082408 208.7820126782883 6.244999999999991
  endloop
endfacet
facet normal 0.0 0.0 1.0
  outer loop
    vertex 31.137717908082408 208.7820126782883 6.244999999999991
    vertex 30.838193343898574 205.5870839936607 6.244999999999991
    vertex 31.175752773375596 206.49516640253552 6.244999999999991
  endloop
endfacet
facet normal 0.0 0.0 1.0
  outer loop
    vertex 31.137717908082408 208.7820126782883 6.244999999999991
    vertex 31.175752773375596 206.49516640253552 6.244999999999991
    vertex 31.515689381933438 208.79865293185404 6.244999999999991
  endloop
endfacet
facet normal 0.0 0.0 1.0
  outer loop
    vertex 31.515689381933438 208.79865293185404 6.244999999999991
    vertex 31.175752773375596 206.49516640253552 6.244999999999991
    vertex 31.489540412044374 205.62036450079225 6.244999999999991
  endloop
endfacet
facet normal 0.0 0.0 1.0
  outer loop
    vertex 31.515689381933438 208.79865293185404 6.244999999999991
    vertex 31.489540412044374 205.62036450079225 6.244999999999991
    vertex 31.708240887480194 204.7550713153723 6.244999999999991
  endloop
endfacet
facet normal 0.0 0.0 1.0
  outer loop
    vertex 31.515689381933438 208.79865293185404 6.244999999999991
    vertex 31.708240887480194 204.7550713153723 6.244999999999991
    vertex 31.88890649762282 208.81529318541985 6.244999999999991
  endloop
endfacet
facet normal 0.7071067811865497 -0.7071067811865456 0.0
  outer loop
    vertex 34.546592709984154 202.16394611727404 5.444999999999991
    vertex 34.427733755942945 202.04508716323284 6.244999999999991
    vertex 34.427733755942945 202.04508716323284 5.444999999999991
  endloop
endfacet
facet normal 0.7071067811865497 -0.7071067811865456 0.0
  outer loop
    vertex 34.427733755942945 202.04508716323284 6.244999999999991
    vertex 34.546592709984154 202.16394611727404 5.444999999999991
    vertex 34.546592709984154 202.16394611727404 6.244999999999991
  endloop
endfacet
facet normal 0.042971024470307005 -0.999076318934631 0.0
  outer loop
    vertex 34.427733755942945 202.04508716323284 6.244999999999991
    vertex 33.54342313787639 202.00705229793965 5.444999999999991
    vertex 34.427733755942945 202.04508716323284 5.444999999999991
  endloop
endfacet
facet normal 0.042971024470307005 -0.999076318934631 0.0
  outer loop
    vertex 33.54342313787639 202.00705229793965 5.444999999999991
    vertex 34.427733755942945 202.04508716323284 6.244999999999991
    vertex 33.54342313787639 202.00705229793965 6.244999999999991
  endloop
endfacet
facet normal -0.043437224276306925 -0.9990561583550597 0.0
  outer loop
    vertex 33.54342313787639 202.00705229793965 6.244999999999991
    vertex 32.66862123613312 202.04508716323284 5.444999999999991
    vertex 33.54342313787639 202.00705229793965 5.444999999999991
  endloop
endfacet
facet normal -0.043437224276306925 -0.9990561583550597 0.0
  outer loop
    vertex 32.66862123613312 202.04508716323284 5.444999999999991
    vertex 33.54342313787639 202.00705229793965 6.244999999999991
    vertex 32.66862123613312 202.04508716323284 6.244999999999991
  endloop
endfacet
facet normal -0.469349092964884 -0.88301270032375 0.0
  outer loop
    vertex 32.66862123613312 202.04508716323284 6.244999999999991
    vertex 32.53668779714739 202.11521394611714 5.444999999999991
    vertex 32.66862123613312 202.04508716323284 5.444999999999991
  endloop
endfacet
facet normal -0.469349092964884 -0.88301270032375 0.0
  outer loop
    vertex 32.53668779714739 202.11521394611714 5.444999999999991
    vertex 32.66862123613312 202.04508716323284 6.244999999999991
    vertex 32.53668779714739 202.11521394611714 6.244999999999991
  endloop
endfacet
facet normal -0.892946375487182 -0.4501630487993261 0.0
  outer loop
    vertex 32.464183835182254 202.259033280507 6.244999999999991
    vertex 32.53668779714739 202.11521394611714 5.444999999999991
    vertex 32.53668779714739 202.11521394611714 6.244999999999991
  endloop
endfacet
facet normal -0.892946375487182 -0.4501630487993261 0.0
  outer loop
    vertex 32.53668779714739 202.11521394611714 5.444999999999991
    vertex 32.464183835182254 202.259033280507 6.244999999999991
    vertex 32.464183835182254 202.259033280507 5.444999999999991
  endloop
endfacet
facet normal -0.964511592630569 -0.2640405038649252 0.0
  outer loop
    vertex 32.320364500792394 202.78438985736912 6.244999999999991
    vertex 32.464183835182254 202.259033280507 5.444999999999991
    vertex 32.464183835182254 202.259033280507 6.244999999999991
  endloop
endfacet
facet normal -0.964511592630569 -0.2640405038649252 0.0
  outer loop
    vertex 32.464183835182254 202.259033280507 5.444999999999991
    vertex 32.320364500792394 202.78438985736912 6.244999999999991
    vertex 32.320364500792394 202.78438985736912 5.444999999999991
  endloop
endfacet
facet normal -0.886130389063109 -0.46343600807324337 0.0
  outer loop
    vertex 32.2122028526149 202.99120443740082 6.244999999999991
    vertex 32.320364500792394 202.78438985736912 5.444999999999991
    vertex 32.320364500792394 202.78438985736912 6.244999999999991
  endloop
endfacet
facet normal -0.886130389063109 -0.46343600807324337 0.0
  outer loop
    vertex 32.320364500792394 202.78438985736912 5.444999999999991
    vertex 32.2122028526149 202.99120443740082 6.244999999999991
    vertex 32.2122028526149 202.99120443740082 5.444999999999991
  endloop
endfacet
facet normal -0.02611049790974875 -0.9996590628303756 0.0
  outer loop
    vertex 32.2122028526149 202.99120443740082 6.244999999999991
    vertex 30.938034865293186 203.02448494453236 5.444999999999991
    vertex 32.2122028526149 202.99120443740082 5.444999999999991
  endloop
endfacet
facet normal -0.02611049790974875 -0.9996590628303756 0.0
  outer loop
    vertex 30.938034865293186 203.02448494453236 5.444999999999991
    vertex 32.2122028526149 202.99120443740082 6.244999999999991
    vertex 30.938034865293186 203.02448494453236 6.244999999999991
  endloop
endfacet
facet normal 0.0496624008564539 -0.9987660616686836 0.0
  outer loop
    vertex 30.938034865293186 203.02448494453236 6.244999999999991
    vertex 30.077496038034866 202.98169572107753 5.444999999999991
    vertex 30.938034865293186 203.02448494453236 5.444999999999991
  endloop
endfacet
facet normal 0.0496624008564539 -0.9987660616686836 0.0
  outer loop
    vertex 30.077496038034866 202.98169572107753 5.444999999999991
    vertex 30.938034865293186 203.02448494453236 6.244999999999991
    vertex 30.077496038034866 202.98169572107753 6.244999999999991
  endloop
endfacet
facet normal 0.9423381776111392 -0.3346621565347911 0.0
  outer loop
    vertex 30.077496038034866 202.98169572107753 5.444999999999991
    vertex 29.896830427892237 202.47297939778116 6.244999999999991
    vertex 29.896830427892237 202.47297939778116 5.444999999999991
  endloop
endfacet
facet normal 0.9423381776111392 -0.3346621565347911 0.0
  outer loop
    vertex 29.896830427892237 202.47297939778116 6.244999999999991
    vertex 30.077496038034866 202.98169572107753 5.444999999999991
    vertex 30.077496038034866 202.98169572107753 6.244999999999991
  endloop
endfacet
facet normal 0.9501574640679955 -0.3117704178973305 0.0
  outer loop
    vertex 29.896830427892237 202.47297939778116 5.444999999999991
    vertex 29.79698890649762 202.16870047543568 6.244999999999991
    vertex 29.79698890649762 202.16870047543568 5.444999999999991
  endloop
endfacet
facet normal 0.9501574640679955 -0.3117704178973305 0.0
  outer loop
    vertex 29.79698890649762 202.16870047543568 6.244999999999991
    vertex 29.896830427892237 202.47297939778116 5.444999999999991
    vertex 29.896830427892237 202.47297939778116 6.244999999999991
  endloop
endfacet
facet normal 0.7208330649018754 -0.6931087162517644 0.0
  outer loop
    vertex 29.79698890649762 202.16870047543568 5.444999999999991
    vertex 29.678129952456423 202.04508716323284 6.244999999999991
    vertex 29.678129952456423 202.04508716323284 5.444999999999991
  endloop
endfacet
facet normal 0.7208330649018754 -0.6931087162517644 0.0
  outer loop
    vertex 29.678129952456423 202.04508716323284 6.244999999999991
    vertex 29.79698890649762 202.16870047543568 5.444999999999991
    vertex 29.79698890649762 202.16870047543568 6.244999999999991
  endloop
endfacet
facet normal 0.03506614013304445 -0.9993849937917668 0.0
  outer loop
    vertex 29.678129952456423 202.04508716323284 6.244999999999991
    vertex 28.594136291600634 202.00705229793965 5.444999999999991
    vertex 29.678129952456423 202.04508716323284 5.444999999999991
  endloop
endfacet
facet normal 0.03506614013304445 -0.9993849937917668 0.0
  outer loop
    vertex 28.594136291600634 202.00705229793965 5.444999999999991
    vertex 29.678129952456423 202.04508716323284 6.244999999999991
    vertex 28.594136291600634 202.00705229793965 6.244999999999991
  endloop
endfacet
facet normal -0.06305510101892446 -0.9980100471615972 0.0
  outer loop
    vertex 28.594136291600634 202.00705229793965 6.244999999999991
    vertex 28.048573692551507 202.0415213946116 5.444999999999991
    vertex 28.594136291600634 202.00705229793965 5.444999999999991
  endloop
endfacet
facet normal -0.06305510101892446 -0.9980100471615972 0.0
  outer loop
    vertex 28.048573692551507 202.0415213946116 5.444999999999991
    vertex 28.594136291600634 202.00705229793965 6.244999999999991
    vertex 28.048573692551507 202.0415213946116 6.244999999999991
  endloop
endfacet
facet normal -0.49430222448844313 -0.8692901189279543 0.0
  outer loop
    vertex 28.048573692551507 202.0415213946116 6.244999999999991
    vertex 27.866719492868462 202.14492868462744 5.444999999999991
    vertex 28.048573692551507 202.0415213946116 5.444999999999991
  endloop
endfacet
facet normal -0.49430222448844313 -0.8692901189279543 0.0
  outer loop
    vertex 27.866719492868462 202.14492868462744 5.444999999999991
    vertex 28.048573692551507 202.0415213946116 6.244999999999991
    vertex 27.866719492868462 202.14492868462744 6.244999999999991
  endloop
endfacet
facet normal -0.9427722281780577 0.3334374390739292 0.0
  outer loop
    vertex 28.94120443740095 205.18296354992063 6.244999999999991
    vertex 27.866719492868462 202.14492868462744 5.444999999999991
    vertex 27.866719492868462 202.14492868462744 6.244999999999991
  endloop
endfacet
facet normal -0.9427722281780577 0.3334374390739292 0.0
  outer loop
    vertex 27.866719492868462 202.14492868462744 5.444999999999991
    vertex 28.94120443740095 205.18296354992063 6.244999999999991
    vertex 28.94120443740095 205.18296354992063 5.444999999999991
  endloop
endfacet
facet normal -0.9394166094490581 0.34277752827633834 0.0
  outer loop
    vertex 30.20586370839937 208.64889064976217 6.244999999999991
    vertex 28.94120443740095 205.18296354992063 5.444999999999991
    vertex 28.94120443740095 205.18296354992063 6.244999999999991
  endloop
endfacet
facet normal -0.9394166094490581 0.34277752827633834 0.0
  outer loop
    vertex 28.94120443740095 205.18296354992063 5.444999999999991
    vertex 30.20586370839937 208.64889064976217 6.244999999999991
    vertex 30.20586370839937 208.64889064976217 5.444999999999991
  endloop
endfacet
facet normal -0.8050558373533782 0.5931990380498364 0.0
  outer loop
    vertex 30.338985736925515 208.8295562599048 6.244999999999991
    vertex 30.20586370839937 208.64889064976217 5.444999999999991
    vertex 30.20586370839937 208.64889064976217 6.244999999999991
  endloop
endfacet
facet normal -0.8050558373533782 0.5931990380498364 0.0
  outer loop
    vertex 30.20586370839937 208.64889064976217 5.444999999999991
    vertex 30.338985736925515 208.8295562599048 6.244999999999991
    vertex 30.338985736925515 208.8295562599048 5.444999999999991
  endloop
endfacet
facet normal 0.05977317277903319 0.9982119854098767 0.0
  outer loop
    vertex 30.338985736925515 208.8295562599048 6.244999999999991
    vertex 30.735974643423138 208.80578446909655 5.444999999999991
    vertex 30.338985736925515 208.8295562599048 5.444999999999991
  endloop
endfacet
facet normal 0.05977317277903319 0.9982119854098767 0.0
  outer loop
    vertex 30.735974643423138 208.80578446909655 5.444999999999991
    vertex 30.338985736925515 208.8295562599048 6.244999999999991
    vertex 30.735974643423138 208.80578446909655 6.244999999999991
  endloop
endfacet
facet normal 0.05906828075443399 0.9982539447498895 0.0
  outer loop
    vertex 30.735974643423138 208.80578446909655 6.244999999999991
    vertex 31.137717908082408 208.7820126782883 5.444999999999991
    vertex 30.735974643423138 208.80578446909655 5.444999999999991
  endloop
endfacet
facet normal 0.05906828075443399 0.9982539447498895 0.0
  outer loop
    vertex 31.137717908082408 208.7820126782883 5.444999999999991
    vertex 30.735974643423138 208.80578446909655 6.244999999999991
    vertex 31.137717908082408 208.7820126782883 6.244999999999991
  endloop
endfacet
facet normal -0.04398255405490066 0.9990322992470303 0.0
  outer loop
    vertex 31.137717908082408 208.7820126782883 6.244999999999991
    vertex 31.515689381933438 208.79865293185404 5.444999999999991
    vertex 31.137717908082408 208.7820126782883 5.444999999999991
  endloop
endfacet
facet normal -0.04398255405490066 0.9990322992470303 0.0
  outer loop
    vertex 31.515689381933438 208.79865293185404 5.444999999999991
    vertex 31.137717908082408 208.7820126782883 6.244999999999991
    vertex 31.515689381933438 208.79865293185404 6.244999999999991
  endloop
endfacet
facet normal -0.04454173675399072 0.9990075243395008 0.0
  outer loop
    vertex 31.515689381933438 208.79865293185404 6.244999999999991
    vertex 31.88890649762282 208.81529318541985 5.444999999999991
    vertex 31.515689381933438 208.79865293185404 5.444999999999991
  endloop
endfacet
facet normal -0.04454173675399072 0.9990075243395008 0.0
  outer loop
    vertex 31.88890649762282 208.81529318541985 5.444999999999991
    vertex 31.515689381933438 208.79865293185404 6.244999999999991
    vertex 31.88890649762282 208.81529318541985 6.244999999999991
  endloop
endfacet
facet normal 0.686012868689001 0.7275894061853069 0.0
  outer loop
    vertex 31.88890649762282 208.81529318541985 6.244999999999991
    vertex 32.05530903328051 208.65839936608546 5.444999999999991
    vertex 31.88890649762282 208.81529318541985 5.444999999999991
  endloop
endfacet
facet normal 0.686012868689001 0.7275894061853069 0.0
  outer loop
    vertex 32.05530903328051 208.65839936608546 5.444999999999991
    vertex 31.88890649762282 208.81529318541985 6.244999999999991
    vertex 32.05530903328051 208.65839936608546 6.244999999999991
  endloop
endfacet
facet normal 0.9293642193286177 0.36916412045553537 0.0
  outer loop
    vertex 32.05530903328051 208.65839936608546 5.444999999999991
    vertex 33.41505546751189 205.23526148969876 6.244999999999991
    vertex 33.41505546751189 205.23526148969876 5.444999999999991
  endloop
endfacet
facet normal 0.9293642193286177 0.36916412045553537 0.0
  outer loop
    vertex 33.41505546751189 205.23526148969876 6.244999999999991
    vertex 32.05530903328051 208.65839936608546 5.444999999999991
    vertex 32.05530903328051 208.65839936608546 6.244999999999991
  endloop
endfacet
facet normal 0.9383431168171107 0.3457053588273548 0.0
  outer loop
    vertex 33.41505546751189 205.23526148969876 5.444999999999991
    vertex 34.546592709984154 202.16394611727404 6.244999999999991
    vertex 34.546592709984154 202.16394611727404 5.444999999999991
  endloop
endfacet
facet normal 0.9383431168171107 0.3457053588273548 0.0
  outer loop
    vertex 34.546592709984154 202.16394611727404 6.244999999999991
    vertex 33.41505546751189 205.23526148969876 5.444999999999991
    vertex 33.41505546751189 205.23526148969876 6.244999999999991
  endloop
endfacet
facet normal 0.93733370793687 -0.3484329490236518 0.0
  outer loop
    vertex 31.175752773375596 206.49516640253552 5.444999999999991
    vertex 30.838193343898574 205.5870839936607 6.244999999999991
    vertex 30.838193343898574 205.5870839936607 5.444999999999991
  endloop
endfacet
facet normal 0.93733370793687 -0.3484329490236518 0.0
  outer loop
    vertex 30.838193343898574 205.5870839936607 6.244999999999991
    vertex 31.175752773375596 206.49516640253552 5.444999999999991
    vertex 31.175752773375596 206.49516640253552 6.244999999999991
  endloop
endfacet
facet normal 0.9591147545964184 -0.2830174685694373 0.0
  outer loop
    vertex 30.838193343898574 205.5870839936607 5.444999999999991
    vertex 30.581458003169573 204.7170364500791 6.244999999999991
    vertex 30.581458003169573 204.7170364500791 5.444999999999991
  endloop
endfacet
facet normal 0.9591147545964184 -0.2830174685694373 0.0
  outer loop
    vertex 30.581458003169573 204.7170364500791 6.244999999999991
    vertex 30.838193343898574 205.5870839936607 5.444999999999991
    vertex 30.838193343898574 205.5870839936607 6.244999999999991
  endloop
endfacet
facet normal 0.6823182503599987 0.7310552682428806 0.0
  outer loop
    vertex 30.581458003169573 204.7170364500791 6.244999999999991
    vertex 30.652773375594297 204.65047543581602 5.444999999999991
    vertex 30.581458003169573 204.7170364500791 5.444999999999991
  endloop
endfacet
facet normal 0.6823182503599987 0.7310552682428806 0.0
  outer loop
    vertex 30.652773375594297 204.65047543581602 5.444999999999991
    vertex 30.581458003169573 204.7170364500791 6.244999999999991
    vertex 30.652773375594297 204.65047543581602 6.244999999999991
  endloop
endfacet
facet normal 0.13216372009101904 0.9912279006826346 0.0
  outer loop
    vertex 30.652773375594297 204.65047543581602 6.244999999999991
    vertex 30.866719492868462 204.62194928684613 5.444999999999991
    vertex 30.652773375594297 204.65047543581602 5.444999999999991
  endloop
endfacet
facet normal 0.13216372009101904 0.9912279006826346 0.0
  outer loop
    vertex 30.866719492868462 204.62194928684613 5.444999999999991
    vertex 30.652773375594297 204.65047543581602 6.244999999999991
    vertex 30.866719492868462 204.62194928684613 6.244999999999991
  endloop
endfacet
facet normal 0.019604074934445437 0.9998078216567247 0.0
  outer loop
    vertex 30.866719492868462 204.62194928684613 6.244999999999991
    vertex 31.351664025356577 204.61244057052286 5.444999999999991
    vertex 30.866719492868462 204.62194928684613 5.444999999999991
  endloop
endfacet
facet normal 0.019604074934445437 0.9998078216567247 0.0
  outer loop
    vertex 31.351664025356577 204.61244057052286 5.444999999999991
    vertex 30.866719492868462 204.62194928684613 6.244999999999991
    vertex 31.351664025356577 204.61244057052286 6.244999999999991
  endloop
endfacet
facet normal -0.2140959214070043 0.976812641419472 0.0
  outer loop
    vertex 31.351664025356577 204.61244057052286 6.244999999999991
    vertex 31.698732171156898 204.68851030110923 5.444999999999991
    vertex 31.351664025356577 204.61244057052286 5.444999999999991
  endloop
endfacet
facet normal -0.2140959214070043 0.976812641419472 0.0
  outer loop
    vertex 31.698732171156898 204.68851030110923 5.444999999999991
    vertex 31.351664025356577 204.61244057052286 6.244999999999991
    vertex 31.698732171156898 204.68851030110923 6.244999999999991
  endloop
endfacet
facet normal -0.9899494936611682 0.14142135623729776 0.0
  outer loop
    vertex 31.708240887480194 204.7550713153723 6.244999999999991
    vertex 31.698732171156898 204.68851030110923 5.444999999999991
    vertex 31.698732171156898 204.68851030110923 6.244999999999991
  endloop
endfacet
facet normal -0.9899494936611682 0.14142135623729776 0.0
  outer loop
    vertex 31.698732171156898 204.68851030110923 5.444999999999991
    vertex 31.708240887480194 204.7550713153723 6.244999999999991
    vertex 31.708240887480194 204.7550713153723 5.444999999999991
  endloop
endfacet
facet normal -0.9695125564162671 -0.2450416351381831 0.0
  outer loop
    vertex 31.489540412044374 205.62036450079225 6.244999999999991
    vertex 31.708240887480194 204.7550713153723 5.444999999999991
    vertex 31.708240887480194 204.7550713153723 6.244999999999991
  endloop
endfacet
facet normal -0.9695125564162671 -0.2450416351381831 0.0
  outer loop
    vertex 31.708240887480194 204.7550713153723 5.444999999999991
    vertex 31.489540412044374 205.62036450079225 6.244999999999991
    vertex 31.489540412044374 205.62036450079225 5.444999999999991
  endloop
endfacet
facet normal -0.941278065464533 -0.33763234956879745 0.0
  outer loop
    vertex 31.175752773375596 206.49516640253552 6.244999999999991
    vertex 31.489540412044374 205.62036450079225 5.444999999999991
    vertex 31.489540412044374 205.62036450079225 6.244999999999991
  endloop
endfacet
facet normal -0.941278065464533 -0.33763234956879745 0.0
  outer loop
    vertex 31.489540412044374 205.62036450079225 5.444999999999991
    vertex 31.175752773375596 206.49516640253552 6.244999999999991
    vertex 31.175752773375596 206.49516640253552 5.444999999999991
  endloop
endfacet
facet normal 0.0 0.0 1.0
  outer loop
    vertex 37.48716323296355 202.07599049128353 6.244999999999991
    vertex 37.51568938193344 203.7400158478604 6.244999999999991
    vertex 37.46576862123614 202.18296354992063 6.244999999999991
  endloop
endfacet
facet normal 0.0 0.0 1.0
  outer loop
    vertex 37.51568938193344 203.7400158478604 6.244999999999991
    vertex 37.48716323296355 202.07599049128353 6.244999999999991
    vertex 37.60364500792393 202.04508716323284 6.244999999999991
  endloop
endfacet
facet normal 0.0 0.0 1.0
  outer loop
    vertex 37.51568938193344 203.7400158478604 6.244999999999991
    vertex 37.60364500792393 202.04508716323284 6.244999999999991
    vertex 37.565610142630746 205.29706814580018 6.244999999999991
  endloop
endfacet
facet normal 0.0 0.0 1.0
  outer loop
    vertex 37.47527733755943 208.53954041204426 6.244999999999991
    vertex 37.518066561014265 208.691679873217 6.244999999999991
    vertex 37.47052297939778 208.62036450079225 6.244999999999991
  endloop
endfacet
facet normal 0.0 0.0 1.0
  outer loop
    vertex 37.518066561014265 208.691679873217 6.244999999999991
    vertex 37.47527733755943 208.53954041204426 6.244999999999991
    vertex 37.518066561014265 207.36521394611717 6.244999999999991
  endloop
endfacet
facet normal 0.0 0.0 1.0
  outer loop
    vertex 37.518066561014265 208.691679873217 6.244999999999991
    vertex 37.518066561014265 207.36521394611717 6.244999999999991
    vertex 37.565610142630746 205.29706814580018 6.244999999999991
  endloop
endfacet
facet normal 0.0 0.0 1.0
  outer loop
    vertex 37.518066561014265 208.691679873217 6.244999999999991
    vertex 37.565610142630746 205.29706814580018 6.244999999999991
    vertex 37.670206022187 208.7154516640252 6.244999999999991
  endloop
endfacet
facet normal 0.0 0.0 1.0
  outer loop
    vertex 37.670206022187 208.7154516640252 6.244999999999991
    vertex 37.565610142630746 205.29706814580018 6.244999999999991
    vertex 37.60364500792393 202.04508716323284 6.244999999999991
  endloop
endfacet
facet normal 0.0 0.0 1.0
  outer loop
    vertex 37.670206022187 208.7154516640252 6.244999999999991
    vertex 37.60364500792393 202.04508716323284 6.244999999999991
    vertex 39.191600633914426 202.04508716323284 6.244999999999991
  endloop
endfacet
facet normal 0.0 0.0 1.0
  outer loop
    vertex 37.670206022187 208.7154516640252 6.244999999999991
    vertex 39.191600633914426 202.04508716323284 6.244999999999991
    vertex 38.45467511885896 208.732091917591 6.244999999999991
  endloop
endfacet
facet normal 0.0 0.0 1.0
  outer loop
    vertex 38.45467511885896 208.732091917591 6.244999999999991
    vertex 39.191600633914426 202.04508716323284 6.244999999999991
    vertex 39.23914421553091 208.74873217115675 6.244999999999991
  endloop
endfacet
facet normal 0.0 0.0 1.0
  outer loop
    vertex 39.23914421553091 208.74873217115675 6.244999999999991
    vertex 39.191600633914426 202.04508716323284 6.244999999999991
    vertex 39.29144215530903 202.08668779714725 6.244999999999991
  endloop
endfacet
facet normal 0.0 0.0 1.0
  outer loop
    vertex 39.23914421553091 208.74873217115675 6.244999999999991
    vertex 39.29144215530903 202.08668779714725 6.244999999999991
    vertex 39.27717908082409 205.00705229793962 6.244999999999991
  endloop
endfacet
facet normal 0.0 0.0 1.0
  outer loop
    vertex 39.27717908082409 205.00705229793962 6.244999999999991
    vertex 39.29144215530903 202.08668779714725 6.244999999999991
    vertex 39.30095087163233 203.6092709984151 6.244999999999991
  endloop
endfacet
facet normal 0.0 0.0 1.0
  outer loop
    vertex 39.30095087163233 203.6092709984151 6.244999999999991
    vertex 39.29144215530903 202.08668779714725 6.244999999999991
    vertex 39.32472266244057 202.21148969889052 6.244999999999991
  endloop
endfacet
facet normal 0.0 0.0 1.0
  outer loop
    vertex 44.52004754358162 202.0819334389856 6.244999999999991
    vertex 44.4689381933439 205.29706814580018 6.244999999999991
    vertex 44.41664025356577 202.04508716323284 6.244999999999991
  endloop
endfacet
facet normal 0.0 0.0 1.0
  outer loop
    vertex 44.4689381933439 205.29706814580018 6.244999999999991
    vertex 44.52004754358162 202.0819334389856 6.244999999999991
    vertex 44.511727416798735 203.74239302694122 6.244999999999991
  endloop
endfacet
facet normal 0.0 0.0 1.0
  outer loop
    vertex 44.511727416798735 203.74239302694122 6.244999999999991
    vertex 44.52004754358162 202.0819334389856 6.244999999999991
    vertex 44.55451664025357 202.19247226624393 6.244999999999991
  endloop
endfacet
facet normal 0.0 0.0 1.0
  outer loop
    vertex 42.630190174326465 202.08668779714725 6.244999999999991
    vertex 42.631378763866884 203.6520602218699 6.244999999999991
    vertex 42.59572107765452 202.21148969889052 6.244999999999991
  endloop
endfacet
facet normal 0.0 0.0 1.0
  outer loop
    vertex 42.631378763866884 203.6520602218699 6.244999999999991
    vertex 42.630190174326465 202.08668779714725 6.244999999999991
    vertex 42.73359746434232 202.04508716323284 6.244999999999991
  endloop
endfacet
facet normal 0.0 0.0 1.0
  outer loop
    vertex 42.631378763866884 203.6520602218699 6.244999999999991
    vertex 42.73359746434232 202.04508716323284 6.244999999999991
    vertex 42.667036450079245 205.09263074484932 6.244999999999991
  endloop
endfacet
facet normal 0.0 0.0 1.0
  outer loop
    vertex 42.667036450079245 205.09263074484932 6.244999999999991
    vertex 42.73359746434232 202.04508716323284 6.244999999999991
    vertex 42.667036450079245 208.55855784469082 6.244999999999991
  endloop
endfacet
facet normal 0.0 0.0 1.0
  outer loop
    vertex 42.667036450079245 208.55855784469082 6.244999999999991
    vertex 42.73359746434232 202.04508716323284 6.244999999999991
    vertex 42.7514263074485 208.69762282091907 6.244999999999991
  endloop
endfacet
facet normal 0.0 0.0 1.0
  outer loop
    vertex 42.7514263074485 208.69762282091907 6.244999999999991
    vertex 42.73359746434232 202.04508716323284 6.244999999999991
    vertex 44.41664025356577 202.04508716323284 6.244999999999991
  endloop
endfacet
facet normal 0.0 0.0 1.0
  outer loop
    vertex 42.7514263074485 208.69762282091907 6.244999999999991
    vertex 44.41664025356577 202.04508716323284 6.244999999999991
    vertex 42.84294770206023 208.7439778129951 6.244999999999991
  endloop
endfacet
facet normal 0.0 0.0 1.0
  outer loop
    vertex 42.84294770206023 208.7439778129951 6.244999999999991
    vertex 44.41664025356577 202.04508716323284 6.244999999999991
    vertex 43.25895404120443 208.72971473851015 6.244999999999991
  endloop
endfacet
facet normal 0.0 0.0 1.0
  outer loop
    vertex 43.25895404120443 208.72971473851015 6.244999999999991
    vertex 44.41664025356577 202.04508716323284 6.244999999999991
    vertex 43.679714738510306 208.7154516640252 6.244999999999991
  endloop
endfacet
facet normal 0.0 0.0 1.0
  outer loop
    vertex 43.679714738510306 208.7154516640252 6.244999999999991
    vertex 44.41664025356577 202.04508716323284 6.244999999999991
    vertex 44.043423137876395 208.73922345483348 6.244999999999991
  endloop
endfacet
facet normal 0.0 0.0 1.0
  outer loop
    vertex 44.043423137876395 208.73922345483348 6.244999999999991
    vertex 44.41664025356577 202.04508716323284 6.244999999999991
    vertex 44.40713153724247 208.7629952456417 6.244999999999991
  endloop
endfacet
facet normal 0.0 0.0 1.0
  outer loop
    vertex 44.40713153724247 208.7629952456417 6.244999999999991
    vertex 44.41664025356577 202.04508716323284 6.244999999999991
    vertex 44.51410459587956 208.7344690966718 6.244999999999991
  endloop
endfacet
facet normal 0.0 0.0 1.0
  outer loop
    vertex 44.51410459587956 208.7344690966718 6.244999999999991
    vertex 44.41664025356577 202.04508716323284 6.244999999999991
    vertex 44.4689381933439 205.29706814580018 6.244999999999991
  endloop
endfacet
facet normal 0.0 0.0 1.0
  outer loop
    vertex 44.51410459587956 208.7344690966718 6.244999999999991
    vertex 44.4689381933439 205.29706814580018 6.244999999999991
    vertex 44.50935023771791 206.97297939778116 6.244999999999991
  endloop
endfacet
facet normal 0.0 0.0 1.0
  outer loop
    vertex 44.51410459587956 208.7344690966718 6.244999999999991
    vertex 44.50935023771791 206.97297939778116 6.244999999999991
    vertex 44.54976228209192 208.64889064976217 6.244999999999991
  endloop
endfacet
facet normal 0.0 0.0 1.0
  outer loop
    vertex 39.27717908082409 205.00705229793962 6.244999999999991
    vertex 39.386529318541996 208.54904912836753 6.244999999999991
    vertex 39.23914421553091 208.74873217115675 6.244999999999991
  endloop
endfacet
facet normal 0.0 0.0 1.0
  outer loop
    vertex 39.386529318541996 208.54904912836753 6.244999999999991
    vertex 39.27717908082409 205.00705229793962 6.244999999999991
    vertex 39.31045958795563 205.14492868462744 6.244999999999991
  endloop
endfacet
facet normal 0.0 0.0 1.0
  outer loop
    vertex 39.386529318541996 208.54904912836753 6.244999999999991
    vertex 39.31045958795563 205.14492868462744 6.244999999999991
    vertex 39.35324881141046 205.09263074484932 6.244999999999991
  endloop
endfacet
facet normal 0.0 0.0 1.0
  outer loop
    vertex 39.386529318541996 208.54904912836753 6.244999999999991
    vertex 39.35324881141046 205.09263074484932 6.244999999999991
    vertex 40.023613312202855 203.56648177496027 6.244999999999991
  endloop
endfacet
facet normal 0.0 0.0 1.0
  outer loop
    vertex 39.386529318541996 208.54904912836753 6.244999999999991
    vertex 40.023613312202855 203.56648177496027 6.244999999999991
    vertex 40.77480190174327 205.50150554675108 6.244999999999991
  endloop
endfacet
facet normal 0.0 0.0 1.0
  outer loop
    vertex 40.77480190174327 205.50150554675108 6.244999999999991
    vertex 40.023613312202855 203.56648177496027 6.244999999999991
    vertex 40.69873217115689 202.04508716323284 6.244999999999991
  endloop
endfacet
facet normal 0.0 0.0 1.0
  outer loop
    vertex 40.77480190174327 205.50150554675108 6.244999999999991
    vertex 40.69873217115689 202.04508716323284 6.244999999999991
    vertex 40.79619651347068 201.97377179080812 6.244999999999991
  endloop
endfacet
facet normal 0.0 0.0 1.0
  outer loop
    vertex 40.77480190174327 205.50150554675108 6.244999999999991
    vertex 40.79619651347068 201.97377179080812 6.244999999999991
    vertex 40.910301109350236 205.2697305863707 6.244999999999991
  endloop
endfacet
facet normal 0.0 0.0 1.0
  outer loop
    vertex 40.910301109350236 205.2697305863707 6.244999999999991
    vertex 40.79619651347068 201.97377179080812 6.244999999999991
    vertex 40.993502377179084 201.94999999999987 6.244999999999991
  endloop
endfacet
facet normal 0.0 0.0 1.0
  outer loop
    vertex 40.910301109350236 205.2697305863707 6.244999999999991
    vertex 40.993502377179084 201.94999999999987 6.244999999999991
    vertex 41.02202852614897 205.19247226624395 6.244999999999991
  endloop
endfacet
facet normal 0.0 0.0 1.0
  outer loop
    vertex 41.02202852614897 205.19247226624395 6.244999999999991
    vertex 40.993502377179084 201.94999999999987 6.244999999999991
    vertex 41.183676703645006 201.9547543581615 6.244999999999991
  endloop
endfacet
facet normal 0.0 0.0 1.0
  outer loop
    vertex 41.02202852614897 205.19247226624395 6.244999999999991
    vertex 41.183676703645006 201.9547543581615 6.244999999999991
    vertex 41.24548335974644 205.54904912836756 6.244999999999991
  endloop
endfacet
facet normal 0.0 0.0 1.0
  outer loop
    vertex 41.24548335974644 205.54904912836756 6.244999999999991
    vertex 41.183676703645006 201.9547543581615 6.244999999999991
    vertex 41.302535657686214 202.08312202852602 6.244999999999991
  endloop
endfacet
facet normal 0.0 0.0 1.0
  outer loop
    vertex 41.24548335974644 205.54904912836756 6.244999999999991
    vertex 41.302535657686214 202.08312202852602 6.244999999999991
    vertex 42.667036450079245 208.55855784469082 6.244999999999991
  endloop
endfacet
facet normal 0.0 0.0 1.0
  outer loop
    vertex 42.667036450079245 208.55855784469082 6.244999999999991
    vertex 41.302535657686214 202.08312202852602 6.244999999999991
    vertex 41.98716323296355 203.77091917591113 6.244999999999991
  endloop
endfacet
facet normal 0.0 0.0 1.0
  outer loop
    vertex 42.667036450079245 208.55855784469082 6.244999999999991
    vertex 41.98716323296355 203.77091917591113 6.244999999999991
    vertex 42.62424722662441 205.24001584786043 6.244999999999991
  endloop
endfacet
facet normal 0.0 0.0 1.0
  outer loop
    vertex 42.667036450079245 208.55855784469082 6.244999999999991
    vertex 42.62424722662441 205.24001584786043 6.244999999999991
    vertex 42.667036450079245 205.09263074484932 6.244999999999991
  endloop
endfacet
facet normal 0.9546624536565159 -0.2976904425380844 0.0
  outer loop
    vertex 44.55451664025357 202.19247226624393 5.444999999999991
    vertex 44.52004754358162 202.0819334389856 6.244999999999991
    vertex 44.52004754358162 202.0819334389856 5.444999999999991
  endloop
endfacet
facet normal 0.9546624536565159 -0.2976904425380844 0.0
  outer loop
    vertex 44.52004754358162 202.0819334389856 6.244999999999991
    vertex 44.55451664025357 202.19247226624393 5.444999999999991
    vertex 44.55451664025357 202.19247226624393 6.244999999999991
  endloop
endfacet
facet normal 0.33565040708987937 -0.9419866263490148 0.0
  outer loop
    vertex 44.52004754358162 202.0819334389856 6.244999999999991
    vertex 44.41664025356577 202.04508716323284 5.444999999999991
    vertex 44.52004754358162 202.0819334389856 5.444999999999991
  endloop
endfacet
facet normal 0.33565040708987937 -0.9419866263490148 0.0
  outer loop
    vertex 44.41664025356577 202.04508716323284 5.444999999999991
    vertex 44.52004754358162 202.0819334389856 6.244999999999991
    vertex 44.41664025356577 202.04508716323284 6.244999999999991
  endloop
endfacet
facet normal 0.0 -1.0 0.0
  outer loop
    vertex 44.41664025356577 202.04508716323284 6.244999999999991
    vertex 42.73359746434232 202.04508716323284 5.444999999999991
    vertex 44.41664025356577 202.04508716323284 5.444999999999991
  endloop
endfacet
facet normal 0.0 -1.0 0.0
  outer loop
    vertex 42.73359746434232 202.04508716323284 5.444999999999991
    vertex 44.41664025356577 202.04508716323284 6.244999999999991
    vertex 42.73359746434232 202.04508716323284 6.244999999999991
  endloop
endfacet
facet normal -0.37322851231065496 -0.9277394448865347 0.0
  outer loop
    vertex 42.73359746434232 202.04508716323284 6.244999999999991
    vertex 42.630190174326465 202.08668779714725 5.444999999999991
    vertex 42.73359746434232 202.04508716323284 5.444999999999991
  endloop
endfacet
facet normal -0.37322851231065496 -0.9277394448865347 0.0
  outer loop
    vertex 42.630190174326465 202.08668779714725 5.444999999999991
    vertex 42.73359746434232 202.04508716323284 6.244999999999991
    vertex 42.630190174326465 202.08668779714725 6.244999999999991
  endloop
endfacet
facet normal -0.9639114231891854 -0.26622315497604515 0.0
  outer loop
    vertex 42.59572107765452 202.21148969889052 6.244999999999991
    vertex 42.630190174326465 202.08668779714725 5.444999999999991
    vertex 42.630190174326465 202.08668779714725 6.244999999999991
  endloop
endfacet
facet normal -0.9639114231891854 -0.26622315497604515 0.0
  outer loop
    vertex 42.630190174326465 202.08668779714725 5.444999999999991
    vertex 42.59572107765452 202.21148969889052 6.244999999999991
    vertex 42.59572107765452 202.21148969889052 5.444999999999991
  endloop
endfacet
facet normal -0.9996937981813317 0.024744895994588376 0.0
  outer loop
    vertex 42.631378763866884 203.6520602218699 6.244999999999991
    vertex 42.59572107765452 202.21148969889052 5.444999999999991
    vertex 42.59572107765452 202.21148969889052 6.244999999999991
  endloop
endfacet
facet normal -0.9996937981813317 0.024744895994588376 0.0
  outer loop
    vertex 42.59572107765452 202.21148969889052 5.444999999999991
    vertex 42.631378763866884 203.6520602218699 6.244999999999991
    vertex 42.631378763866884 203.6520602218699 5.444999999999991
  endloop
endfacet
facet normal -0.9996937981813316 0.02474489599458838 0.0
  outer loop
    vertex 42.667036450079245 205.09263074484932 6.244999999999991
    vertex 42.631378763866884 203.6520602218699 5.444999999999991
    vertex 42.631378763866884 203.6520602218699 6.244999999999991
  endloop
endfacet
facet normal -0.9996937981813316 0.02474489599458838 0.0
  outer loop
    vertex 42.631378763866884 203.6520602218699 5.444999999999991
    vertex 42.667036450079245 205.09263074484932 6.244999999999991
    vertex 42.667036450079245 205.09263074484932 5.444999999999991
  endloop
endfacet
facet normal -0.9603462267536254 -0.2788101948639514 0.0
  outer loop
    vertex 42.62424722662441 205.24001584786043 6.244999999999991
    vertex 42.667036450079245 205.09263074484932 5.444999999999991
    vertex 42.667036450079245 205.09263074484932 6.244999999999991
  endloop
endfacet
facet normal -0.9603462267536254 -0.2788101948639514 0.0
  outer loop
    vertex 42.667036450079245 205.09263074484932 5.444999999999991
    vertex 42.62424722662441 205.24001584786043 6.244999999999991
    vertex 42.62424722662441 205.24001584786043 5.444999999999991
  endloop
endfacet
facet normal 0.9174472710397424 -0.39785739261917613 0.0
  outer loop
    vertex 42.62424722662441 205.24001584786043 5.444999999999991
    vertex 41.98716323296355 203.77091917591113 6.244999999999991
    vertex 41.98716323296355 203.77091917591113 5.444999999999991
  endloop
endfacet
facet normal 0.9174472710397424 -0.39785739261917613 0.0
  outer loop
    vertex 41.98716323296355 203.77091917591113 6.244999999999991
    vertex 42.62424722662441 205.24001584786043 5.444999999999991
    vertex 42.62424722662441 205.24001584786043 6.244999999999991
  endloop
endfacet
facet normal 0.9266655586474644 -0.37588687449362035 0.0
  outer loop
    vertex 41.98716323296355 203.77091917591113 5.444999999999991
    vertex 41.302535657686214 202.08312202852602 6.244999999999991
    vertex 41.302535657686214 202.08312202852602 5.444999999999991
  endloop
endfacet
facet normal 0.9266655586474644 -0.37588687449362035 0.0
  outer loop
    vertex 41.302535657686214 202.08312202852602 6.244999999999991
    vertex 41.98716323296355 203.77091917591113 5.444999999999991
    vertex 41.98716323296355 203.77091917591113 6.244999999999991
  endloop
endfacet
facet normal 0.7337606740181563 -0.6794080314983193 0.0
  outer loop
    vertex 41.302535657686214 202.08312202852602 5.444999999999991
    vertex 41.183676703645006 201.9547543581615 6.244999999999991
    vertex 41.183676703645006 201.9547543581615 5.444999999999991
  endloop
endfacet
facet normal 0.7337606740181563 -0.6794080314983193 0.0
  outer loop
    vertex 41.183676703645006 201.9547543581615 6.244999999999991
    vertex 41.302535657686214 202.08312202852602 5.444999999999991
    vertex 41.302535657686214 202.08312202852602 6.244999999999991
  endloop
endfacet
facet normal 0.024992191160203438 -0.9996876464081227 0.0
  outer loop
    vertex 41.183676703645006 201.9547543581615 6.244999999999991
    vertex 40.993502377179084 201.94999999999987 5.444999999999991
    vertex 41.183676703645006 201.9547543581615 5.444999999999991
  endloop
endfacet
facet normal 0.024992191160203438 -0.9996876464081227 0.0
  outer loop
    vertex 40.993502377179084 201.94999999999987 5.444999999999991
    vertex 41.183676703645006 201.9547543581615 6.244999999999991
    vertex 40.993502377179084 201.94999999999987 6.244999999999991
  endloop
endfacet
facet normal -0.11961688257849061 -0.9928201254014765 0.0
  outer loop
    vertex 40.993502377179084 201.94999999999987 6.244999999999991
    vertex 40.79619651347068 201.97377179080812 5.444999999999991
    vertex 40.993502377179084 201.94999999999987 5.444999999999991
  endloop
endfacet
facet normal -0.11961688257849061 -0.9928201254014765 0.0
  outer loop
    vertex 40.79619651347068 201.97377179080812 5.444999999999991
    vertex 40.993502377179084 201.94999999999987 6.244999999999991
    vertex 40.79619651347068 201.97377179080812 6.244999999999991
  endloop
endfacet
facet normal -0.5905099943841994 -0.8070303256584431 0.0
  outer loop
    vertex 40.79619651347068 201.97377179080812 6.244999999999991
    vertex 40.69873217115689 202.04508716323284 5.444999999999991
    vertex 40.79619651347068 201.97377179080812 5.444999999999991
  endloop
endfacet
facet normal -0.5905099943841994 -0.8070303256584431 0.0
  outer loop
    vertex 40.69873217115689 202.04508716323284 5.444999999999991
    vertex 40.79619651347068 201.97377179080812 6.244999999999991
    vertex 40.69873217115689 202.04508716323284 6.244999999999991
  endloop
endfacet
facet normal -0.9140469740096115 -0.4056083447167631 0.0
  outer loop
    vertex 40.023613312202855 203.56648177496027 6.244999999999991
    vertex 40.69873217115689 202.04508716323284 5.444999999999991
    vertex 40.69873217115689 202.04508716323284 6.244999999999991
  endloop
endfacet
facet normal -0.9140469740096115 -0.4056083447167631 0.0
  outer loop
    vertex 40.69873217115689 202.04508716323284 5.444999999999991
    vertex 40.023613312202855 203.56648177496027 6.244999999999991
    vertex 40.023613312202855 203.56648177496027 5.444999999999991
  endloop
endfacet
facet normal -0.9155671951937343 -0.4021650296645377 0.0
  outer loop
    vertex 39.35324881141046 205.09263074484932 6.244999999999991
    vertex 40.023613312202855 203.56648177496027 5.444999999999991
    vertex 40.023613312202855 203.56648177496027 6.244999999999991
  endloop
endfacet
facet normal -0.9155671951937343 -0.4021650296645377 0.0
  outer loop
    vertex 40.023613312202855 203.56648177496027 5.444999999999991
    vertex 39.35324881141046 205.09263074484932 6.244999999999991
    vertex 39.35324881141046 205.09263074484932 5.444999999999991
  endloop
endfacet
facet normal -0.7739572992033258 -0.633237790257257 0.0
  outer loop
    vertex 39.31045958795563 205.14492868462744 6.244999999999991
    vertex 39.35324881141046 205.09263074484932 5.444999999999991
    vertex 39.35324881141046 205.09263074484932 6.244999999999991
  endloop
endfacet
facet normal -0.7739572992033258 -0.633237790257257 0.0
  outer loop
    vertex 39.35324881141046 205.09263074484932 5.444999999999991
    vertex 39.31045958795563 205.14492868462744 6.244999999999991
    vertex 39.31045958795563 205.14492868462744 5.444999999999991
  endloop
endfacet
facet normal 0.9720822085732868 -0.2346405331038975 0.0
  outer loop
    vertex 39.31045958795563 205.14492868462744 5.444999999999991
    vertex 39.27717908082409 205.00705229793962 6.244999999999991
    vertex 39.27717908082409 205.00705229793962 5.444999999999991
  endloop
endfacet
facet normal 0.9720822085732868 -0.2346405331038975 0.0
  outer loop
    vertex 39.27717908082409 205.00705229793962 6.244999999999991
    vertex 39.31045958795563 205.14492868462744 5.444999999999991
    vertex 39.31045958795563 205.14492868462744 6.244999999999991
  endloop
endfacet
facet normal 0.9998554156935815 0.017004343804313274 0.0
  outer loop
    vertex 39.27717908082409 205.00705229793962 5.444999999999991
    vertex 39.30095087163233 203.6092709984151 6.244999999999991
    vertex 39.30095087163233 203.6092709984151 5.444999999999991
  endloop
endfacet
facet normal 0.9998554156935815 0.017004343804313274 0.0
  outer loop
    vertex 39.30095087163233 203.6092709984151 6.244999999999991
    vertex 39.27717908082409 205.00705229793962 5.444999999999991
    vertex 39.27717908082409 205.00705229793962 6.244999999999991
  endloop
endfacet
facet normal 0.9998554156935816 0.01700434380431327 0.0
  outer loop
    vertex 39.30095087163233 203.6092709984151 5.444999999999991
    vertex 39.32472266244057 202.21148969889052 6.244999999999991
    vertex 39.32472266244057 202.21148969889052 5.444999999999991
  endloop
endfacet
facet normal 0.9998554156935816 0.01700434380431327 0.0
  outer loop
    vertex 39.32472266244057 202.21148969889052 6.244999999999991
    vertex 39.30095087163233 203.6092709984151 5.444999999999991
    vertex 39.30095087163233 203.6092709984151 6.244999999999991
  endloop
endfacet
facet normal 0.9662349396012352 -0.2576626505603745 0.0
  outer loop
    vertex 39.32472266244057 202.21148969889052 5.444999999999991
    vertex 39.29144215530903 202.08668779714725 6.244999999999991
    vertex 39.29144215530903 202.08668779714725 5.444999999999991
  endloop
endfacet
facet normal 0.9662349396012352 -0.2576626505603745 0.0
  outer loop
    vertex 39.29144215530903 202.08668779714725 6.244999999999991
    vertex 39.32472266244057 202.21148969889052 5.444999999999991
    vertex 39.32472266244057 202.21148969889052 6.244999999999991
  endloop
endfacet
facet normal 0.3846153846154004 -0.9230769230769166 0.0
  outer loop
    vertex 39.29144215530903 202.08668779714725 6.244999999999991
    vertex 39.191600633914426 202.04508716323284 5.444999999999991
    vertex 39.29144215530903 202.08668779714725 5.444999999999991
  endloop
endfacet
facet normal 0.3846153846154004 -0.9230769230769166 0.0
  outer loop
    vertex 39.191600633914426 202.04508716323284 5.444999999999991
    vertex 39.29144215530903 202.08668779714725 6.244999999999991
    vertex 39.191600633914426 202.04508716323284 6.244999999999991
  endloop
endfacet
facet normal 0.0 -1.0 0.0
  outer loop
    vertex 39.191600633914426 202.04508716323284 6.244999999999991
    vertex 37.60364500792393 202.04508716323284 5.444999999999991
    vertex 39.191600633914426 202.04508716323284 5.444999999999991
  endloop
endfacet
facet normal 0.0 -1.0 0.0
  outer loop
    vertex 37.60364500792393 202.04508716323284 5.444999999999991
    vertex 39.191600633914426 202.04508716323284 6.244999999999991
    vertex 37.60364500792393 202.04508716323284 6.244999999999991
  endloop
endfacet
facet normal -0.2564346990245579 -0.9665615578617766 0.0
  outer loop
    vertex 37.60364500792393 202.04508716323284 6.244999999999991
    vertex 37.48716323296355 202.07599049128353 5.444999999999991
    vertex 37.60364500792393 202.04508716323284 5.444999999999991
  endloop
endfacet
facet normal -0.2564346990245579 -0.9665615578617766 0.0
  outer loop
    vertex 37.48716323296355 202.07599049128353 5.444999999999991
    vertex 37.60364500792393 202.04508716323284 6.244999999999991
    vertex 37.48716323296355 202.07599049128353 6.244999999999991
  endloop
endfacet
facet normal -0.9805806756909207 -0.19611613513818155 0.0
  outer loop
    vertex 37.46576862123614 202.18296354992063 6.244999999999991
    vertex 37.48716323296355 202.07599049128353 5.444999999999991
    vertex 37.48716323296355 202.07599049128353 6.244999999999991
  endloop
endfacet
facet normal -0.9805806756909207 -0.19611613513818155 0.0
  outer loop
    vertex 37.48716323296355 202.07599049128353 5.444999999999991
    vertex 37.46576862123614 202.18296354992063 6.244999999999991
    vertex 37.46576862123614 202.18296354992063 5.444999999999991
  endloop
endfacet
facet normal -0.9994864398239861 0.03204460341420248 0.0
  outer loop
    vertex 37.51568938193344 203.7400158478604 6.244999999999991
    vertex 37.46576862123614 202.18296354992063 5.444999999999991
    vertex 37.46576862123614 202.18296354992063 6.244999999999991
  endloop
endfacet
facet normal -0.9994864398239861 0.03204460341420248 0.0
  outer loop
    vertex 37.46576862123614 202.18296354992063 5.444999999999991
    vertex 37.51568938193344 203.7400158478604 6.244999999999991
    vertex 37.51568938193344 203.7400158478604 5.444999999999991
  endloop
endfacet
facet normal -0.999486439823986 0.032044603414206084 0.0
  outer loop
    vertex 37.565610142630746 205.29706814580018 6.244999999999991
    vertex 37.51568938193344 203.7400158478604 5.444999999999991
    vertex 37.51568938193344 203.7400158478604 6.244999999999991
  endloop
endfacet
facet normal -0.999486439823986 0.032044603414206084 0.0
  outer loop
    vertex 37.51568938193344 203.7400158478604 5.444999999999991
    vertex 37.565610142630746 205.29706814580018 6.244999999999991
    vertex 37.565610142630746 205.29706814580018 5.444999999999991
  endloop
endfacet
facet normal -0.9997358689864122 -0.022982433769803474 0.0
  outer loop
    vertex 37.518066561014265 207.36521394611717 6.244999999999991
    vertex 37.565610142630746 205.29706814580018 5.444999999999991
    vertex 37.565610142630746 205.29706814580018 6.244999999999991
  endloop
endfacet
facet normal -0.9997358689864122 -0.022982433769803474 0.0
  outer loop
    vertex 37.565610142630746 205.29706814580018 5.444999999999991
    vertex 37.518066561014265 207.36521394611717 6.244999999999991
    vertex 37.518066561014265 207.36521394611717 5.444999999999991
  endloop
endfacet
facet normal -0.9993368238046746 -0.036413082648752794 0.0
  outer loop
    vertex 37.47527733755943 208.53954041204426 6.244999999999991
    vertex 37.518066561014265 207.36521394611717 5.444999999999991
    vertex 37.518066561014265 207.36521394611717 6.244999999999991
  endloop
endfacet
facet normal -0.9993368238046746 -0.036413082648752794 0.0
  outer loop
    vertex 37.518066561014265 207.36521394611717 5.444999999999991
    vertex 37.47527733755943 208.53954041204426 6.244999999999991
    vertex 37.47527733755943 208.53954041204426 5.444999999999991
  endloop
endfacet
facet normal -0.9982743731749941 -0.058722021951500974 0.0
  outer loop
    vertex 37.47052297939778 208.62036450079225 6.244999999999991
    vertex 37.47527733755943 208.53954041204426 5.444999999999991
    vertex 37.47527733755943 208.53954041204426 6.244999999999991
  endloop
endfacet
facet normal -0.9982743731749941 -0.058722021951500974 0.0
  outer loop
    vertex 37.47527733755943 208.53954041204426 5.444999999999991
    vertex 37.47052297939778 208.62036450079225 6.244999999999991
    vertex 37.47052297939778 208.62036450079225 5.444999999999991
  endloop
endfacet
facet normal -0.8320502943378336 0.5547001962252444 0.0
  outer loop
    vertex 37.518066561014265 208.691679873217 6.244999999999991
    vertex 37.47052297939778 208.62036450079225 5.444999999999991
    vertex 37.47052297939778 208.62036450079225 6.244999999999991
  endloop
endfacet
facet normal -0.8320502943378336 0.5547001962252444 0.0
  outer loop
    vertex 37.47052297939778 208.62036450079225 5.444999999999991
    vertex 37.518066561014265 208.691679873217 6.244999999999991
    vertex 37.518066561014265 208.691679873217 5.444999999999991
  endloop
endfacet
facet normal -0.1543768802736163 0.9880120337511004 0.0
  outer loop
    vertex 37.518066561014265 208.691679873217 6.244999999999991
    vertex 37.670206022187 208.7154516640252 5.444999999999991
    vertex 37.518066561014265 208.691679873217 5.444999999999991
  endloop
endfacet
facet normal -0.1543768802736163 0.9880120337511004 0.0
  outer loop
    vertex 37.670206022187 208.7154516640252 5.444999999999991
    vertex 37.518066561014265 208.691679873217 6.244999999999991
    vertex 37.670206022187 208.7154516640252 6.244999999999991
  endloop
endfacet
facet normal -0.021207350581673175 0.9997750988503895 0.0
  outer loop
    vertex 37.670206022187 208.7154516640252 6.244999999999991
    vertex 38.45467511885896 208.732091917591 5.444999999999991
    vertex 37.670206022187 208.7154516640252 5.444999999999991
  endloop
endfacet
facet normal -0.021207350581673175 0.9997750988503895 0.0
  outer loop
    vertex 38.45467511885896 208.732091917591 5.444999999999991
    vertex 37.670206022187 208.7154516640252 6.244999999999991
    vertex 38.45467511885896 208.732091917591 6.244999999999991
  endloop
endfacet
facet normal -0.021207350581674972 0.9997750988503895 0.0
  outer loop
    vertex 38.45467511885896 208.732091917591 6.244999999999991
    vertex 39.23914421553091 208.74873217115675 5.444999999999991
    vertex 38.45467511885896 208.732091917591 5.444999999999991
  endloop
endfacet
facet normal -0.021207350581674972 0.9997750988503895 0.0
  outer loop
    vertex 39.23914421553091 208.74873217115675 5.444999999999991
    vertex 38.45467511885896 208.732091917591 6.244999999999991
    vertex 39.23914421553091 208.74873217115675 6.244999999999991
  endloop
endfacet
facet normal 0.8045740795857729 0.593852296837106 0.0
  outer loop
    vertex 39.23914421553091 208.74873217115675 5.444999999999991
    vertex 39.386529318541996 208.54904912836753 6.244999999999991
    vertex 39.386529318541996 208.54904912836753 5.444999999999991
  endloop
endfacet
facet normal 0.8045740795857729 0.593852296837106 0.0
  outer loop
    vertex 39.386529318541996 208.54904912836753 6.244999999999991
    vertex 39.23914421553091 208.74873217115675 5.444999999999991
    vertex 39.23914421553091 208.74873217115675 6.244999999999991
  endloop
endfacet
facet normal 0.9100258312124351 0.4145515486958368 0.0
  outer loop
    vertex 39.386529318541996 208.54904912836753 5.444999999999991
    vertex 40.77480190174327 205.50150554675108 6.244999999999991
    vertex 40.77480190174327 205.50150554675108 5.444999999999991
  endloop
endfacet
facet normal 0.9100258312124351 0.4145515486958368 0.0
  outer loop
    vertex 40.77480190174327 205.50150554675108 6.244999999999991
    vertex 39.386529318541996 208.54904912836753 5.444999999999991
    vertex 39.386529318541996 208.54904912836753 6.244999999999991
  endloop
endfacet
facet normal 0.8632967941190888 0.5046965873311444 0.0
  outer loop
    vertex 40.77480190174327 205.50150554675108 5.444999999999991
    vertex 40.910301109350236 205.2697305863707 6.244999999999991
    vertex 40.910301109350236 205.2697305863707 5.444999999999991
  endloop
endfacet
facet normal 0.8632967941190888 0.5046965873311444 0.0
  outer loop
    vertex 40.910301109350236 205.2697305863707 6.244999999999991
    vertex 40.77480190174327 205.50150554675108 5.444999999999991
    vertex 40.77480190174327 205.50150554675108 6.244999999999991
  endloop
endfacet
facet normal 0.568754887758313 0.822507068450496 0.0
  outer loop
    vertex 40.910301109350236 205.2697305863707 6.244999999999991
    vertex 41.02202852614897 205.19247226624395 5.444999999999991
    vertex 40.910301109350236 205.2697305863707 5.444999999999991
  endloop
endfacet
facet normal 0.568754887758313 0.822507068450496 0.0
  outer loop
    vertex 41.02202852614897 205.19247226624395 5.444999999999991
    vertex 40.910301109350236 205.2697305863707 6.244999999999991
    vertex 41.02202852614897 205.19247226624395 6.244999999999991
  endloop
endfacet
facet normal -0.847362967067606 0.5310141260290381 0.0
  outer loop
    vertex 41.24548335974644 205.54904912836756 6.244999999999991
    vertex 41.02202852614897 205.19247226624395 5.444999999999991
    vertex 41.02202852614897 205.19247226624395 6.244999999999991
  endloop
endfacet
facet normal -0.847362967067606 0.5310141260290381 0.0
  outer loop
    vertex 41.02202852614897 205.19247226624395 5.444999999999991
    vertex 41.24548335974644 205.54904912836756 6.244999999999991
    vertex 41.24548335974644 205.54904912836756 5.444999999999991
  endloop
endfacet
facet normal -0.9042026790768325 0.42710363514055805 0.0
  outer loop
    vertex 42.667036450079245 208.55855784469082 6.244999999999991
    vertex 41.24548335974644 205.54904912836756 5.444999999999991
    vertex 41.24548335974644 205.54904912836756 6.244999999999991
  endloop
endfacet
facet normal -0.9042026790768325 0.42710363514055805 0.0
  outer loop
    vertex 41.24548335974644 205.54904912836756 5.444999999999991
    vertex 42.667036450079245 208.55855784469082 6.244999999999991
    vertex 42.667036450079245 208.55855784469082 5.444999999999991
  endloop
endfacet
facet normal -0.8549032597644092 0.5187874482330765 0.0
  outer loop
    vertex 42.7514263074485 208.69762282091907 6.244999999999991
    vertex 42.667036450079245 208.55855784469082 5.444999999999991
    vertex 42.667036450079245 208.55855784469082 6.244999999999991
  endloop
endfacet
facet normal -0.8549032597644092 0.5187874482330765 0.0
  outer loop
    vertex 42.667036450079245 208.55855784469082 5.444999999999991
    vertex 42.7514263074485 208.69762282091907 6.244999999999991
    vertex 42.7514263074485 208.69762282091907 5.444999999999991
  endloop
endfacet
facet normal -0.4518418681635042 0.892098047399788 0.0
  outer loop
    vertex 42.7514263074485 208.69762282091907 6.244999999999991
    vertex 42.84294770206023 208.7439778129951 5.444999999999991
    vertex 42.7514263074485 208.69762282091907 5.444999999999991
  endloop
endfacet
facet normal -0.4518418681635042 0.892098047399788 0.0
  outer loop
    vertex 42.84294770206023 208.7439778129951 5.444999999999991
    vertex 42.7514263074485 208.69762282091907 6.244999999999991
    vertex 42.84294770206023 208.7439778129951 6.244999999999991
  endloop
endfacet
facet normal 0.03426558043114273 0.9994127625749618 0.0
  outer loop
    vertex 42.84294770206023 208.7439778129951 6.244999999999991
    vertex 43.25895404120443 208.72971473851015 5.444999999999991
    vertex 42.84294770206023 208.7439778129951 5.444999999999991
  endloop
endfacet
facet normal 0.03426558043114273 0.9994127625749618 0.0
  outer loop
    vertex 43.25895404120443 208.72971473851015 5.444999999999991
    vertex 42.84294770206023 208.7439778129951 6.244999999999991
    vertex 43.25895404120443 208.72971473851015 6.244999999999991
  endloop
endfacet
facet normal 0.033878845665753825 0.999425947139835 0.0
  outer loop
    vertex 43.25895404120443 208.72971473851015 6.244999999999991
    vertex 43.679714738510306 208.7154516640252 5.444999999999991
    vertex 43.25895404120443 208.72971473851015 5.444999999999991
  endloop
endfacet
facet normal 0.033878845665753825 0.999425947139835 0.0
  outer loop
    vertex 43.679714738510306 208.7154516640252 5.444999999999991
    vertex 43.25895404120443 208.72971473851015 6.244999999999991
    vertex 43.679714738510306 208.7154516640252 6.244999999999991
  endloop
endfacet
facet normal -0.06522031950351719 0.9978708884038351 0.0
  outer loop
    vertex 43.679714738510306 208.7154516640252 6.244999999999991
    vertex 44.043423137876395 208.73922345483348 5.444999999999991
    vertex 43.679714738510306 208.7154516640252 5.444999999999991
  endloop
endfacet
facet normal -0.06522031950351719 0.9978708884038351 0.0
  outer loop
    vertex 44.043423137876395 208.73922345483348 5.444999999999991
    vertex 43.679714738510306 208.7154516640252 6.244999999999991
    vertex 44.043423137876395 208.73922345483348 6.244999999999991
  endloop
endfacet
facet normal -0.0652203195035182 0.9978708884038351 0.0
  outer loop
    vertex 44.043423137876395 208.73922345483348 6.244999999999991
    vertex 44.40713153724247 208.7629952456417 5.444999999999991
    vertex 44.043423137876395 208.73922345483348 5.444999999999991
  endloop
endfacet
facet normal -0.0652203195035182 0.9978708884038351 0.0
  outer loop
    vertex 44.40713153724247 208.7629952456417 5.444999999999991
    vertex 44.043423137876395 208.73922345483348 6.244999999999991
    vertex 44.40713153724247 208.7629952456417 6.244999999999991
  endloop
endfacet
facet normal 0.2576626505603284 0.9662349396012473 0.0
  outer loop
    vertex 44.40713153724247 208.7629952456417 6.244999999999991
    vertex 44.51410459587956 208.7344690966718 5.444999999999991
    vertex 44.40713153724247 208.7629952456417 5.444999999999991
  endloop
endfacet
facet normal 0.2576626505603284 0.9662349396012473 0.0
  outer loop
    vertex 44.51410459587956 208.7344690966718 5.444999999999991
    vertex 44.40713153724247 208.7629952456417 6.244999999999991
    vertex 44.51410459587956 208.7344690966718 6.244999999999991
  endloop
endfacet
facet normal 0.9230769230769181 0.3846153846153965 0.0
  outer loop
    vertex 44.51410459587956 208.7344690966718 5.444999999999991
    vertex 44.54976228209192 208.64889064976217 6.244999999999991
    vertex 44.54976228209192 208.64889064976217 5.444999999999991
  endloop
endfacet
facet normal 0.9230769230769181 0.3846153846153965 0.0
  outer loop
    vertex 44.54976228209192 208.64889064976217 6.244999999999991
    vertex 44.51410459587956 208.7344690966718 5.444999999999991
    vertex 44.51410459587956 208.7344690966718 6.244999999999991
  endloop
endfacet
facet normal 0.9997093968817962 -0.024106467726226623 0.0
  outer loop
    vertex 44.54976228209192 208.64889064976217 5.444999999999991
    vertex 44.50935023771791 206.97297939778116 6.244999999999991
    vertex 44.50935023771791 206.97297939778116 5.444999999999991
  endloop
endfacet
facet normal 0.9997093968817962 -0.024106467726226623 0.0
  outer loop
    vertex 44.50935023771791 206.97297939778116 6.244999999999991
    vertex 44.54976228209192 208.64889064976217 5.444999999999991
    vertex 44.54976228209192 208.64889064976217 6.244999999999991
  endloop
endfacet
facet normal 0.9997093968817962 -0.024106467726226623 0.0
  outer loop
    vertex 44.50935023771791 206.97297939778116 5.444999999999991
    vertex 44.4689381933439 205.29706814580018 6.244999999999991
    vertex 44.4689381933439 205.29706814580018 5.444999999999991
  endloop
endfacet
facet normal 0.9997093968817962 -0.024106467726226623 0.0
  outer loop
    vertex 44.4689381933439 205.29706814580018 6.244999999999991
    vertex 44.50935023771791 206.97297939778116 5.444999999999991
    vertex 44.50935023771791 206.97297939778116 6.244999999999991
  endloop
endfacet
facet normal 0.9996214590514407 0.027512517221598892 0.0
  outer loop
    vertex 44.4689381933439 205.29706814580018 5.444999999999991
    vertex 44.511727416798735 203.74239302694122 6.244999999999991
    vertex 44.511727416798735 203.74239302694122 5.444999999999991
  endloop
endfacet
facet normal 0.9996214590514407 0.027512517221598892 0.0
  outer loop
    vertex 44.511727416798735 203.74239302694122 6.244999999999991
    vertex 44.4689381933439 205.29706814580018 5.444999999999991
    vertex 44.4689381933439 205.29706814580018 6.244999999999991
  endloop
endfacet
facet normal 0.9996191344810802 0.027596847270949684 0.0
  outer loop
    vertex 44.511727416798735 203.74239302694122 5.444999999999991
    vertex 44.55451664025357 202.19247226624393 6.244999999999991
    vertex 44.55451664025357 202.19247226624393 5.444999999999991
  endloop
endfacet
facet normal 0.9996191344810802 0.027596847270949684 0.0
  outer loop
    vertex 44.55451664025357 202.19247226624393 6.244999999999991
    vertex 44.511727416798735 203.74239302694122 5.444999999999991
    vertex 44.511727416798735 203.74239302694122 6.244999999999991
  endloop
endfacet
facet normal 0.0 0.0 1.0
  outer loop
    vertex 47.0737321711569 201.9916006339143 6.244999999999991
    vertex 46.73676703645008 204.38423137876373 6.244999999999991
    vertex 46.620285261489705 202.11640253565756 6.244999999999991
  endloop
endfacet
facet normal 0.0 0.0 1.0
  outer loop
    vertex 46.73676703645008 204.38423137876373 6.244999999999991
    vertex 47.0737321711569 201.9916006339143 6.244999999999991
    vertex 46.79381933438985 204.0264659270997 6.244999999999991
  endloop
endfacet
facet normal 0.0 0.0 1.0
  outer loop
    vertex 46.79381933438985 204.0264659270997 6.244999999999991
    vertex 47.0737321711569 201.9916006339143 6.244999999999991
    vertex 46.96497622820919 203.72337559429465 6.244999999999991
  endloop
endfacet
facet normal 0.0 0.0 1.0
  outer loop
    vertex 46.96497622820919 203.72337559429465 6.244999999999991
    vertex 47.0737321711569 201.9916006339143 6.244999999999991
    vertex 47.24072900158479 203.50229793977797 6.244999999999991
  endloop
endfacet
facet normal 0.0 0.0 1.0
  outer loop
    vertex 47.24072900158479 203.50229793977797 6.244999999999991
    vertex 47.0737321711569 201.9916006339143 6.244999999999991
    vertex 47.57353407290016 201.94999999999987 6.244999999999991
  endloop
endfacet
facet normal 0.0 0.0 1.0
  outer loop
    vertex 47.24072900158479 203.50229793977797 6.244999999999991
    vertex 47.57353407290016 201.94999999999987 6.244999999999991
    vertex 47.583042789223455 203.42860538827244 6.244999999999991
  endloop
endfacet
facet normal 0.0 0.0 1.0
  outer loop
    vertex 47.583042789223455 203.42860538827244 6.244999999999991
    vertex 47.57353407290016 201.94999999999987 6.244999999999991
    vertex 48.08715332805072 201.99219492868448 6.244999999999991
  endloop
endfacet
facet normal 0.0 0.0 1.0
  outer loop
    vertex 47.583042789223455 203.42860538827244 6.244999999999991
    vertex 48.08715332805072 201.99219492868448 6.244999999999991
    vertex 47.92179080824089 203.50229793977797 6.244999999999991
  endloop
endfacet
facet normal 0.0 0.0 1.0
  outer loop
    vertex 47.92179080824089 203.50229793977797 6.244999999999991
    vertex 48.08715332805072 201.99219492868448 6.244999999999991
    vertex 48.19635499207607 203.72337559429465 6.244999999999991
  endloop
endfacet
facet normal 0.0 0.0 1.0
  outer loop
    vertex 48.19635499207607 203.72337559429465 6.244999999999991
    vertex 48.08715332805072 201.99219492868448 6.244999999999991
    vertex 48.548771790808246 202.11877971473837 6.244999999999991
  endloop
endfacet
facet normal 0.0 0.0 1.0
  outer loop
    vertex 48.19635499207607 203.72337559429465 6.244999999999991
    vertex 48.548771790808246 202.11877971473837 6.244999999999991
    vertex 48.36394611727417 204.0264659270997 6.244999999999991
  endloop
endfacet
facet normal 0.0 0.0 1.0
  outer loop
    vertex 48.36394611727417 204.0264659270997 6.244999999999991
    vertex 48.548771790808246 202.11877971473837 6.244999999999991
    vertex 48.41980982567354 204.38423137876373 6.244999999999991
  endloop
endfacet
facet normal 0.0 0.0 1.0
  outer loop
    vertex 48.41980982567354 204.38423137876373 6.244999999999991
    vertex 48.548771790808246 202.11877971473837 6.244999999999991
    vertex 48.54580031695722 206.63601426307434 6.244999999999991
  endloop
endfacet
facet normal 0.0 0.0 1.0
  outer loop
    vertex 48.54580031695722 206.63601426307434 6.244999999999991
    vertex 48.548771790808246 202.11877971473837 6.244999999999991
    vertex 48.955269413629175 206.42578248811395 6.244999999999991
  endloop
endfacet
facet normal 0.0 0.0 1.0
  outer loop
    vertex 48.955269413629175 206.42578248811395 6.244999999999991
    vertex 48.548771790808246 202.11877971473837 6.244999999999991
    vertex 48.95838946117274 202.32975435816152 6.244999999999991
  endloop
endfacet
facet normal 0.0 0.0 1.0
  outer loop
    vertex 48.955269413629175 206.42578248811395 6.244999999999991
    vertex 48.95838946117274 202.32975435816152 6.244999999999991
    vertex 49.31362916006339 206.13145800316943 6.244999999999991
  endloop
endfacet
facet normal 0.0 0.0 1.0
  outer loop
    vertex 49.31362916006339 206.13145800316943 6.244999999999991
    vertex 48.95838946117274 202.32975435816152 6.244999999999991
    vertex 49.31600633914422 202.62511885895393 6.244999999999991
  endloop
endfacet
facet normal 0.0 0.0 1.0
  outer loop
    vertex 49.31362916006339 206.13145800316943 6.244999999999991
    vertex 49.31600633914422 202.62511885895393 6.244999999999991
    vertex 49.60483359746435 205.76997820919163 6.244999999999991
  endloop
endfacet
facet normal 0.0 0.0 1.0
  outer loop
    vertex 49.60483359746435 205.76997820919163 6.244999999999991
    vertex 49.31600633914422 202.62511885895393 6.244999999999991
    vertex 49.60617076069731 202.9882329635498 6.244999999999991
  endloop
endfacet
facet normal 0.0 0.0 1.0
  outer loop
    vertex 49.60483359746435 205.76997820919163 6.244999999999991
    vertex 49.60617076069731 202.9882329635498 6.244999999999991
    vertex 49.81283676703645 205.3582805071314 6.244999999999991
  endloop
endfacet
facet normal 0.0 0.0 1.0
  outer loop
    vertex 49.81283676703645 205.3582805071314 6.244999999999991
    vertex 49.60617076069731 202.9882329635498 6.244999999999991
    vertex 49.81343106180666 203.4024564183834 6.244999999999991
  endloop
endfacet
facet normal 0.0 0.0 1.0
  outer loop
    vertex 49.81283676703645 205.3582805071314 6.244999999999991
    vertex 49.81343106180666 203.4024564183834 6.244999999999991
    vertex 49.93763866877971 204.89636489698879 6.244999999999991
  endloop
endfacet
facet normal 0.0 0.0 1.0
  outer loop
    vertex 49.93763866877971 204.89636489698879 6.244999999999991
    vertex 49.81343106180666 203.4024564183834 6.244999999999991
    vertex 49.93778724247227 203.8677892234547 6.244999999999991
  endloop
endfacet
facet normal 0.0 0.0 1.0
  outer loop
    vertex 49.93763866877971 204.89636489698879 6.244999999999991
    vertex 49.93778724247227 203.8677892234547 6.244999999999991
    vertex 49.97923930269414 204.38423137876373 6.244999999999991
  endloop
endfacet
facet normal 0.0 0.0 1.0
  outer loop
    vertex 45.219532488114105 203.8279714738509 6.244999999999991
    vertex 45.21774960380348 204.85268423137862 6.244999999999991
    vertex 45.17733755942948 204.32717908082395 6.244999999999991
  endloop
endfacet
facet normal 0.0 0.0 1.0
  outer loop
    vertex 45.21774960380348 204.85268423137862 6.244999999999991
    vertex 45.219532488114105 203.8279714738509 6.244999999999991
    vertex 45.338985736925515 205.32618858954027 6.244999999999991
  endloop
endfacet
facet normal 0.0 0.0 1.0
  outer loop
    vertex 45.338985736925515 205.32618858954027 6.244999999999991
    vertex 45.219532488114105 203.8279714738509 6.244999999999991
    vertex 45.34611727416799 203.37630744849432 6.244999999999991
  endloop
endfacet
facet normal 0.0 0.0 1.0
  outer loop
    vertex 45.338985736925515 205.32618858954027 6.244999999999991
    vertex 45.34611727416799 203.37630744849432 6.244999999999991
    vertex 45.54104595879556 205.7476921553089 6.244999999999991
  endloop
endfacet
facet normal 0.0 0.0 1.0
  outer loop
    vertex 45.54104595879556 205.7476921553089 6.244999999999991
    vertex 45.34611727416799 203.37630744849432 6.244999999999991
    vertex 45.55709191759113 202.97218700475423 6.244999999999991
  endloop
endfacet
facet normal 0.0 0.0 1.0
  outer loop
    vertex 45.54104595879556 205.7476921553089 6.244999999999991
    vertex 45.55709191759113 202.97218700475423 6.244999999999991
    vertex 45.82393026941363 206.11719492868448 6.244999999999991
  endloop
endfacet
facet normal 0.0 0.0 1.0
  outer loop
    vertex 45.82393026941363 206.11719492868448 6.244999999999991
    vertex 45.55709191759113 202.97218700475423 6.244999999999991
    vertex 45.852456418383525 202.6156101426306 6.244999999999991
  endloop
endfacet
facet normal 0.0 0.0 1.0
  outer loop
    vertex 45.82393026941363 206.11719492868448 6.244999999999991
    vertex 45.852456418383525 202.6156101426306 6.244999999999991
    vertex 46.17575277337559 206.41775950871622 6.244999999999991
  endloop
endfacet
facet normal 0.0 0.0 1.0
  outer loop
    vertex 46.17575277337559 206.41775950871622 6.244999999999991
    vertex 45.852456418383525 202.6156101426306 6.244999999999991
    vertex 46.213193343898574 202.32440570522968 6.244999999999991
  endloop
endfacet
facet normal 0.0 0.0 1.0
  outer loop
    vertex 46.17575277337559 206.41775950871622 6.244999999999991
    vertex 46.213193343898574 202.32440570522968 6.244999999999991
    vertex 46.58462757527734 206.6324484944531 6.244999999999991
  endloop
endfacet
facet normal 0.0 0.0 1.0
  outer loop
    vertex 46.58462757527734 206.6324484944531 6.244999999999991
    vertex 46.213193343898574 202.32440570522968 6.244999999999991
    vertex 46.620285261489705 202.11640253565756 6.244999999999991
  endloop
endfacet
facet normal 0.0 0.0 1.0
  outer loop
    vertex 46.58462757527734 206.6324484944531 6.244999999999991
    vertex 46.620285261489705 202.11640253565756 6.244999999999991
    vertex 46.73676703645008 204.38423137876373 6.244999999999991
  endloop
endfacet
facet normal 0.0 0.0 1.0
  outer loop
    vertex 46.58462757527734 206.6324484944531 6.244999999999991
    vertex 46.73676703645008 204.38423137876373 6.244999999999991
    vertex 47.05055467511886 206.76126188589527 6.244999999999991
  endloop
endfacet
facet normal 0.0 0.0 1.0
  outer loop
    vertex 47.05055467511886 206.76126188589527 6.244999999999991
    vertex 46.73676703645008 204.38423137876373 6.244999999999991
    vertex 46.79381933438985 204.73843106180652 6.244999999999991
  endloop
endfacet
facet normal 0.0 0.0 1.0
  outer loop
    vertex 47.05055467511886 206.76126188589527 6.244999999999991
    vertex 46.79381933438985 204.73843106180652 6.244999999999991
    vertex 46.96497622820919 205.04033280507116 6.244999999999991
  endloop
endfacet
facet normal 0.0 0.0 1.0
  outer loop
    vertex 47.05055467511886 206.76126188589527 6.244999999999991
    vertex 46.96497622820919 205.04033280507116 6.244999999999991
    vertex 47.24072900158479 205.26141045958784 6.244999999999991
  endloop
endfacet
facet normal 0.0 0.0 1.0
  outer loop
    vertex 47.05055467511886 206.76126188589527 6.244999999999991
    vertex 47.24072900158479 205.26141045958784 6.244999999999991
    vertex 47.57353407290016 206.80419968304267 6.244999999999991
  endloop
endfacet
facet normal 0.0 0.0 1.0
  outer loop
    vertex 47.57353407290016 206.80419968304267 6.244999999999991
    vertex 47.24072900158479 205.26141045958784 6.244999999999991
    vertex 47.583042789223455 205.33510301109334 6.244999999999991
  endloop
endfacet
facet normal 0.0 0.0 1.0
  outer loop
    vertex 47.57353407290016 206.80419968304267 6.244999999999991
    vertex 47.583042789223455 205.33510301109334 6.244999999999991
    vertex 48.08522187004755 206.7621533280506 6.244999999999991
  endloop
endfacet
facet normal 0.0 0.0 1.0
  outer loop
    vertex 48.08522187004755 206.7621533280506 6.244999999999991
    vertex 47.583042789223455 205.33510301109334 6.244999999999991
    vertex 47.91941362916007 205.26319334389845 6.244999999999991
  endloop
endfacet
facet normal 0.0 0.0 1.0
  outer loop
    vertex 48.08522187004755 206.7621533280506 6.244999999999991
    vertex 47.91941362916007 205.26319334389845 6.244999999999991
    vertex 48.18684627575278 205.04746434231365 6.244999999999991
  endloop
endfacet
facet normal 0.0 0.0 1.0
  outer loop
    vertex 48.08522187004755 206.7621533280506 6.244999999999991
    vertex 48.18684627575278 205.04746434231365 6.244999999999991
    vertex 48.54580031695722 206.63601426307434 6.244999999999991
  endloop
endfacet
facet normal 0.0 0.0 1.0
  outer loop
    vertex 48.54580031695722 206.63601426307434 6.244999999999991
    vertex 48.18684627575278 205.04746434231365 6.244999999999991
    vertex 48.361568938193344 204.73783676703633 6.244999999999991
  endloop
endfacet
facet normal 0.0 0.0 1.0
  outer loop
    vertex 48.54580031695722 206.63601426307434 6.244999999999991
    vertex 48.361568938193344 204.73783676703633 6.244999999999991
    vertex 48.41980982567354 204.38423137876373 6.244999999999991
  endloop
endfacet
facet normal 0.9967942723991657 -0.08000736536230858 0.0
  outer loop
    vertex 49.97923930269414 204.38423137876373 5.444999999999991
    vertex 49.93778724247227 203.8677892234547 6.244999999999991
    vertex 49.93778724247227 203.8677892234547 5.444999999999991
  endloop
endfacet
facet normal 0.9967942723991657 -0.08000736536230858 0.0
  outer loop
    vertex 49.93778724247227 203.8677892234547 6.244999999999991
    vertex 49.97923930269414 204.38423137876373 5.444999999999991
    vertex 49.97923930269414 204.38423137876373 6.244999999999991
  endloop
endfacet
facet normal 0.9660965695386853 -0.25818097979050314 0.0
  outer loop
    vertex 49.93778724247227 203.8677892234547 5.444999999999991
    vertex 49.81343106180666 203.4024564183834 6.244999999999991
    vertex 49.81343106180666 203.4024564183834 5.444999999999991
  endloop
endfacet
facet normal 0.9660965695386853 -0.25818097979050314 0.0
  outer loop
    vertex 49.81343106180666 203.4024564183834 6.244999999999991
    vertex 49.93778724247227 203.8677892234547 5.444999999999991
    vertex 49.93778724247227 203.8677892234547 6.244999999999991
  endloop
endfacet
facet normal 0.8942988473235532 -0.44747019082366135 0.0
  outer loop
    vertex 49.81343106180666 203.4024564183834 5.444999999999991
    vertex 49.60617076069731 202.9882329635498 6.244999999999991
    vertex 49.60617076069731 202.9882329635498 5.444999999999991
  endloop
endfacet
facet normal 0.8942988473235532 -0.44747019082366135 0.0
  outer loop
    vertex 49.60617076069731 202.9882329635498 6.244999999999991
    vertex 49.81343106180666 203.4024564183834 5.444999999999991
    vertex 49.81343106180666 203.4024564183834 6.244999999999991
  endloop
endfacet
facet normal 0.7812117250846441 -0.6242661616572491 0.0
  outer loop
    vertex 49.60617076069731 202.9882329635498 5.444999999999991
    vertex 49.31600633914422 202.62511885895393 6.244999999999991
    vertex 49.31600633914422 202.62511885895393 5.444999999999991
  endloop
endfacet
facet normal 0.7812117250846441 -0.6242661616572491 0.0
  outer loop
    vertex 49.31600633914422 202.62511885895393 6.244999999999991
    vertex 49.60617076069731 202.9882329635498 5.444999999999991
    vertex 49.60617076069731 202.9882329635498 6.244999999999991
  endloop
endfacet
facet normal 0.6368069413679176 -0.7710232936984703 0.0
  outer loop
    vertex 49.31600633914422 202.62511885895393 6.244999999999991
    vertex 48.95838946117274 202.32975435816152 5.444999999999991
    vertex 49.31600633914422 202.62511885895393 5.444999999999991
  endloop
endfacet
facet normal 0.6368069413679176 -0.7710232936984703 0.0
  outer loop
    vertex 48.95838946117274 202.32975435816152 5.444999999999991
    vertex 49.31600633914422 202.62511885895393 6.244999999999991
    vertex 48.95838946117274 202.32975435816152 6.244999999999991
  endloop
endfacet
facet normal 0.4578870894780439 -0.8890103561204031 0.0
  outer loop
    vertex 48.95838946117274 202.32975435816152 6.244999999999991
    vertex 48.548771790808246 202.11877971473837 5.444999999999991
    vertex 48.95838946117274 202.32975435816152 5.444999999999991
  endloop
endfacet
facet normal 0.4578870894780439 -0.8890103561204031 0.0
  outer loop
    vertex 48.548771790808246 202.11877971473837 5.444999999999991
    vertex 48.95838946117274 202.32975435816152 6.244999999999991
    vertex 48.548771790808246 202.11877971473837 6.244999999999991
  endloop
endfacet
facet normal 0.2644566264392171 -0.9643975802190652 0.0
  outer loop
    vertex 48.548771790808246 202.11877971473837 6.244999999999991
    vertex 48.08715332805072 201.99219492868448 5.444999999999991
    vertex 48.548771790808246 202.11877971473837 5.444999999999991
  endloop
endfacet
facet normal 0.2644566264392171 -0.9643975802190652 0.0
  outer loop
    vertex 48.08715332805072 201.99219492868448 5.444999999999991
    vertex 48.548771790808246 202.11877971473837 6.244999999999991
    vertex 48.08715332805072 201.99219492868448 6.244999999999991
  endloop
endfacet
facet normal 0.08187632893794876 -0.9966424969665125 0.0
  outer loop
    vertex 48.08715332805072 201.99219492868448 6.244999999999991
    vertex 47.57353407290016 201.94999999999987 5.444999999999991
    vertex 48.08715332805072 201.99219492868448 5.444999999999991
  endloop
endfacet
facet normal 0.08187632893794876 -0.9966424969665125 0.0
  outer loop
    vertex 47.57353407290016 201.94999999999987 5.444999999999991
    vertex 48.08715332805072 201.99219492868448 6.244999999999991
    vertex 47.57353407290016 201.94999999999987 6.244999999999991
  endloop
endfacet
facet normal -0.08294741354400767 -0.9965539255787212 0.0
  outer loop
    vertex 47.57353407290016 201.94999999999987 6.244999999999991
    vertex 47.0737321711569 201.9916006339143 5.444999999999991
    vertex 47.57353407290016 201.94999999999987 5.444999999999991
  endloop
endfacet
facet normal -0.08294741354400767 -0.9965539255787212 0.0
  outer loop
    vertex 47.0737321711569 201.9916006339143 5.444999999999991
    vertex 47.57353407290016 201.94999999999987 6.244999999999991
    vertex 47.0737321711569 201.9916006339143 6.244999999999991
  endloop
endfacet
facet normal -0.2653620644928137 -0.964148834323888 0.0
  outer loop
    vertex 47.0737321711569 201.9916006339143 6.244999999999991
    vertex 46.620285261489705 202.11640253565756 5.444999999999991
    vertex 47.0737321711569 201.9916006339143 5.444999999999991
  endloop
endfacet
facet normal -0.2653620644928137 -0.964148834323888 0.0
  outer loop
    vertex 46.620285261489705 202.11640253565756 5.444999999999991
    vertex 47.0737321711569 201.9916006339143 6.244999999999991
    vertex 46.620285261489705 202.11640253565756 6.244999999999991
  endloop
endfacet
facet normal -0.45499653066467893 -0.8904932100151612 0.0
  outer loop
    vertex 46.620285261489705 202.11640253565756 6.244999999999991
    vertex 46.213193343898574 202.32440570522968 5.444999999999991
    vertex 46.620285261489705 202.11640253565756 5.444999999999991
  endloop
endfacet
facet normal -0.45499653066467893 -0.8904932100151612 0.0
  outer loop
    vertex 46.213193343898574 202.32440570522968 5.444999999999991
    vertex 46.620285261489705 202.11640253565756 6.244999999999991
    vertex 46.213193343898574 202.32440570522968 6.244999999999991
  endloop
endfacet
facet normal -0.6281282171475765 -0.7781098526705642 0.0
  outer loop
    vertex 46.213193343898574 202.32440570522968 6.244999999999991
    vertex 45.852456418383525 202.6156101426306 5.444999999999991
    vertex 46.213193343898574 202.32440570522968 5.444999999999991
  endloop
endfacet
facet normal -0.6281282171475765 -0.7781098526705642 0.0
  outer loop
    vertex 45.852456418383525 202.6156101426306 5.444999999999991
    vertex 46.213193343898574 202.32440570522968 6.244999999999991
    vertex 45.852456418383525 202.6156101426306 6.244999999999991
  endloop
endfacet
facet normal -0.7701116356660027 -0.6379091382100069 0.0
  outer loop
    vertex 45.55709191759113 202.97218700475423 6.244999999999991
    vertex 45.852456418383525 202.6156101426306 5.444999999999991
    vertex 45.852456418383525 202.6156101426306 6.244999999999991
  endloop
endfacet
facet normal -0.7701116356660027 -0.6379091382100069 0.0
  outer loop
    vertex 45.852456418383525 202.6156101426306 5.444999999999991
    vertex 45.55709191759113 202.97218700475423 6.244999999999991
    vertex 45.55709191759113 202.97218700475423 5.444999999999991
  endloop
endfacet
facet normal -0.8864685955694462 -0.4627887520987666 0.0
  outer loop
    vertex 45.34611727416799 203.37630744849432 6.244999999999991
    vertex 45.55709191759113 202.97218700475423 5.444999999999991
    vertex 45.55709191759113 202.97218700475423 6.244999999999991
  endloop
endfacet
facet normal -0.8864685955694462 -0.4627887520987666 0.0
  outer loop
    vertex 45.55709191759113 202.97218700475423 5.444999999999991
    vertex 45.34611727416799 203.37630744849432 6.244999999999991
    vertex 45.34611727416799 203.37630744849432 5.444999999999991
  endloop
endfacet
facet normal -0.9628981987674977 -0.2698648899177302 0.0
  outer loop
    vertex 45.219532488114105 203.8279714738509 6.244999999999991
    vertex 45.34611727416799 203.37630744849432 5.444999999999991
    vertex 45.34611727416799 203.37630744849432 6.244999999999991
  endloop
endfacet
facet normal -0.9628981987674977 -0.2698648899177302 0.0
  outer loop
    vertex 45.34611727416799 203.37630744849432 5.444999999999991
    vertex 45.219532488114105 203.8279714738509 6.244999999999991
    vertex 45.219532488114105 203.8279714738509 5.444999999999991
  endloop
endfacet
facet normal -0.996446889813082 -0.0842234871151487 0.0
  outer loop
    vertex 45.17733755942948 204.32717908082395 6.244999999999991
    vertex 45.219532488114105 203.8279714738509 5.444999999999991
    vertex 45.219532488114105 203.8279714738509 6.244999999999991
  endloop
endfacet
facet normal -0.996446889813082 -0.0842234871151487 0.0
  outer loop
    vertex 45.219532488114105 203.8279714738509 5.444999999999991
    vertex 45.17733755942948 204.32717908082395 6.244999999999991
    vertex 45.17733755942948 204.32717908082395 5.444999999999991
  endloop
endfacet
facet normal -0.997056143463673 0.07667494233025365 0.0
  outer loop
    vertex 45.21774960380348 204.85268423137862 6.244999999999991
    vertex 45.17733755942948 204.32717908082395 5.444999999999991
    vertex 45.17733755942948 204.32717908082395 6.244999999999991
  endloop
endfacet
facet normal -0.997056143463673 0.07667494233025365 0.0
  outer loop
    vertex 45.17733755942948 204.32717908082395 5.444999999999991
    vertex 45.21774960380348 204.85268423137862 6.244999999999991
    vertex 45.21774960380348 204.85268423137862 5.444999999999991
  endloop
endfacet
facet normal -0.9687500666434259 0.24803892512740397 0.0
  outer loop
    vertex 45.338985736925515 205.32618858954027 6.244999999999991
    vertex 45.21774960380348 204.85268423137862 5.444999999999991
    vertex 45.21774960380348 204.85268423137862 6.244999999999991
  endloop
endfacet
facet normal -0.9687500666434259 0.24803892512740397 0.0
  outer loop
    vertex 45.21774960380348 204.85268423137862 5.444999999999991
    vertex 45.338985736925515 205.32618858954027 6.244999999999991
    vertex 45.338985736925515 205.32618858954027 5.444999999999991
  endloop
endfacet
facet normal -0.9017411807072374 0.4322763502861541 0.0
  outer loop
    vertex 45.54104595879556 205.7476921553089 6.244999999999991
    vertex 45.338985736925515 205.32618858954027 5.444999999999991
    vertex 45.338985736925515 205.32618858954027 6.244999999999991
  endloop
endfacet
facet normal -0.9017411807072374 0.4322763502861541 0.0
  outer loop
    vertex 45.338985736925515 205.32618858954027 5.444999999999991
    vertex 45.54104595879556 205.7476921553089 6.244999999999991
    vertex 45.54104595879556 205.7476921553089 5.444999999999991
  endloop
endfacet
facet normal -0.7940224096313859 0.6078884873092825 0.0
  outer loop
    vertex 45.82393026941363 206.11719492868448 6.244999999999991
    vertex 45.54104595879556 205.7476921553089 5.444999999999991
    vertex 45.54104595879556 205.7476921553089 6.244999999999991
  endloop
endfacet
facet normal -0.7940224096313859 0.6078884873092825 0.0
  outer loop
    vertex 45.54104595879556 205.7476921553089 5.444999999999991
    vertex 45.82393026941363 206.11719492868448 6.244999999999991
    vertex 45.82393026941363 206.11719492868448 5.444999999999991
  endloop
endfacet
facet normal -0.6495477276556799 0.7603208201130249 0.0
  outer loop
    vertex 45.82393026941363 206.11719492868448 6.244999999999991
    vertex 46.17575277337559 206.41775950871622 5.444999999999991
    vertex 45.82393026941363 206.11719492868448 5.444999999999991
  endloop
endfacet
facet normal -0.6495477276556799 0.7603208201130249 0.0
  outer loop
    vertex 46.17575277337559 206.41775950871622 5.444999999999991
    vertex 45.82393026941363 206.11719492868448 6.244999999999991
    vertex 46.17575277337559 206.41775950871622 6.244999999999991
  endloop
endfacet
facet normal -0.46488433927679956 0.8853714198545002 0.0
  outer loop
    vertex 46.17575277337559 206.41775950871622 6.244999999999991
    vertex 46.58462757527734 206.6324484944531 5.444999999999991
    vertex 46.17575277337559 206.41775950871622 5.444999999999991
  endloop
endfacet
facet normal -0.46488433927679956 0.8853714198545002 0.0
  outer loop
    vertex 46.58462757527734 206.6324484944531 5.444999999999991
    vertex 46.17575277337559 206.41775950871622 6.244999999999991
    vertex 46.58462757527734 206.6324484944531 6.244999999999991
  endloop
endfacet
facet normal -0.2664706356037289 0.96384303720105 0.0
  outer loop
    vertex 46.58462757527734 206.6324484944531 6.244999999999991
    vertex 47.05055467511886 206.76126188589527 5.444999999999991
    vertex 46.58462757527734 206.6324484944531 5.444999999999991
  endloop
endfacet
facet normal -0.2664706356037289 0.96384303720105 0.0
  outer loop
    vertex 47.05055467511886 206.76126188589527 5.444999999999991
    vertex 46.58462757527734 206.6324484944531 6.244999999999991
    vertex 47.05055467511886 206.76126188589527 6.244999999999991
  endloop
endfacet
facet normal -0.08182694707111543 0.9966465525616497 0.0
  outer loop
    vertex 47.05055467511886 206.76126188589527 6.244999999999991
    vertex 47.57353407290016 206.80419968304267 5.444999999999991
    vertex 47.05055467511886 206.76126188589527 5.444999999999991
  endloop
endfacet
facet normal -0.08182694707111543 0.9966465525616497 0.0
  outer loop
    vertex 47.57353407290016 206.80419968304267 5.444999999999991
    vertex 47.05055467511886 206.76126188589527 6.244999999999991
    vertex 47.57353407290016 206.80419968304267 6.244999999999991
  endloop
endfacet
facet normal 0.08189586884508329 0.9966408915281919 0.0
  outer loop
    vertex 47.57353407290016 206.80419968304267 6.244999999999991
    vertex 48.08522187004755 206.7621533280506 5.444999999999991
    vertex 47.57353407290016 206.80419968304267 5.444999999999991
  endloop
endfacet
facet normal 0.08189586884508329 0.9966408915281919 0.0
  outer loop
    vertex 48.08522187004755 206.7621533280506 5.444999999999991
    vertex 47.57353407290016 206.80419968304267 6.244999999999991
    vertex 48.08522187004755 206.7621533280506 6.244999999999991
  endloop
endfacet
facet normal 0.2641439647874922 0.9644832636527936 0.0
  outer loop
    vertex 48.08522187004755 206.7621533280506 6.244999999999991
    vertex 48.54580031695722 206.63601426307434 5.444999999999991
    vertex 48.08522187004755 206.7621533280506 5.444999999999991
  endloop
endfacet
facet normal 0.2641439647874922 0.9644832636527936 0.0
  outer loop
    vertex 48.54580031695722 206.63601426307434 5.444999999999991
    vertex 48.08522187004755 206.7621533280506 6.244999999999991
    vertex 48.54580031695722 206.63601426307434 6.244999999999991
  endloop
endfacet
facet normal 0.4567425521886753 0.8895989214360454 0.0
  outer loop
    vertex 48.54580031695722 206.63601426307434 6.244999999999991
    vertex 48.955269413629175 206.42578248811395 5.444999999999991
    vertex 48.54580031695722 206.63601426307434 5.444999999999991
  endloop
endfacet
facet normal 0.4567425521886753 0.8895989214360454 0.0
  outer loop
    vertex 48.955269413629175 206.42578248811395 5.444999999999991
    vertex 48.54580031695722 206.63601426307434 6.244999999999991
    vertex 48.955269413629175 206.42578248811395 6.244999999999991
  endloop
endfacet
facet normal 0.6346847633752976 0.7727711505609164 0.0
  outer loop
    vertex 48.955269413629175 206.42578248811395 6.244999999999991
    vertex 49.31362916006339 206.13145800316943 5.444999999999991
    vertex 48.955269413629175 206.42578248811395 5.444999999999991
  endloop
endfacet
facet normal 0.6346847633752976 0.7727711505609164 0.0
  outer loop
    vertex 49.31362916006339 206.13145800316943 5.444999999999991
    vertex 48.955269413629175 206.42578248811395 6.244999999999991
    vertex 49.31362916006339 206.13145800316943 6.244999999999991
  endloop
endfacet
facet normal 0.7787408782798572 0.627345713698529 0.0
  outer loop
    vertex 49.31362916006339 206.13145800316943 5.444999999999991
    vertex 49.60483359746435 205.76997820919163 6.244999999999991
    vertex 49.60483359746435 205.76997820919163 5.444999999999991
  endloop
endfacet
facet normal 0.7787408782798572 0.627345713698529 0.0
  outer loop
    vertex 49.60483359746435 205.76997820919163 6.244999999999991
    vertex 49.31362916006339 206.13145800316943 5.444999999999991
    vertex 49.31362916006339 206.13145800316943 6.244999999999991
  endloop
endfacet
facet normal 0.8925511813739367 0.4509461039059876 0.0
  outer loop
    vertex 49.60483359746435 205.76997820919163 5.444999999999991
    vertex 49.81283676703645 205.3582805071314 6.244999999999991
    vertex 49.81283676703645 205.3582805071314 5.444999999999991
  endloop
endfacet
facet normal 0.8925511813739367 0.4509461039059876 0.0
  outer loop
    vertex 49.81283676703645 205.3582805071314 6.244999999999991
    vertex 49.60483359746435 205.76997820919163 5.444999999999991
    vertex 49.60483359746435 205.76997820919163 6.244999999999991
  endloop
endfacet
facet normal 0.965384527564374 0.26083081478098075 0.0
  outer loop
    vertex 49.81283676703645 205.3582805071314 5.444999999999991
    vertex 49.93763866877971 204.89636489698879 6.244999999999991
    vertex 49.93763866877971 204.89636489698879 5.444999999999991
  endloop
endfacet
facet normal 0.965384527564374 0.26083081478098075 0.0
  outer loop
    vertex 49.93763866877971 204.89636489698879 6.244999999999991
    vertex 49.81283676703645 205.3582805071314 5.444999999999991
    vertex 49.81283676703645 205.3582805071314 6.244999999999991
  endloop
endfacet
facet normal 0.9967170765080735 0.08096338306419242 0.0
  outer loop
    vertex 49.93763866877971 204.89636489698879 5.444999999999991
    vertex 49.97923930269414 204.38423137876373 6.244999999999991
    vertex 49.97923930269414 204.38423137876373 5.444999999999991
  endloop
endfacet
facet normal 0.9967170765080735 0.08096338306419242 0.0
  outer loop
    vertex 49.97923930269414 204.38423137876373 6.244999999999991
    vertex 49.93763866877971 204.89636489698879 5.444999999999991
    vertex 49.93763866877971 204.89636489698879 6.244999999999991
  endloop
endfacet
facet normal -0.9867058655781953 -0.162516260212892 0.0
  outer loop
    vertex 48.361568938193344 204.73783676703633 6.244999999999991
    vertex 48.41980982567354 204.38423137876373 5.444999999999991
    vertex 48.41980982567354 204.38423137876373 6.244999999999991
  endloop
endfacet
facet normal -0.9867058655781953 -0.162516260212892 0.0
  outer loop
    vertex 48.41980982567354 204.38423137876373 5.444999999999991
    vertex 48.361568938193344 204.73783676703633 6.244999999999991
    vertex 48.361568938193344 204.73783676703633 5.444999999999991
  endloop
endfacet
facet normal -0.8709050909241196 -0.4914512413276122 0.0
  outer loop
    vertex 48.18684627575278 205.04746434231365 6.244999999999991
    vertex 48.361568938193344 204.73783676703633 5.444999999999991
    vertex 48.361568938193344 204.73783676703633 6.244999999999991
  endloop
endfacet
facet normal -0.8709050909241196 -0.4914512413276122 0.0
  outer loop
    vertex 48.361568938193344 204.73783676703633 5.444999999999991
    vertex 48.18684627575278 205.04746434231365 6.244999999999991
    vertex 48.18684627575278 205.04746434231365 5.444999999999991
  endloop
endfacet
facet normal -0.6278538677548572 -0.7783312410184151 0.0
  outer loop
    vertex 48.18684627575278 205.04746434231365 6.244999999999991
    vertex 47.91941362916007 205.26319334389845 5.444999999999991
    vertex 48.18684627575278 205.04746434231365 5.444999999999991
  endloop
endfacet
facet normal -0.6278538677548572 -0.7783312410184151 0.0
  outer loop
    vertex 47.91941362916007 205.26319334389845 5.444999999999991
    vertex 48.18684627575278 205.04746434231365 6.244999999999991
    vertex 47.91941362916007 205.26319334389845 6.244999999999991
  endloop
endfacet
facet normal -0.20905709506933026 -0.9779034364400062 0.0
  outer loop
    vertex 47.91941362916007 205.26319334389845 6.244999999999991
    vertex 47.583042789223455 205.33510301109334 5.444999999999991
    vertex 47.91941362916007 205.26319334389845 5.444999999999991
  endloop
endfacet
facet normal -0.20905709506933026 -0.9779034364400062 0.0
  outer loop
    vertex 47.583042789223455 205.33510301109334 5.444999999999991
    vertex 47.91941362916007 205.26319334389845 6.244999999999991
    vertex 47.583042789223455 205.33510301109334 6.244999999999991
  endloop
endfacet
facet normal 0.2104562604942717 -0.9776032745540327 0.0
  outer loop
    vertex 47.583042789223455 205.33510301109334 6.244999999999991
    vertex 47.24072900158479 205.26141045958784 5.444999999999991
    vertex 47.583042789223455 205.33510301109334 5.444999999999991
  endloop
endfacet
facet normal 0.2104562604942717 -0.9776032745540327 0.0
  outer loop
    vertex 47.24072900158479 205.26141045958784 5.444999999999991
    vertex 47.583042789223455 205.33510301109334 6.244999999999991
    vertex 47.24072900158479 205.26141045958784 6.244999999999991
  endloop
endfacet
facet normal 0.6255149428094423 -0.7802121867300588 0.0
  outer loop
    vertex 47.24072900158479 205.26141045958784 6.244999999999991
    vertex 46.96497622820919 205.04033280507116 5.444999999999991
    vertex 47.24072900158479 205.26141045958784 5.444999999999991
  endloop
endfacet
facet normal 0.6255149428094423 -0.7802121867300588 0.0
  outer loop
    vertex 46.96497622820919 205.04033280507116 5.444999999999991
    vertex 47.24072900158479 205.26141045958784 6.244999999999991
    vertex 46.96497622820919 205.04033280507116 6.244999999999991
  endloop
endfacet
facet normal 0.8699242321384671 -0.49318539144858936 0.0
  outer loop
    vertex 46.96497622820919 205.04033280507116 5.444999999999991
    vertex 46.79381933438985 204.73843106180652 6.244999999999991
    vertex 46.79381933438985 204.73843106180652 5.444999999999991
  endloop
endfacet
facet normal 0.8699242321384671 -0.49318539144858936 0.0
  outer loop
    vertex 46.79381933438985 204.73843106180652 6.244999999999991
    vertex 46.96497622820919 205.04033280507116 5.444999999999991
    vertex 46.96497622820919 205.04033280507116 6.244999999999991
  endloop
endfacet
facet normal 0.9872746991625224 -0.1590241126167695 0.0
  outer loop
    vertex 46.79381933438985 204.73843106180652 5.444999999999991
    vertex 46.73676703645008 204.38423137876373 6.244999999999991
    vertex 46.73676703645008 204.38423137876373 5.444999999999991
  endloop
endfacet
facet normal 0.9872746991625224 -0.1590241126167695 0.0
  outer loop
    vertex 46.73676703645008 204.38423137876373 6.244999999999991
    vertex 46.79381933438985 204.73843106180652 5.444999999999991
    vertex 46.79381933438985 204.73843106180652 6.244999999999991
  endloop
endfacet
facet normal 0.9875223914433894 0.1574786537849799 0.0
  outer loop
    vertex 46.73676703645008 204.38423137876373 5.444999999999991
    vertex 46.79381933438985 204.0264659270997 6.244999999999991
    vertex 46.79381933438985 204.0264659270997 5.444999999999991
  endloop
endfacet
facet normal 0.9875223914433894 0.1574786537849799 0.0
  outer loop
    vertex 46.79381933438985 204.0264659270997 6.244999999999991
    vertex 46.73676703645008 204.38423137876373 5.444999999999991
    vertex 46.73676703645008 204.38423137876373 6.244999999999991
  endloop
endfacet
facet normal 0.8707535670801735 0.4917196614099889 0.0
  outer loop
    vertex 46.79381933438985 204.0264659270997 5.444999999999991
    vertex 46.96497622820919 203.72337559429465 6.244999999999991
    vertex 46.96497622820919 203.72337559429465 5.444999999999991
  endloop
endfacet
facet normal 0.8707535670801735 0.4917196614099889 0.0
  outer loop
    vertex 46.96497622820919 203.72337559429465 6.244999999999991
    vertex 46.79381933438985 204.0264659270997 5.444999999999991
    vertex 46.79381933438985 204.0264659270997 6.244999999999991
  endloop
endfacet
facet normal 0.6255149428094423 0.7802121867300588 0.0
  outer loop
    vertex 46.96497622820919 203.72337559429465 6.244999999999991
    vertex 47.24072900158479 203.50229793977797 5.444999999999991
    vertex 46.96497622820919 203.72337559429465 5.444999999999991
  endloop
endfacet
facet normal 0.6255149428094423 0.7802121867300588 0.0
  outer loop
    vertex 47.24072900158479 203.50229793977797 5.444999999999991
    vertex 46.96497622820919 203.72337559429465 6.244999999999991
    vertex 47.24072900158479 203.50229793977797 6.244999999999991
  endloop
endfacet
facet normal 0.2104562604942698 0.9776032745540331 0.0
  outer loop
    vertex 47.24072900158479 203.50229793977797 6.244999999999991
    vertex 47.583042789223455 203.42860538827244 5.444999999999991
    vertex 47.24072900158479 203.50229793977797 5.444999999999991
  endloop
endfacet
facet normal 0.2104562604942698 0.9776032745540331 0.0
  outer loop
    vertex 47.583042789223455 203.42860538827244 5.444999999999991
    vertex 47.24072900158479 203.50229793977797 6.244999999999991
    vertex 47.583042789223455 203.42860538827244 6.244999999999991
  endloop
endfacet
facet normal -0.21257198386223236 0.9771454096893025 0.0
  outer loop
    vertex 47.583042789223455 203.42860538827244 6.244999999999991
    vertex 47.92179080824089 203.50229793977797 5.444999999999991
    vertex 47.583042789223455 203.42860538827244 5.444999999999991
  endloop
endfacet
facet normal -0.21257198386223236 0.9771454096893025 0.0
  outer loop
    vertex 47.92179080824089 203.50229793977797 5.444999999999991
    vertex 47.583042789223455 203.42860538827244 6.244999999999991
    vertex 47.92179080824089 203.50229793977797 6.244999999999991
  endloop
endfacet
facet normal -0.6271591171886106 0.778891161669718 0.0
  outer loop
    vertex 47.92179080824089 203.50229793977797 6.244999999999991
    vertex 48.19635499207607 203.72337559429465 5.444999999999991
    vertex 47.92179080824089 203.50229793977797 5.444999999999991
  endloop
endfacet
facet normal -0.6271591171886106 0.778891161669718 0.0
  outer loop
    vertex 48.19635499207607 203.72337559429465 5.444999999999991
    vertex 47.92179080824089 203.50229793977797 6.244999999999991
    vertex 48.19635499207607 203.72337559429465 6.244999999999991
  endloop
endfacet
facet normal -0.8751268117320239 0.4838936488400555 0.0
  outer loop
    vertex 48.36394611727417 204.0264659270997 6.244999999999991
    vertex 48.19635499207607 203.72337559429465 5.444999999999991
    vertex 48.19635499207607 203.72337559429465 6.244999999999991
  endloop
endfacet
facet normal -0.8751268117320239 0.4838936488400555 0.0
  outer loop
    vertex 48.19635499207607 203.72337559429465 5.444999999999991
    vertex 48.36394611727417 204.0264659270997 6.244999999999991
    vertex 48.36394611727417 204.0264659270997 5.444999999999991
  endloop
endfacet
facet normal -0.9880276744537448 0.154276746509398 0.0
  outer loop
    vertex 48.41980982567354 204.38423137876373 6.244999999999991
    vertex 48.36394611727417 204.0264659270997 5.444999999999991
    vertex 48.36394611727417 204.0264659270997 6.244999999999991
  endloop
endfacet
facet normal -0.9880276744537448 0.154276746509398 0.0
  outer loop
    vertex 48.36394611727417 204.0264659270997 5.444999999999991
    vertex 48.41980982567354 204.38423137876373 6.244999999999991
    vertex 48.41980982567354 204.38423137876373 5.444999999999991
  endloop
endfacet
facet normal 0.0 0.0 1.0
  outer loop
    vertex 50.653169572107764 202.09619651347055 6.244999999999991
    vertex 50.62107765451665 203.3192551505545 6.244999999999991
    vertex 50.61632329635499 202.20198098256722 6.244999999999991
  endloop
endfacet
facet normal 0.0 0.0 1.0
  outer loop
    vertex 50.62107765451665 203.3192551505545 6.244999999999991
    vertex 50.653169572107764 202.09619651347055 6.244999999999991
    vertex 50.62583201267829 204.44128367670353 6.244999999999991
  endloop
endfacet
facet normal 0.0 0.0 1.0
  outer loop
    vertex 53.604437400950864 202.10808240887465 6.244999999999991
    vertex 53.583042789223455 202.91513470681446 6.244999999999991
    vertex 53.56877971473852 202.2400158478604 6.244999999999991
  endloop
endfacet
facet normal 0.0 0.0 1.0
  outer loop
    vertex 53.583042789223455 202.91513470681446 6.244999999999991
    vertex 53.604437400950864 202.10808240887465 6.244999999999991
    vertex 53.5973058637084 203.59500792393015 6.244999999999991
  endloop
endfacet
facet normal 0.0 0.0 1.0
  outer loop
    vertex 55.24706814580031 202.0819334389856 6.244999999999991
    vertex 55.27559429477021 203.1076862123612 6.244999999999991
    vertex 55.27083993660856 204.03240887480177 6.244999999999991
  endloop
endfacet
facet normal 0.0 0.0 1.0
  outer loop
    vertex 55.27559429477021 203.1076862123612 6.244999999999991
    vertex 55.24706814580031 202.0819334389856 6.244999999999991
    vertex 55.280348652931856 202.18296354992063 6.244999999999991
  endloop
endfacet
facet normal 0.0 0.0 1.0
  outer loop
    vertex 50.440412044374014 206.30023771790795 6.244999999999991
    vertex 50.50221870047544 206.47614896988895 6.244999999999991
    vertex 50.43090332805072 206.37155309033267 6.244999999999991
  endloop
endfacet
facet normal 0.0 0.0 1.0
  outer loop
    vertex 50.50221870047544 206.47614896988895 6.244999999999991
    vertex 50.440412044374014 206.30023771790795 6.244999999999991
    vertex 50.57947702060222 205.4979397781298 6.244999999999991
  endloop
endfacet
facet normal 0.0 0.0 1.0
  outer loop
    vertex 50.50221870047544 206.47614896988895 6.244999999999991
    vertex 50.57947702060222 205.4979397781298 6.244999999999991
    vertex 51.30095087163233 206.5807448494452 6.244999999999991
  endloop
endfacet
facet normal 0.0 0.0 1.0
  outer loop
    vertex 51.30095087163233 206.5807448494452 6.244999999999991
    vertex 50.57947702060222 205.4979397781298 6.244999999999991
    vertex 50.62583201267829 204.44128367670353 6.244999999999991
  endloop
endfacet
facet normal 0.0 0.0 1.0
  outer loop
    vertex 51.30095087163233 206.5807448494452 6.244999999999991
    vertex 50.62583201267829 204.44128367670353 6.244999999999991
    vertex 50.653169572107764 202.09619651347055 6.244999999999991
  endloop
endfacet
facet normal 0.0 0.0 1.0
  outer loop
    vertex 51.30095087163233 206.5807448494452 6.244999999999991
    vertex 50.653169572107764 202.09619651347055 6.244999999999991
    vertex 50.76370839936609 202.04508716323284 6.244999999999991
  endloop
endfacet
facet normal 0.0 0.0 1.0
  outer loop
    vertex 51.30095087163233 206.5807448494452 6.244999999999991
    vertex 50.76370839936609 202.04508716323284 6.244999999999991
    vertex 51.486370839936605 202.01656101426292 6.244999999999991
  endloop
endfacet
facet normal 0.0 0.0 1.0
  outer loop
    vertex 51.30095087163233 206.5807448494452 6.244999999999991
    vertex 51.486370839936605 202.01656101426292 6.244999999999991
    vertex 52.15198098256735 206.72812995245627 6.244999999999991
  endloop
endfacet
facet normal 0.0 0.0 1.0
  outer loop
    vertex 52.15198098256735 206.72812995245627 6.244999999999991
    vertex 51.486370839936605 202.01656101426292 6.244999999999991
    vertex 52.166244057052296 202.03557844690954 6.244999999999991
  endloop
endfacet
facet normal 0.0 0.0 1.0
  outer loop
    vertex 52.15198098256735 206.72812995245627 6.244999999999991
    vertex 52.166244057052296 202.03557844690954 6.244999999999991
    vertex 52.23280507131538 206.407210776545 6.244999999999991
  endloop
endfacet
facet normal 0.0 0.0 1.0
  outer loop
    vertex 52.23280507131538 206.407210776545 6.244999999999991
    vertex 52.166244057052296 202.03557844690954 6.244999999999991
    vertex 52.27678288431063 202.0890649762281 6.244999999999991
  endloop
endfacet
facet normal 0.0 0.0 1.0
  outer loop
    vertex 52.23280507131538 206.407210776545 6.244999999999991
    vertex 52.27678288431063 202.0890649762281 6.244999999999991
    vertex 52.31362916006339 206.08629160063376 6.244999999999991
  endloop
endfacet
facet normal 0.0 0.0 1.0
  outer loop
    vertex 52.31362916006339 206.08629160063376 6.244999999999991
    vertex 52.27678288431063 202.0890649762281 6.244999999999991
    vertex 52.31362916006339 202.21148969889052 6.244999999999991
  endloop
endfacet
facet normal 0.0 0.0 1.0
  outer loop
    vertex 52.31362916006339 206.08629160063376 6.244999999999991
    vertex 52.31362916006339 202.21148969889052 6.244999999999991
    vertex 52.31362916006339 204.77884310618052 6.244999999999991
  endloop
endfacet
facet normal 0.0 0.0 1.0
  outer loop
    vertex 52.31362916006339 206.08629160063376 6.244999999999991
    vertex 52.31362916006339 204.77884310618052 6.244999999999991
    vertex 52.38019017432647 204.9559429477019 6.244999999999991
  endloop
endfacet
facet normal 0.0 0.0 1.0
  outer loop
    vertex 52.31362916006339 206.08629160063376 6.244999999999991
    vertex 52.38019017432647 204.9559429477019 6.244999999999991
    vertex 52.82472266244057 206.41671949286834 6.244999999999991
  endloop
endfacet
facet normal 0.0 0.0 1.0
  outer loop
    vertex 52.82472266244057 206.41671949286834 6.244999999999991
    vertex 52.38019017432647 204.9559429477019 6.244999999999991
    vertex 52.57987321711568 205.13541996830412 6.244999999999991
  endloop
endfacet
facet normal 0.0 0.0 1.0
  outer loop
    vertex 52.82472266244057 206.41671949286834 6.244999999999991
    vertex 52.57987321711568 205.13541996830412 6.244999999999991
    vertex 53.012519809825676 205.29706814580018 6.244999999999991
  endloop
endfacet
facet normal 0.0 0.0 1.0
  outer loop
    vertex 52.82472266244057 206.41671949286834 6.244999999999991
    vertex 53.012519809825676 205.29706814580018 6.244999999999991
    vertex 53.353050713153735 206.66454041204423 6.244999999999991
  endloop
endfacet
facet normal 0.0 0.0 1.0
  outer loop
    vertex 53.353050713153735 206.66454041204423 6.244999999999991
    vertex 53.012519809825676 205.29706814580018 6.244999999999991
    vertex 53.260043581616486 205.25635895404105 6.244999999999991
  endloop
endfacet
facet normal 0.0 0.0 1.0
  outer loop
    vertex 53.353050713153735 206.66454041204423 6.244999999999991
    vertex 53.260043581616486 205.25635895404105 6.244999999999991
    vertex 53.43684627575277 205.13423137876373 6.244999999999991
  endloop
endfacet
facet normal 0.0 0.0 1.0
  outer loop
    vertex 53.353050713153735 206.66454041204423 6.244999999999991
    vertex 53.43684627575277 205.13423137876373 6.244999999999991
    vertex 53.811251980982576 206.74714738510286 6.244999999999991
  endloop
endfacet
facet normal 0.0 0.0 1.0
  outer loop
    vertex 53.811251980982576 206.74714738510286 6.244999999999991
    vertex 53.43684627575277 205.13423137876373 6.244999999999991
    vertex 53.54292789223456 204.93068541996817 6.244999999999991
  endloop
endfacet
facet normal 0.0 0.0 1.0
  outer loop
    vertex 53.811251980982576 206.74714738510286 6.244999999999991
    vertex 53.54292789223456 204.93068541996817 6.244999999999991
    vertex 53.578288431061814 204.6457210776544 6.244999999999991
  endloop
endfacet
facet normal 0.0 0.0 1.0
  outer loop
    vertex 53.811251980982576 206.74714738510286 6.244999999999991
    vertex 53.578288431061814 204.6457210776544 6.244999999999991
    vertex 53.58779714738511 204.12036450079228 6.244999999999991
  endloop
endfacet
facet normal 0.0 0.0 1.0
  outer loop
    vertex 53.811251980982576 206.74714738510286 6.244999999999991
    vertex 53.58779714738511 204.12036450079228 6.244999999999991
    vertex 53.5973058637084 203.59500792393015 6.244999999999991
  endloop
endfacet
facet normal 0.0 0.0 1.0
  outer loop
    vertex 53.811251980982576 206.74714738510286 6.244999999999991
    vertex 53.5973058637084 203.59500792393015 6.244999999999991
    vertex 53.604437400950864 202.10808240887465 6.244999999999991
  endloop
endfacet
facet normal 0.0 0.0 1.0
  outer loop
    vertex 53.811251980982576 206.74714738510286 6.244999999999991
    vertex 53.604437400950864 202.10808240887465 6.244999999999991
    vertex 53.71141045958797 202.04508716323284 6.244999999999991
  endloop
endfacet
facet normal 0.0 0.0 1.0
  outer loop
    vertex 53.811251980982576 206.74714738510286 6.244999999999991
    vertex 53.71141045958797 202.04508716323284 6.244999999999991
    vertex 54.45309033280508 202.01656101426292 6.244999999999991
  endloop
endfacet
facet normal 0.0 0.0 1.0
  outer loop
    vertex 53.811251980982576 206.74714738510286 6.244999999999991
    vertex 54.45309033280508 202.01656101426292 6.244999999999991
    vertex 54.36513470681458 206.67583201267817 6.244999999999991
  endloop
endfacet
facet normal 0.0 0.0 1.0
  outer loop
    vertex 54.36513470681458 206.67583201267817 6.244999999999991
    vertex 54.45309033280508 202.01656101426292 6.244999999999991
    vertex 54.81917591125199 206.46188589540398 6.244999999999991
  endloop
endfacet
facet normal 0.0 0.0 1.0
  outer loop
    vertex 54.81917591125199 206.46188589540398 6.244999999999991
    vertex 54.45309033280508 202.01656101426292 6.244999999999991
    vertex 55.14722662440571 202.03557844690954 6.244999999999991
  endloop
endfacet
facet normal 0.0 0.0 1.0
  outer loop
    vertex 54.81917591125199 206.46188589540398 6.244999999999991
    vertex 55.14722662440571 202.03557844690954 6.244999999999991
    vertex 55.15792393026941 206.069651347068 6.244999999999991
  endloop
endfacet
facet normal 0.0 0.0 1.0
  outer loop
    vertex 55.15792393026941 206.069651347068 6.244999999999991
    vertex 55.14722662440571 202.03557844690954 6.244999999999991
    vertex 55.24706814580031 202.0819334389856 6.244999999999991
  endloop
endfacet
facet normal 0.0 0.0 1.0
  outer loop
    vertex 55.15792393026941 206.069651347068 6.244999999999991
    vertex 55.24706814580031 202.0819334389856 6.244999999999991
    vertex 55.27083993660856 205.54904912836756 6.244999999999991
  endloop
endfacet
facet normal 0.0 0.0 1.0
  outer loop
    vertex 55.27083993660856 205.54904912836756 6.244999999999991
    vertex 55.24706814580031 202.0819334389856 6.244999999999991
    vertex 55.27083993660856 204.03240887480177 6.244999999999991
  endloop
endfacet
facet normal 0.9497947810490946 -0.31287357493387385 0.0
  outer loop
    vertex 55.280348652931856 202.18296354992063 5.444999999999991
    vertex 55.24706814580031 202.0819334389856 6.244999999999991
    vertex 55.24706814580031 202.0819334389856 5.444999999999991
  endloop
endfacet
facet normal 0.9497947810490946 -0.31287357493387385 0.0
  outer loop
    vertex 55.24706814580031 202.0819334389856 6.244999999999991
    vertex 55.280348652931856 202.18296354992063 5.444999999999991
    vertex 55.280348652931856 202.18296354992063 6.244999999999991
  endloop
endfacet
facet normal 0.4211113064546482 -0.9070089677484229 0.0
  outer loop
    vertex 55.24706814580031 202.0819334389856 6.244999999999991
    vertex 55.14722662440571 202.03557844690954 5.444999999999991
    vertex 55.24706814580031 202.0819334389856 5.444999999999991
  endloop
endfacet
facet normal 0.4211113064546482 -0.9070089677484229 0.0
  outer loop
    vertex 55.14722662440571 202.03557844690954 5.444999999999991
    vertex 55.24706814580031 202.0819334389856 6.244999999999991
    vertex 55.14722662440571 202.03557844690954 6.244999999999991
  endloop
endfacet
facet normal 0.027386983731872927 -0.9996249062133608 0.0
  outer loop
    vertex 55.14722662440571 202.03557844690954 6.244999999999991
    vertex 54.45309033280508 202.01656101426292 5.444999999999991
    vertex 55.14722662440571 202.03557844690954 5.444999999999991
  endloop
endfacet
facet normal 0.027386983731872927 -0.9996249062133608 0.0
  outer loop
    vertex 54.45309033280508 202.01656101426292 5.444999999999991
    vertex 55.14722662440571 202.03557844690954 6.244999999999991
    vertex 54.45309033280508 202.01656101426292 6.244999999999991
  endloop
endfacet
facet normal -0.038433122101204795 -0.9992611746313143 0.0
  outer loop
    vertex 54.45309033280508 202.01656101426292 6.244999999999991
    vertex 53.71141045958797 202.04508716323284 5.444999999999991
    vertex 54.45309033280508 202.01656101426292 5.444999999999991
  endloop
endfacet
facet normal -0.038433122101204795 -0.9992611746313143 0.0
  outer loop
    vertex 53.71141045958797 202.04508716323284 5.444999999999991
    vertex 54.45309033280508 202.01656101426292 6.244999999999991
    vertex 53.71141045958797 202.04508716323284 6.244999999999991
  endloop
endfacet
facet normal -0.5074384814422153 -0.8616879873548307 0.0
  outer loop
    vertex 53.71141045958797 202.04508716323284 6.244999999999991
    vertex 53.604437400950864 202.10808240887465 5.444999999999991
    vertex 53.71141045958797 202.04508716323284 5.444999999999991
  endloop
endfacet
facet normal -0.5074384814422153 -0.8616879873548307 0.0
  outer loop
    vertex 53.604437400950864 202.10808240887465 5.444999999999991
    vertex 53.71141045958797 202.04508716323284 6.244999999999991
    vertex 53.604437400950864 202.10808240887465 6.244999999999991
  endloop
endfacet
facet normal -0.9653633930282846 -0.26090902514270714 0.0
  outer loop
    vertex 53.56877971473852 202.2400158478604 6.244999999999991
    vertex 53.604437400950864 202.10808240887465 5.444999999999991
    vertex 53.604437400950864 202.10808240887465 6.244999999999991
  endloop
endfacet
facet normal -0.9653633930282846 -0.26090902514270714 0.0
  outer loop
    vertex 53.604437400950864 202.10808240887465 5.444999999999991
    vertex 53.56877971473852 202.2400158478604 6.244999999999991
    vertex 53.56877971473852 202.2400158478604 5.444999999999991
  endloop
endfacet
facet normal -0.9997769046735498 0.021122047281829696 0.0
  outer loop
    vertex 53.583042789223455 202.91513470681446 6.244999999999991
    vertex 53.56877971473852 202.2400158478604 5.444999999999991
    vertex 53.56877971473852 202.2400158478604 6.244999999999991
  endloop
endfacet
facet normal -0.9997769046735498 0.021122047281829696 0.0
  outer loop
    vertex 53.56877971473852 202.2400158478604 5.444999999999991
    vertex 53.583042789223455 202.91513470681446 6.244999999999991
    vertex 53.583042789223455 202.91513470681446 5.444999999999991
  endloop
endfacet
facet normal -0.999780012952131 0.02097440586612281 0.0
  outer loop
    vertex 53.5973058637084 203.59500792393015 6.244999999999991
    vertex 53.583042789223455 202.91513470681446 5.444999999999991
    vertex 53.583042789223455 202.91513470681446 6.244999999999991
  endloop
endfacet
facet normal -0.999780012952131 0.02097440586612281 0.0
  outer loop
    vertex 53.583042789223455 202.91513470681446 5.444999999999991
    vertex 53.5973058637084 203.59500792393015 6.244999999999991
    vertex 53.5973058637084 203.59500792393015 5.444999999999991
  endloop
endfacet
facet normal -0.9998362434230523 -0.018096583591355273 0.0
  outer loop
    vertex 53.58779714738511 204.12036450079228 6.244999999999991
    vertex 53.5973058637084 203.59500792393015 5.444999999999991
    vertex 53.5973058637084 203.59500792393015 6.244999999999991
  endloop
endfacet
facet normal -0.9998362434230523 -0.018096583591355273 0.0
  outer loop
    vertex 53.5973058637084 203.59500792393015 5.444999999999991
    vertex 53.58779714738511 204.12036450079228 6.244999999999991
    vertex 53.58779714738511 204.12036450079228 5.444999999999991
  endloop
endfacet
facet normal -0.9998362434230523 -0.018096583591355273 0.0
  outer loop
    vertex 53.578288431061814 204.6457210776544 6.244999999999991
    vertex 53.58779714738511 204.12036450079228 5.444999999999991
    vertex 53.58779714738511 204.12036450079228 6.244999999999991
  endloop
endfacet
facet normal -0.9998362434230523 -0.018096583591355273 0.0
  outer loop
    vertex 53.58779714738511 204.12036450079228 5.444999999999991
    vertex 53.578288431061814 204.6457210776544 6.244999999999991
    vertex 53.578288431061814 204.6457210776544 5.444999999999991
  endloop
endfacet
facet normal -0.9923889179693313 -0.12314315040496532 0.0
  outer loop
    vertex 53.54292789223456 204.93068541996817 6.244999999999991
    vertex 53.578288431061814 204.6457210776544 5.444999999999991
    vertex 53.578288431061814 204.6457210776544 6.244999999999991
  endloop
endfacet
facet normal -0.9923889179693313 -0.12314315040496532 0.0
  outer loop
    vertex 53.578288431061814 204.6457210776544 5.444999999999991
    vertex 53.54292789223456 204.93068541996817 6.244999999999991
    vertex 53.54292789223456 204.93068541996817 5.444999999999991
  endloop
endfacet
facet normal -0.8867925063181604 -0.4621677733658584 0.0
  outer loop
    vertex 53.43684627575277 205.13423137876373 6.244999999999991
    vertex 53.54292789223456 204.93068541996817 5.444999999999991
    vertex 53.54292789223456 204.93068541996817 6.244999999999991
  endloop
endfacet
facet normal -0.8867925063181604 -0.4621677733658584 0.0
  outer loop
    vertex 53.54292789223456 204.93068541996817 5.444999999999991
    vertex 53.43684627575277 205.13423137876373 6.244999999999991
    vertex 53.43684627575277 205.13423137876373 5.444999999999991
  endloop
endfacet
facet normal -0.5683467738991139 -0.8227891252310457 0.0
  outer loop
    vertex 53.43684627575277 205.13423137876373 6.244999999999991
    vertex 53.260043581616486 205.25635895404105 5.444999999999991
    vertex 53.43684627575277 205.13423137876373 5.444999999999991
  endloop
endfacet
facet normal -0.5683467738991139 -0.8227891252310457 0.0
  outer loop
    vertex 53.260043581616486 205.25635895404105 5.444999999999991
    vertex 53.43684627575277 205.13423137876373 6.244999999999991
    vertex 53.260043581616486 205.25635895404105 6.244999999999991
  endloop
endfacet
facet normal -0.16228559973166892 -0.9867438290254127 0.0
  outer loop
    vertex 53.260043581616486 205.25635895404105 6.244999999999991
    vertex 53.012519809825676 205.29706814580018 5.444999999999991
    vertex 53.260043581616486 205.25635895404105 5.444999999999991
  endloop
endfacet
facet normal -0.16228559973166892 -0.9867438290254127 0.0
  outer loop
    vertex 53.012519809825676 205.29706814580018 5.444999999999991
    vertex 53.260043581616486 205.25635895404105 6.244999999999991
    vertex 53.012519809825676 205.29706814580018 6.244999999999991
  endloop
endfacet
facet normal 0.3499950801210351 -0.9367515379710196 0.0
  outer loop
    vertex 53.012519809825676 205.29706814580018 6.244999999999991
    vertex 52.57987321711568 205.13541996830412 5.444999999999991
    vertex 53.012519809825676 205.29706814580018 5.444999999999991
  endloop
endfacet
facet normal 0.3499950801210351 -0.9367515379710196 0.0
  outer loop
    vertex 52.57987321711568 205.13541996830412 5.444999999999991
    vertex 53.012519809825676 205.29706814580018 6.244999999999991
    vertex 52.57987321711568 205.13541996830412 6.244999999999991
  endloop
endfacet
facet normal 0.6684754166426661 -0.7437342383838559 0.0
  outer loop
    vertex 52.57987321711568 205.13541996830412 6.244999999999991
    vertex 52.38019017432647 204.9559429477019 5.444999999999991
    vertex 52.57987321711568 205.13541996830412 5.444999999999991
  endloop
endfacet
facet normal 0.6684754166426661 -0.7437342383838559 0.0
  outer loop
    vertex 52.38019017432647 204.9559429477019 5.444999999999991
    vertex 52.57987321711568 205.13541996830412 6.244999999999991
    vertex 52.38019017432647 204.9559429477019 6.244999999999991
  endloop
endfacet
facet normal 0.9360707455211045 -0.3518118238200128 0.0
  outer loop
    vertex 52.38019017432647 204.9559429477019 5.444999999999991
    vertex 52.31362916006339 204.77884310618052 6.244999999999991
    vertex 52.31362916006339 204.77884310618052 5.444999999999991
  endloop
endfacet
facet normal 0.9360707455211045 -0.3518118238200128 0.0
  outer loop
    vertex 52.31362916006339 204.77884310618052 6.244999999999991
    vertex 52.38019017432647 204.9559429477019 5.444999999999991
    vertex 52.38019017432647 204.9559429477019 6.244999999999991
  endloop
endfacet
facet normal 1.0 0.0 0.0
  outer loop
    vertex 52.31362916006339 204.77884310618052 5.444999999999991
    vertex 52.31362916006339 202.21148969889052 6.244999999999991
    vertex 52.31362916006339 202.21148969889052 5.444999999999991
  endloop
endfacet
facet normal 1.0 0.0 0.0
  outer loop
    vertex 52.31362916006339 202.21148969889052 6.244999999999991
    vertex 52.31362916006339 204.77884310618052 5.444999999999991
    vertex 52.31362916006339 204.77884310618052 6.244999999999991
  endloop
endfacet
facet normal 0.9575700303412827 -0.2882006887434429 0.0
  outer loop
    vertex 52.31362916006339 202.21148969889052 5.444999999999991
    vertex 52.27678288431063 202.0890649762281 6.244999999999991
    vertex 52.27678288431063 202.0890649762281 5.444999999999991
  endloop
endfacet
facet normal 0.9575700303412827 -0.2882006887434429 0.0
  outer loop
    vertex 52.27678288431063 202.0890649762281 6.244999999999991
    vertex 52.31362916006339 202.21148969889052 5.444999999999991
    vertex 52.31362916006339 202.21148969889052 6.244999999999991
  endloop
endfacet
facet normal 0.43556092810423663 -0.9001592514155348 0.0
  outer loop
    vertex 52.27678288431063 202.0890649762281 6.244999999999991
    vertex 52.166244057052296 202.03557844690954 5.444999999999991
    vertex 52.27678288431063 202.0890649762281 5.444999999999991
  endloop
endfacet
facet normal 0.43556092810423663 -0.9001592514155348 0.0
  outer loop
    vertex 52.166244057052296 202.03557844690954 5.444999999999991
    vertex 52.27678288431063 202.0890649762281 6.244999999999991
    vertex 52.166244057052296 202.03557844690954 6.244999999999991
  endloop
endfacet
facet normal 0.027961091251812304 -0.9996090122522945 0.0
  outer loop
    vertex 52.166244057052296 202.03557844690954 6.244999999999991
    vertex 51.486370839936605 202.01656101426292 5.444999999999991
    vertex 52.166244057052296 202.03557844690954 5.444999999999991
  endloop
endfacet
facet normal 0.027961091251812304 -0.9996090122522945 0.0
  outer loop
    vertex 51.486370839936605 202.01656101426292 5.444999999999991
    vertex 52.166244057052296 202.03557844690954 6.244999999999991
    vertex 51.486370839936605 202.01656101426292 6.244999999999991
  endloop
endfacet
facet normal -0.03944296671351439 -0.999221823409015 0.0
  outer loop
    vertex 51.486370839936605 202.01656101426292 6.244999999999991
    vertex 50.76370839936609 202.04508716323284 5.444999999999991
    vertex 51.486370839936605 202.01656101426292 5.444999999999991
  endloop
endfacet
facet normal -0.03944296671351439 -0.999221823409015 0.0
  outer loop
    vertex 50.76370839936609 202.04508716323284 5.444999999999991
    vertex 51.486370839936605 202.01656101426292 6.244999999999991
    vertex 50.76370839936609 202.04508716323284 6.244999999999991
  endloop
endfacet
facet normal -0.4196770025096706 -0.9076735170558288 0.0
  outer loop
    vertex 50.76370839936609 202.04508716323284 6.244999999999991
    vertex 50.653169572107764 202.09619651347055 5.444999999999991
    vertex 50.76370839936609 202.04508716323284 5.444999999999991
  endloop
endfacet
facet normal -0.4196770025096706 -0.9076735170558288 0.0
  outer loop
    vertex 50.653169572107764 202.09619651347055 5.444999999999991
    vertex 50.76370839936609 202.04508716323284 6.244999999999991
    vertex 50.653169572107764 202.09619651347055 6.244999999999991
  endloop
endfacet
facet normal -0.9443535608166416 -0.3289321391608453 0.0
  outer loop
    vertex 50.61632329635499 202.20198098256722 6.244999999999991
    vertex 50.653169572107764 202.09619651347055 5.444999999999991
    vertex 50.653169572107764 202.09619651347055 6.244999999999991
  endloop
endfacet
facet normal -0.9443535608166416 -0.3289321391608453 0.0
  outer loop
    vertex 50.653169572107764 202.09619651347055 5.444999999999991
    vertex 50.61632329635499 202.20198098256722 6.244999999999991
    vertex 50.61632329635499 202.20198098256722 5.444999999999991
  endloop
endfacet
facet normal -0.9999909462524273 0.004255280622352939 0.0
  outer loop
    vertex 50.62107765451665 203.3192551505545 6.244999999999991
    vertex 50.61632329635499 202.20198098256722 5.444999999999991
    vertex 50.61632329635499 202.20198098256722 6.244999999999991
  endloop
endfacet
facet normal -0.9999909462524273 0.004255280622352939 0.0
  outer loop
    vertex 50.61632329635499 202.20198098256722 5.444999999999991
    vertex 50.62107765451665 203.3192551505545 6.244999999999991
    vertex 50.62107765451665 203.3192551505545 5.444999999999991
  endloop
endfacet
facet normal -0.9999910228155142 0.004237250096673056 0.0
  outer loop
    vertex 50.62583201267829 204.44128367670353 6.244999999999991
    vertex 50.62107765451665 203.3192551505545 5.444999999999991
    vertex 50.62107765451665 203.3192551505545 6.244999999999991
  endloop
endfacet
facet normal -0.9999910228155142 0.004237250096673056 0.0
  outer loop
    vertex 50.62107765451665 203.3192551505545 5.444999999999991
    vertex 50.62583201267829 204.44128367670353 6.244999999999991
    vertex 50.62583201267829 204.44128367670353 5.444999999999991
  endloop
endfacet
facet normal -0.9990391194828745 -0.043827362946941215 0.0
  outer loop
    vertex 50.57947702060222 205.4979397781298 6.244999999999991
    vertex 50.62583201267829 204.44128367670353 5.444999999999991
    vertex 50.62583201267829 204.44128367670353 6.244999999999991
  endloop
endfacet
facet normal -0.9990391194828745 -0.043827362946941215 0.0
  outer loop
    vertex 50.62583201267829 204.44128367670353 5.444999999999991
    vertex 50.57947702060222 205.4979397781298 6.244999999999991
    vertex 50.57947702060222 205.4979397781298 5.444999999999991
  endloop
endfacet
facet normal -0.9853080203996408 -0.17078672353593893 0.0
  outer loop
    vertex 50.440412044374014 206.30023771790795 6.244999999999991
    vertex 50.57947702060222 205.4979397781298 5.444999999999991
    vertex 50.57947702060222 205.4979397781298 6.244999999999991
  endloop
endfacet
facet normal -0.9853080203996408 -0.17078672353593893 0.0
  outer loop
    vertex 50.57947702060222 205.4979397781298 5.444999999999991
    vertex 50.440412044374014 206.30023771790795 6.244999999999991
    vertex 50.440412044374014 206.30023771790795 5.444999999999991
  endloop
endfacet
facet normal -0.9912279006826362 -0.1321637200910064 0.0
  outer loop
    vertex 50.43090332805072 206.37155309033267 6.244999999999991
    vertex 50.440412044374014 206.30023771790795 5.444999999999991
    vertex 50.440412044374014 206.30023771790795 6.244999999999991
  endloop
endfacet
facet normal -0.9912279006826362 -0.1321637200910064 0.0
  outer loop
    vertex 50.440412044374014 206.30023771790795 5.444999999999991
    vertex 50.43090332805072 206.37155309033267 6.244999999999991
    vertex 50.43090332805072 206.37155309033267 5.444999999999991
  endloop
endfacet
facet normal -0.8262273428075377 0.5633368246415243 0.0
  outer loop
    vertex 50.50221870047544 206.47614896988895 6.244999999999991
    vertex 50.43090332805072 206.37155309033267 5.444999999999991
    vertex 50.43090332805072 206.37155309033267 6.244999999999991
  endloop
endfacet
facet normal -0.8262273428075377 0.5633368246415243 0.0
  outer loop
    vertex 50.43090332805072 206.37155309033267 5.444999999999991
    vertex 50.50221870047544 206.47614896988895 6.244999999999991
    vertex 50.50221870047544 206.47614896988895 5.444999999999991
  endloop
endfacet
facet normal -0.1298437985064727 0.9915344613221522 0.0
  outer loop
    vertex 50.50221870047544 206.47614896988895 6.244999999999991
    vertex 51.30095087163233 206.5807448494452 5.444999999999991
    vertex 50.50221870047544 206.47614896988895 5.444999999999991
  endloop
endfacet
facet normal -0.1298437985064727 0.9915344613221522 0.0
  outer loop
    vertex 51.30095087163233 206.5807448494452 5.444999999999991
    vertex 50.50221870047544 206.47614896988895 6.244999999999991
    vertex 51.30095087163233 206.5807448494452 6.244999999999991
  endloop
endfacet
facet normal -0.17064421263618607 0.9853327116734613 0.0
  outer loop
    vertex 51.30095087163233 206.5807448494452 6.244999999999991
    vertex 52.15198098256735 206.72812995245627 5.444999999999991
    vertex 51.30095087163233 206.5807448494452 5.444999999999991
  endloop
endfacet
facet normal -0.17064421263618607 0.9853327116734613 0.0
  outer loop
    vertex 52.15198098256735 206.72812995245627 5.444999999999991
    vertex 51.30095087163233 206.5807448494452 6.244999999999991
    vertex 52.15198098256735 206.72812995245627 6.244999999999991
  endloop
endfacet
facet normal 0.969718492607147 0.2442253981381185 0.0
  outer loop
    vertex 52.15198098256735 206.72812995245627 5.444999999999991
    vertex 52.23280507131538 206.407210776545 6.244999999999991
    vertex 52.23280507131538 206.407210776545 5.444999999999991
  endloop
endfacet
facet normal 0.969718492607147 0.2442253981381185 0.0
  outer loop
    vertex 52.23280507131538 206.407210776545 6.244999999999991
    vertex 52.15198098256735 206.72812995245627 5.444999999999991
    vertex 52.15198098256735 206.72812995245627 6.244999999999991
  endloop
endfacet
facet normal 0.9697184926071548 0.244225398138088 0.0
  outer loop
    vertex 52.23280507131538 206.407210776545 5.444999999999991
    vertex 52.31362916006339 206.08629160063376 6.244999999999991
    vertex 52.31362916006339 206.08629160063376 5.444999999999991
  endloop
endfacet
facet normal 0.9697184926071548 0.244225398138088 0.0
  outer loop
    vertex 52.31362916006339 206.08629160063376 6.244999999999991
    vertex 52.23280507131538 206.407210776545 5.444999999999991
    vertex 52.23280507131538 206.407210776545 6.244999999999991
  endloop
endfacet
facet normal -0.5429273295120213 0.8397796823387342 0.0
  outer loop
    vertex 52.31362916006339 206.08629160063376 6.244999999999991
    vertex 52.82472266244057 206.41671949286834 5.444999999999991
    vertex 52.31362916006339 206.08629160063376 5.444999999999991
  endloop
endfacet
facet normal -0.5429273295120213 0.8397796823387342 0.0
  outer loop
    vertex 52.82472266244057 206.41671949286834 5.444999999999991
    vertex 52.31362916006339 206.08629160063376 6.244999999999991
    vertex 52.82472266244057 206.41671949286834 6.244999999999991
  endloop
endfacet
facet normal -0.42466868690459664 0.9053488313146075 0.0
  outer loop
    vertex 52.82472266244057 206.41671949286834 6.244999999999991
    vertex 53.353050713153735 206.66454041204423 5.444999999999991
    vertex 52.82472266244057 206.41671949286834 5.444999999999991
  endloop
endfacet
facet normal -0.42466868690459664 0.9053488313146075 0.0
  outer loop
    vertex 53.353050713153735 206.66454041204423 5.444999999999991
    vertex 52.82472266244057 206.41671949286834 6.244999999999991
    vertex 53.353050713153735 206.66454041204423 6.244999999999991
  endloop
endfacet
facet normal -0.17742499517129195 0.9841343257342807 0.0
  outer loop
    vertex 53.353050713153735 206.66454041204423 6.244999999999991
    vertex 53.811251980982576 206.74714738510286 5.444999999999991
    vertex 53.353050713153735 206.66454041204423 5.444999999999991
  endloop
endfacet
facet normal -0.17742499517129195 0.9841343257342807 0.0
  outer loop
    vertex 53.811251980982576 206.74714738510286 5.444999999999991
    vertex 53.353050713153735 206.66454041204423 6.244999999999991
    vertex 53.811251980982576 206.74714738510286 6.244999999999991
  endloop
endfacet
facet normal 0.12770120409962143 0.9918126851737212 0.0
  outer loop
    vertex 53.811251980982576 206.74714738510286 6.244999999999991
    vertex 54.36513470681458 206.67583201267817 5.444999999999991
    vertex 53.811251980982576 206.74714738510286 5.444999999999991
  endloop
endfacet
facet normal 0.12770120409962143 0.9918126851737212 0.0
  outer loop
    vertex 54.36513470681458 206.67583201267817 5.444999999999991
    vertex 53.811251980982576 206.74714738510286 6.244999999999991
    vertex 54.36513470681458 206.67583201267817 6.244999999999991
  endloop
endfacet
facet normal 0.4262531549345962 0.9046039176945362 0.0
  outer loop
    vertex 54.36513470681458 206.67583201267817 6.244999999999991
    vertex 54.81917591125199 206.46188589540398 5.444999999999991
    vertex 54.36513470681458 206.67583201267817 5.444999999999991
  endloop
endfacet
facet normal 0.4262531549345962 0.9046039176945362 0.0
  outer loop
    vertex 54.81917591125199 206.46188589540398 5.444999999999991
    vertex 54.36513470681458 206.67583201267817 6.244999999999991
    vertex 54.81917591125199 206.46188589540398 6.244999999999991
  endloop
endfacet
facet normal 0.7568230077691629 0.6536198703460885 0.0
  outer loop
    vertex 54.81917591125199 206.46188589540398 5.444999999999991
    vertex 55.15792393026941 206.069651347068 6.244999999999991
    vertex 55.15792393026941 206.069651347068 5.444999999999991
  endloop
endfacet
facet normal 0.7568230077691629 0.6536198703460885 0.0
  outer loop
    vertex 55.15792393026941 206.069651347068 6.244999999999991
    vertex 54.81917591125199 206.46188589540398 5.444999999999991
    vertex 54.81917591125199 206.46188589540398 6.244999999999991
  endloop
endfacet
facet normal 0.9772769412477506 0.21196645985966925 0.0
  outer loop
    vertex 55.15792393026941 206.069651347068 5.444999999999991
    vertex 55.27083993660856 205.54904912836756 6.244999999999991
    vertex 55.27083993660856 205.54904912836756 5.444999999999991
  endloop
endfacet
facet normal 0.9772769412477506 0.21196645985966925 0.0
  outer loop
    vertex 55.27083993660856 205.54904912836756 6.244999999999991
    vertex 55.15792393026941 206.069651347068 5.444999999999991
    vertex 55.15792393026941 206.069651347068 6.244999999999991
  endloop
endfacet
facet normal 1.0 0.0 0.0
  outer loop
    vertex 55.27083993660856 205.54904912836756 5.444999999999991
    vertex 55.27083993660856 204.03240887480177 6.244999999999991
    vertex 55.27083993660856 204.03240887480177 5.444999999999991
  endloop
endfacet
facet normal 1.0 0.0 0.0
  outer loop
    vertex 55.27083993660856 204.03240887480177 6.244999999999991
    vertex 55.27083993660856 205.54904912836756 5.444999999999991
    vertex 55.27083993660856 205.54904912836756 6.244999999999991
  endloop
endfacet
facet normal 0.9999867833258432 0.005141320222757616 0.0
  outer loop
    vertex 55.27083993660856 204.03240887480177 5.444999999999991
    vertex 55.27559429477021 203.1076862123612 6.244999999999991
    vertex 55.27559429477021 203.1076862123612 5.444999999999991
  endloop
endfacet
facet normal 0.9999867833258432 0.005141320222757616 0.0
  outer loop
    vertex 55.27559429477021 203.1076862123612 6.244999999999991
    vertex 55.27083993660856 204.03240887480177 5.444999999999991
    vertex 55.27083993660856 204.03240887480177 6.244999999999991
  endloop
endfacet
facet normal 0.9999867833258435 0.005141320222757619 0.0
  outer loop
    vertex 55.27559429477021 203.1076862123612 5.444999999999991
    vertex 55.280348652931856 202.18296354992063 6.244999999999991
    vertex 55.280348652931856 202.18296354992063 5.444999999999991
  endloop
endfacet
facet normal 0.9999867833258435 0.005141320222757619 0.0
  outer loop
    vertex 55.280348652931856 202.18296354992063 6.244999999999991
    vertex 55.27559429477021 203.1076862123612 5.444999999999991
    vertex 55.27559429477021 203.1076862123612 6.244999999999991
  endloop
endfacet
facet normal 0.0 0.0 1.0
  outer loop
    vertex 56.15039619651348 207.41038034865278 6.244999999999989
    vertex 56.1527733755943 208.09738510301096 6.244999999999989
    vertex 56.079080824088756 207.75982567353392 6.244999999999989
  endloop
endfacet
facet normal 0.0 0.0 1.0
  outer loop
    vertex 56.1527733755943 208.09738510301096 6.244999999999989
    vertex 56.15039619651348 207.41038034865278 6.244999999999989
    vertex 56.36434231378764 207.14175911251968 6.244999999999989
  endloop
endfacet
facet normal 0.0 0.0 1.0
  outer loop
    vertex 56.1527733755943 208.09738510301096 6.244999999999989
    vertex 56.36434231378764 207.14175911251968 6.244999999999989
    vertex 56.373851030110934 208.36838351822487 6.244999999999989
  endloop
endfacet
facet normal 0.0 0.0 1.0
  outer loop
    vertex 56.373851030110934 208.36838351822487 6.244999999999989
    vertex 56.36434231378764 207.14175911251968 6.244999999999989
    vertex 56.66030110935024 206.9848652931853 6.244999999999989
  endloop
endfacet
facet normal 0.0 0.0 1.0
  outer loop
    vertex 56.373851030110934 208.36838351822487 6.244999999999989
    vertex 56.66030110935024 206.9848652931853 6.244999999999989
    vertex 56.67218700475436 208.53240887480175 6.244999999999989
  endloop
endfacet
facet normal 0.0 0.0 1.0
  outer loop
    vertex 56.67218700475436 208.53240887480175 6.244999999999989
    vertex 56.66030110935024 206.9848652931853 6.244999999999989
    vertex 57.025198098256745 206.93256735340714 6.244999999999989
  endloop
endfacet
facet normal 0.0 0.0 1.0
  outer loop
    vertex 56.67218700475436 208.53240887480175 6.244999999999989
    vertex 57.025198098256745 206.93256735340714 6.244999999999989
    vertex 57.025198098256745 208.5870839936607 6.244999999999989
  endloop
endfacet
facet normal 0.0 0.0 1.0
  outer loop
    vertex 57.025198098256745 208.5870839936607 6.244999999999989
    vertex 57.025198098256745 206.93256735340714 6.244999999999989
    vertex 57.432884310618064 206.9842709984151 6.244999999999989
  endloop
endfacet
facet normal 0.0 0.0 1.0
  outer loop
    vertex 57.025198098256745 208.5870839936607 6.244999999999989
    vertex 57.432884310618064 206.9842709984151 6.244999999999989
    vertex 57.37107765451665 208.53122028526136 6.244999999999989
  endloop
endfacet
facet normal 0.0 0.0 1.0
  outer loop
    vertex 57.37107765451665 208.53122028526136 6.244999999999989
    vertex 57.432884310618064 206.9842709984151 6.244999999999989
    vertex 57.66703645007925 208.36362916006325 6.244999999999989
  endloop
endfacet
facet normal 0.0 0.0 1.0
  outer loop
    vertex 57.66703645007925 208.36362916006325 6.244999999999989
    vertex 57.432884310618064 206.9842709984151 6.244999999999989
    vertex 57.724088748019014 207.13938193343887 6.244999999999989
  endloop
endfacet
facet normal 0.0 0.0 1.0
  outer loop
    vertex 57.66703645007925 208.36362916006325 6.244999999999989
    vertex 57.724088748019014 207.13938193343887 6.244999999999989
    vertex 57.88454833597464 208.0938193343897 6.244999999999989
  endloop
endfacet
facet normal 0.0 0.0 1.0
  outer loop
    vertex 57.88454833597464 208.0938193343897 6.244999999999989
    vertex 57.724088748019014 207.13938193343887 6.244999999999989
    vertex 57.89881141045958 207.39790015847845 6.244999999999989
  endloop
endfacet
facet normal 0.0 0.0 1.0
  outer loop
    vertex 57.88454833597464 208.0938193343897 6.244999999999989
    vertex 57.89881141045958 207.39790015847845 6.244999999999989
    vertex 57.95705229793978 207.75982567353392 6.244999999999989
  endloop
endfacet
facet normal 0.9872986031965122 -0.15887563729601895 0.0
  outer loop
    vertex 57.95705229793978 207.75982567353392 5.444999999999991
    vertex 57.89881141045958 207.39790015847845 6.244999999999989
    vertex 57.89881141045958 207.39790015847845 5.444999999999991
  endloop
endfacet
facet normal 0.9872986031965122 -0.15887563729601895 0.0
  outer loop
    vertex 57.89881141045958 207.39790015847845 6.244999999999989
    vertex 57.95705229793978 207.75982567353392 5.444999999999991
    vertex 57.95705229793978 207.75982567353392 6.244999999999989
  endloop
endfacet
facet normal 0.8285173230843349 -0.5599634321535363 0.0
  outer loop
    vertex 57.89881141045958 207.39790015847845 5.444999999999991
    vertex 57.724088748019014 207.13938193343887 6.244999999999989
    vertex 57.724088748019014 207.13938193343887 5.444999999999991
  endloop
endfacet
facet normal 0.8285173230843349 -0.5599634321535363 0.0
  outer loop
    vertex 57.724088748019014 207.13938193343887 6.244999999999989
    vertex 57.89881141045958 207.39790015847845 5.444999999999991
    vertex 57.89881141045958 207.39790015847845 6.244999999999989
  endloop
endfacet
facet normal 0.4701207223306451 -0.8826021223831907 0.0
  outer loop
    vertex 57.724088748019014 207.13938193343887 6.244999999999989
    vertex 57.432884310618064 206.9842709984151 5.444999999999991
    vertex 57.724088748019014 207.13938193343887 5.444999999999991
  endloop
endfacet
facet normal 0.4701207223306451 -0.8826021223831907 0.0
  outer loop
    vertex 57.432884310618064 206.9842709984151 5.444999999999991
    vertex 57.724088748019014 207.13938193343887 6.244999999999989
    vertex 57.432884310618064 206.9842709984151 6.244999999999989
  endloop
endfacet
facet normal 0.1258144028201968 -0.992053796950043 0.0
  outer loop
    vertex 57.432884310618064 206.9842709984151 6.244999999999989
    vertex 57.025198098256745 206.93256735340714 5.444999999999991
    vertex 57.432884310618064 206.9842709984151 5.444999999999991
  endloop
endfacet
facet normal 0.1258144028201968 -0.992053796950043 0.0
  outer loop
    vertex 57.025198098256745 206.93256735340714 5.444999999999991
    vertex 57.432884310618064 206.9842709984151 6.244999999999989
    vertex 57.025198098256745 206.93256735340714 6.244999999999989
  endloop
endfacet
facet normal -0.14187275484511722 -0.9898849031239225 0.0
  outer loop
    vertex 57.025198098256745 206.93256735340714 6.244999999999989
    vertex 56.66030110935024 206.9848652931853 5.444999999999991
    vertex 57.025198098256745 206.93256735340714 5.444999999999991
  endloop
endfacet
facet normal -0.14187275484511722 -0.9898849031239225 0.0
  outer loop
    vertex 56.66030110935024 206.9848652931853 5.444999999999991
    vertex 57.025198098256745 206.93256735340714 6.244999999999989
    vertex 56.66030110935024 206.9848652931853 6.244999999999989
  endloop
endfacet
facet normal -0.4683767399628612 -0.8835288503845035 0.0
  outer loop
    vertex 56.66030110935024 206.9848652931853 6.244999999999989
    vertex 56.36434231378764 207.14175911251968 5.444999999999991
    vertex 56.66030110935024 206.9848652931853 5.444999999999991
  endloop
endfacet
facet normal -0.4683767399628612 -0.8835288503845035 0.0
  outer loop
    vertex 56.36434231378764 207.14175911251968 5.444999999999991
    vertex 56.66030110935024 206.9848652931853 6.244999999999989
    vertex 56.36434231378764 207.14175911251968 6.244999999999989
  endloop
endfacet
facet normal -0.7822176730275154 -0.62300522630506 0.0
  outer loop
    vertex 56.15039619651348 207.41038034865278 6.244999999999989
    vertex 56.36434231378764 207.14175911251968 5.444999999999991
    vertex 56.36434231378764 207.14175911251968 6.244999999999989
  endloop
endfacet
facet normal -0.7822176730275154 -0.62300522630506 0.0
  outer loop
    vertex 56.36434231378764 207.14175911251968 5.444999999999991
    vertex 56.15039619651348 207.41038034865278 6.244999999999989
    vertex 56.15039619651348 207.41038034865278 5.444999999999991
  endloop
endfacet
facet normal -0.9798040587804052 -0.19996001199600946 0.0
  outer loop
    vertex 56.079080824088756 207.75982567353392 6.244999999999989
    vertex 56.15039619651348 207.41038034865278 5.444999999999991
    vertex 56.15039619651348 207.41038034865278 6.244999999999989
  endloop
endfacet
facet normal -0.9798040587804052 -0.19996001199600946 0.0
  outer loop
    vertex 56.15039619651348 207.41038034865278 5.444999999999991
    vertex 56.079080824088756 207.75982567353392 6.244999999999989
    vertex 56.079080824088756 207.75982567353392 5.444999999999991
  endloop
endfacet
facet normal -0.9769897009383708 0.21328648400766692 0.0
  outer loop
    vertex 56.1527733755943 208.09738510301096 6.244999999999989
    vertex 56.079080824088756 207.75982567353392 5.444999999999991
    vertex 56.079080824088756 207.75982567353392 6.244999999999989
  endloop
endfacet
facet normal -0.9769897009383708 0.21328648400766692 0.0
  outer loop
    vertex 56.079080824088756 207.75982567353392 5.444999999999991
    vertex 56.1527733755943 208.09738510301096 6.244999999999989
    vertex 56.1527733755943 208.09738510301096 5.444999999999991
  endloop
endfacet
facet normal -0.7748650207718829 0.6321267274717861 0.0
  outer loop
    vertex 56.373851030110934 208.36838351822487 6.244999999999989
    vertex 56.1527733755943 208.09738510301096 5.444999999999991
    vertex 56.1527733755943 208.09738510301096 6.244999999999989
  endloop
endfacet
facet normal -0.7748650207718829 0.6321267274717861 0.0
  outer loop
    vertex 56.1527733755943 208.09738510301096 5.444999999999991
    vertex 56.373851030110934 208.36838351822487 6.244999999999989
    vertex 56.373851030110934 208.36838351822487 5.444999999999991
  endloop
endfacet
facet normal -0.4817847251845642 0.8762896088501987 0.0
  outer loop
    vertex 56.373851030110934 208.36838351822487 6.244999999999989
    vertex 56.67218700475436 208.53240887480175 5.444999999999991
    vertex 56.373851030110934 208.36838351822487 5.444999999999991
  endloop
endfacet
facet normal -0.4817847251845642 0.8762896088501987 0.0
  outer loop
    vertex 56.67218700475436 208.53240887480175 5.444999999999991
    vertex 56.373851030110934 208.36838351822487 6.244999999999989
    vertex 56.67218700475436 208.53240887480175 6.244999999999989
  endloop
endfacet
facet normal -0.1530572290393208 0.9882173266234533 0.0
  outer loop
    vertex 56.67218700475436 208.53240887480175 6.244999999999989
    vertex 57.025198098256745 208.5870839936607 5.444999999999991
    vertex 56.67218700475436 208.53240887480175 5.444999999999991
  endloop
endfacet
facet normal -0.1530572290393208 0.9882173266234533 0.0
  outer loop
    vertex 57.025198098256745 208.5870839936607 5.444999999999991
    vertex 56.67218700475436 208.53240887480175 6.244999999999989
    vertex 57.025198098256745 208.5870839936607 6.244999999999989
  endloop
endfacet
facet normal 0.15944575427287588 0.9872066913490577 0.0
  outer loop
    vertex 57.025198098256745 208.5870839936607 6.244999999999989
    vertex 57.37107765451665 208.53122028526136 5.444999999999991
    vertex 57.025198098256745 208.5870839936607 5.444999999999991
  endloop
endfacet
facet normal 0.15944575427287588 0.9872066913490577 0.0
  outer loop
    vertex 57.37107765451665 208.53122028526136 5.444999999999991
    vertex 57.025198098256745 208.5870839936607 6.244999999999989
    vertex 57.37107765451665 208.53122028526136 6.244999999999989
  endloop
endfacet
facet normal 0.49274802436933357 0.8701720430352372 0.0
  outer loop
    vertex 57.37107765451665 208.53122028526136 6.244999999999989
    vertex 57.66703645007925 208.36362916006325 5.444999999999991
    vertex 57.37107765451665 208.53122028526136 5.444999999999991
  endloop
endfacet
facet normal 0.49274802436933357 0.8701720430352372 0.0
  outer loop
    vertex 57.66703645007925 208.36362916006325 5.444999999999991
    vertex 57.37107765451665 208.53122028526136 6.244999999999989
    vertex 57.66703645007925 208.36362916006325 6.244999999999989
  endloop
endfacet
facet normal 0.7785211492594805 0.6276183714294042 0.0
  outer loop
    vertex 57.66703645007925 208.36362916006325 5.444999999999991
    vertex 57.88454833597464 208.0938193343897 6.244999999999989
    vertex 57.88454833597464 208.0938193343897 5.444999999999991
  endloop
endfacet
facet normal 0.7785211492594805 0.6276183714294042 0.0
  outer loop
    vertex 57.88454833597464 208.0938193343897 6.244999999999989
    vertex 57.66703645007925 208.36362916006325 5.444999999999991
    vertex 57.66703645007925 208.36362916006325 6.244999999999989
  endloop
endfacet
facet normal 0.9772390959716196 0.21214087136752222 0.0
  outer loop
    vertex 57.88454833597464 208.0938193343897 5.444999999999991
    vertex 57.95705229793978 207.75982567353392 6.244999999999989
    vertex 57.95705229793978 207.75982567353392 5.444999999999991
  endloop
endfacet
facet normal 0.9772390959716196 0.21214087136752222 0.0
  outer loop
    vertex 57.95705229793978 207.75982567353392 6.244999999999989
    vertex 57.88454833597464 208.0938193343897 5.444999999999991
    vertex 57.88454833597464 208.0938193343897 6.244999999999989
  endloop
endfacet
facet normal 0.0 0.0 1.0
  outer loop
    vertex 57.832250396196514 202.0843106180664 6.244999999999989
    vertex 57.84770206022187 203.19326465927085 6.244999999999989
    vertex 57.83343898573692 204.22733755942932 6.244999999999989
  endloop
endfacet
facet normal 0.0 0.0 1.0
  outer loop
    vertex 57.84770206022187 203.19326465927085 6.244999999999989
    vertex 57.832250396196514 202.0843106180664 6.244999999999989
    vertex 57.86196513470682 202.16394611727404 6.244999999999989
  endloop
endfacet
facet normal 0.0 0.0 1.0
  outer loop
    vertex 56.155150554675124 202.10689381933426 6.244999999999989
    vertex 56.15990491283677 203.23605388272568 6.244999999999989
    vertex 56.14564183835182 202.2495245641837 6.244999999999989
  endloop
endfacet
facet normal 0.0 0.0 1.0
  outer loop
    vertex 56.15990491283677 203.23605388272568 6.244999999999989
    vertex 56.155150554675124 202.10689381933426 6.244999999999989
    vertex 56.28351822503962 202.04508716323284 6.244999999999989
  endloop
endfacet
facet normal 0.0 0.0 1.0
  outer loop
    vertex 56.15990491283677 203.23605388272568 6.244999999999989
    vertex 56.28351822503962 202.04508716323284 6.244999999999989
    vertex 56.17416798732171 204.22733755942932 6.244999999999989
  endloop
endfacet
facet normal 0.0 0.0 1.0
  outer loop
    vertex 56.17416798732171 204.22733755942932 6.244999999999989
    vertex 56.28351822503962 202.04508716323284 6.244999999999989
    vertex 56.18843106180666 206.5712361331219 6.244999999999989
  endloop
endfacet
facet normal 0.0 0.0 1.0
  outer loop
    vertex 56.18843106180666 206.5712361331219 6.244999999999989
    vertex 56.28351822503962 202.04508716323284 6.244999999999989
    vertex 56.59492868462758 206.542709984152 6.244999999999989
  endloop
endfacet
facet normal 0.0 0.0 1.0
  outer loop
    vertex 56.59492868462758 206.542709984152 6.244999999999989
    vertex 56.28351822503962 202.04508716323284 6.244999999999989
    vertex 57.01568938193344 202.01656101426292 6.244999999999989
  endloop
endfacet
facet normal 0.0 0.0 1.0
  outer loop
    vertex 56.59492868462758 206.542709984152 6.244999999999989
    vertex 57.01568938193344 202.01656101426292 6.244999999999989
    vertex 57.006180665610145 206.5141838351821 6.244999999999989
  endloop
endfacet
facet normal 0.0 0.0 1.0
  outer loop
    vertex 57.006180665610145 206.5141838351821 6.244999999999989
    vertex 57.01568938193344 202.01656101426292 6.244999999999989
    vertex 57.41980982567353 206.53795562599038 6.244999999999989
  endloop
endfacet
facet normal 0.0 0.0 1.0
  outer loop
    vertex 57.41980982567353 206.53795562599038 6.244999999999989
    vertex 57.01568938193344 202.01656101426292 6.244999999999989
    vertex 57.74310618066561 202.04508716323284 6.244999999999989
  endloop
endfacet
facet normal 0.0 0.0 1.0
  outer loop
    vertex 57.41980982567353 206.53795562599038 6.244999999999989
    vertex 57.74310618066561 202.04508716323284 6.244999999999989
    vertex 57.83343898573692 206.5617274167986 6.244999999999989
  endloop
endfacet
facet normal 0.0 0.0 1.0
  outer loop
    vertex 57.83343898573692 206.5617274167986 6.244999999999989
    vertex 57.74310618066561 202.04508716323284 6.244999999999989
    vertex 57.832250396196514 202.0843106180664 6.244999999999989
  endloop
endfacet
facet normal 0.0 0.0 1.0
  outer loop
    vertex 57.83343898573692 206.5617274167986 6.244999999999989
    vertex 57.832250396196514 202.0843106180664 6.244999999999989
    vertex 57.83343898573692 204.22733755942932 6.244999999999989
  endloop
endfacet
facet normal 0.0 0.0 1.0
  outer loop
    vertex 57.83343898573692 206.5617274167986 6.244999999999989
    vertex 57.83343898573692 204.22733755942932 6.244999999999989
    vertex 57.93803486529319 206.37630744849432 6.244999999999989
  endloop
endfacet
facet normal 0.0 0.0 1.0
  outer loop
    vertex 57.83343898573692 206.5617274167986 6.244999999999989
    vertex 57.93803486529319 206.37630744849432 6.244999999999989
    vertex 57.919017432646584 206.53795562599038 6.244999999999989
  endloop
endfacet
facet normal 0.0 0.0 1.0
  outer loop
    vertex 57.919017432646584 206.53795562599038 6.244999999999989
    vertex 57.93803486529319 206.37630744849432 6.244999999999989
    vertex 57.94754358161649 206.46664025356563 6.244999999999989
  endloop
endfacet
facet normal 0.0 0.0 1.0
  outer loop
    vertex 56.06957210776545 206.37630744849432 6.244999999999989
    vertex 56.09215530903328 206.54746434231365 6.244999999999989
    vertex 56.060063391442156 206.47614896988895 6.244999999999989
  endloop
endfacet
facet normal 0.0 0.0 1.0
  outer loop
    vertex 56.09215530903328 206.54746434231365 6.244999999999989
    vertex 56.06957210776545 206.37630744849432 6.244999999999989
    vertex 56.17416798732171 204.22733755942932 6.244999999999989
  endloop
endfacet
facet normal 0.0 0.0 1.0
  outer loop
    vertex 56.09215530903328 206.54746434231365 6.244999999999989
    vertex 56.17416798732171 204.22733755942932 6.244999999999989
    vertex 56.18843106180666 206.5712361331219 6.244999999999989
  endloop
endfacet
facet normal 0.999904888719587 0.013791791568553109 0.0
  outer loop
    vertex 57.83343898573692 204.22733755942932 5.444999999999991
    vertex 57.84770206022187 203.19326465927085 6.244999999999989
    vertex 57.84770206022187 203.19326465927085 5.444999999999991
  endloop
endfacet
facet normal 0.999904888719587 0.013791791568553109 0.0
  outer loop
    vertex 57.84770206022187 203.19326465927085 6.244999999999989
    vertex 57.83343898573692 204.22733755942932 5.444999999999991
    vertex 57.83343898573692 204.22733755942932 6.244999999999989
  endloop
endfacet
facet normal 0.9999040081910799 0.013855482792493205 0.0
  outer loop
    vertex 57.84770206022187 203.19326465927085 5.444999999999991
    vertex 57.86196513470682 202.16394611727404 6.244999999999989
    vertex 57.86196513470682 202.16394611727404 5.444999999999991
  endloop
endfacet
facet normal 0.9999040081910799 0.013855482792493205 0.0
  outer loop
    vertex 57.86196513470682 202.16394611727404 6.244999999999989
    vertex 57.84770206022187 203.19326465927085 5.444999999999991
    vertex 57.84770206022187 203.19326465927085 6.244999999999989
  endloop
endfacet
facet normal 0.9369025928653123 -0.34959051972594274 0.0
  outer loop
    vertex 57.86196513470682 202.16394611727404 5.444999999999991
    vertex 57.832250396196514 202.0843106180664 6.244999999999989
    vertex 57.832250396196514 202.0843106180664 5.444999999999991
  endloop
endfacet
facet normal 0.9369025928653123 -0.34959051972594274 0.0
  outer loop
    vertex 57.832250396196514 202.0843106180664 6.244999999999989
    vertex 57.86196513470682 202.16394611727404 5.444999999999991
    vertex 57.86196513470682 202.16394611727404 6.244999999999989
  endloop
endfacet
facet normal 0.4027386142660225 -0.9153150324227632 0.0
  outer loop
    vertex 57.832250396196514 202.0843106180664 6.244999999999989
    vertex 57.74310618066561 202.04508716323284 5.444999999999991
    vertex 57.832250396196514 202.0843106180664 5.444999999999991
  endloop
endfacet
facet normal 0.4027386142660225 -0.9153150324227632 0.0
  outer loop
    vertex 57.74310618066561 202.04508716323284 5.444999999999991
    vertex 57.832250396196514 202.0843106180664 6.244999999999989
    vertex 57.74310618066561 202.04508716323284 6.244999999999989
  endloop
endfacet
facet normal 0.039185566695354807 -0.9992319507315426 0.0
  outer loop
    vertex 57.74310618066561 202.04508716323284 6.244999999999989
    vertex 57.01568938193344 202.01656101426292 5.444999999999991
    vertex 57.74310618066561 202.04508716323284 5.444999999999991
  endloop
endfacet
facet normal 0.039185566695354807 -0.9992319507315426 0.0
  outer loop
    vertex 57.01568938193344 202.01656101426292 5.444999999999991
    vertex 57.74310618066561 202.04508716323284 6.244999999999989
    vertex 57.01568938193344 202.01656101426292 6.244999999999989
  endloop
endfacet
facet normal -0.03893150188475956 -0.9992418817088269 0.0
  outer loop
    vertex 57.01568938193344 202.01656101426292 6.244999999999989
    vertex 56.28351822503962 202.04508716323284 5.444999999999991
    vertex 57.01568938193344 202.01656101426292 5.444999999999991
  endloop
endfacet
facet normal -0.03893150188475956 -0.9992418817088269 0.0
  outer loop
    vertex 56.28351822503962 202.04508716323284 5.444999999999991
    vertex 57.01568938193344 202.01656101426292 6.244999999999989
    vertex 56.28351822503962 202.04508716323284 6.244999999999989
  endloop
endfacet
facet normal -0.43381561877290487 -0.9010016697590975 0.0
  outer loop
    vertex 56.28351822503962 202.04508716323284 6.244999999999989
    vertex 56.155150554675124 202.10689381933426 5.444999999999991
    vertex 56.28351822503962 202.04508716323284 5.444999999999991
  endloop
endfacet
facet normal -0.43381561877290487 -0.9010016697590975 0.0
  outer loop
    vertex 56.155150554675124 202.10689381933426 5.444999999999991
    vertex 56.28351822503962 202.04508716323284 6.244999999999989
    vertex 56.155150554675124 202.10689381933426 6.244999999999989
  endloop
endfacet
facet normal -0.9977851578566068 -0.06651901052380799 0.0
  outer loop
    vertex 56.14564183835182 202.2495245641837 6.244999999999989
    vertex 56.155150554675124 202.10689381933426 5.444999999999991
    vertex 56.155150554675124 202.10689381933426 6.244999999999989
  endloop
endfacet
facet normal -0.9977851578566068 -0.06651901052380799 0.0
  outer loop
    vertex 56.155150554675124 202.10689381933426 5.444999999999991
    vertex 56.14564183835182 202.2495245641837 6.244999999999989
    vertex 56.14564183835182 202.2495245641837 5.444999999999991
  endloop
endfacet
facet normal -0.9998955019387343 0.014456320509965022 0.0
  outer loop
    vertex 56.15990491283677 203.23605388272568 6.244999999999989
    vertex 56.14564183835182 202.2495245641837 5.444999999999991
    vertex 56.14564183835182 202.2495245641837 6.244999999999989
  endloop
endfacet
facet normal -0.9998955019387343 0.014456320509965022 0.0
  outer loop
    vertex 56.14564183835182 202.2495245641837 5.444999999999991
    vertex 56.15990491283677 203.23605388272568 6.244999999999989
    vertex 56.15990491283677 203.23605388272568 5.444999999999991
  endloop
endfacet
facet normal -0.999896501759193 0.014387000025308138 0.0
  outer loop
    vertex 56.17416798732171 204.22733755942932 6.244999999999989
    vertex 56.15990491283677 203.23605388272568 5.444999999999991
    vertex 56.15990491283677 203.23605388272568 6.244999999999989
  endloop
endfacet
facet normal -0.999896501759193 0.014387000025308138 0.0
  outer loop
    vertex 56.15990491283677 203.23605388272568 5.444999999999991
    vertex 56.17416798732171 204.22733755942932 6.244999999999989
    vertex 56.17416798732171 204.22733755942932 5.444999999999991
  endloop
endfacet
facet normal -0.9988175910887711 -0.04861501549546989 0.0
  outer loop
    vertex 56.06957210776545 206.37630744849432 6.244999999999989
    vertex 56.17416798732171 204.22733755942932 5.444999999999991
    vertex 56.17416798732171 204.22733755942932 6.244999999999989
  endloop
endfacet
facet normal -0.9988175910887711 -0.04861501549546989 0.0
  outer loop
    vertex 56.17416798732171 204.22733755942932 5.444999999999991
    vertex 56.06957210776545 206.37630744849432 6.244999999999989
    vertex 56.06957210776545 206.37630744849432 5.444999999999991
  endloop
endfacet
facet normal -0.9954954725939478 -0.09480909262804324 0.0
  outer loop
    vertex 56.060063391442156 206.47614896988895 6.244999999999989
    vertex 56.06957210776545 206.37630744849432 5.444999999999991
    vertex 56.06957210776545 206.37630744849432 6.244999999999989
  endloop
endfacet
facet normal -0.9954954725939478 -0.09480909262804324 0.0
  outer loop
    vertex 56.06957210776545 206.37630744849432 5.444999999999991
    vertex 56.060063391442156 206.47614896988895 6.244999999999989
    vertex 56.060063391442156 206.47614896988895 5.444999999999991
  endloop
endfacet
facet normal -0.911921505175095 0.41036467732882337 0.0
  outer loop
    vertex 56.09215530903328 206.54746434231365 6.244999999999989
    vertex 56.060063391442156 206.47614896988895 5.444999999999991
    vertex 56.060063391442156 206.47614896988895 6.244999999999989
  endloop
endfacet
facet normal -0.911921505175095 0.41036467732882337 0.0
  outer loop
    vertex 56.060063391442156 206.47614896988895 5.444999999999991
    vertex 56.09215530903328 206.54746434231365 6.244999999999989
    vertex 56.09215530903328 206.54746434231365 5.444999999999991
  endloop
endfacet
facet normal -0.239714430496932 0.9708434435126663 0.0
  outer loop
    vertex 56.09215530903328 206.54746434231365 6.244999999999989
    vertex 56.18843106180666 206.5712361331219 5.444999999999991
    vertex 56.09215530903328 206.54746434231365 5.444999999999991
  endloop
endfacet
facet normal -0.239714430496932 0.9708434435126663 0.0
  outer loop
    vertex 56.18843106180666 206.5712361331219 5.444999999999991
    vertex 56.09215530903328 206.54746434231365 6.244999999999989
    vertex 56.18843106180666 206.5712361331219 6.244999999999989
  endloop
endfacet
facet normal 0.0700032814807288 0.9975467611004158 0.0
  outer loop
    vertex 56.18843106180666 206.5712361331219 6.244999999999989
    vertex 56.59492868462758 206.542709984152 5.444999999999991
    vertex 56.18843106180666 206.5712361331219 5.444999999999991
  endloop
endfacet
facet normal 0.0700032814807288 0.9975467611004158 0.0
  outer loop
    vertex 56.59492868462758 206.542709984152 5.444999999999991
    vertex 56.18843106180666 206.5712361331219 6.244999999999989
    vertex 56.59492868462758 206.542709984152 6.244999999999989
  endloop
endfacet
facet normal 0.069197892687155 0.9976029529064442 0.0
  outer loop
    vertex 56.59492868462758 206.542709984152 6.244999999999989
    vertex 57.006180665610145 206.5141838351821 5.444999999999991
    vertex 56.59492868462758 206.542709984152 5.444999999999991
  endloop
endfacet
facet normal 0.069197892687155 0.9976029529064442 0.0
  outer loop
    vertex 57.006180665610145 206.5141838351821 5.444999999999991
    vertex 56.59492868462758 206.542709984152 6.244999999999989
    vertex 57.006180665610145 206.5141838351821 6.244999999999989
  endloop
endfacet
facet normal -0.0573765865921359 0.9983526067031804 0.0
  outer loop
    vertex 57.006180665610145 206.5141838351821 6.244999999999989
    vertex 57.41980982567353 206.53795562599038 5.444999999999991
    vertex 57.006180665610145 206.5141838351821 5.444999999999991
  endloop
endfacet
facet normal -0.0573765865921359 0.9983526067031804 0.0
  outer loop
    vertex 57.41980982567353 206.53795562599038 5.444999999999991
    vertex 57.006180665610145 206.5141838351821 6.244999999999989
    vertex 57.41980982567353 206.53795562599038 6.244999999999989
  endloop
endfacet
facet normal -0.0573765865921359 0.9983526067031804 0.0
  outer loop
    vertex 57.41980982567353 206.53795562599038 6.244999999999989
    vertex 57.83343898573692 206.5617274167986 5.444999999999991
    vertex 57.41980982567353 206.53795562599038 5.444999999999991
  endloop
endfacet
facet normal -0.0573765865921359 0.9983526067031804 0.0
  outer loop
    vertex 57.83343898573692 206.5617274167986 5.444999999999991
    vertex 57.41980982567353 206.53795562599038 6.244999999999989
    vertex 57.83343898573692 206.5617274167986 6.244999999999989
  endloop
endfacet
facet normal 0.26764386378609295 0.9635179096299411 0.0
  outer loop
    vertex 57.83343898573692 206.5617274167986 6.244999999999989
    vertex 57.919017432646584 206.53795562599038 5.444999999999991
    vertex 57.83343898573692 206.5617274167986 5.444999999999991
  endloop
endfacet
facet normal 0.26764386378609295 0.9635179096299411 0.0
  outer loop
    vertex 57.919017432646584 206.53795562599038 5.444999999999991
    vertex 57.83343898573692 206.5617274167986 6.244999999999989
    vertex 57.919017432646584 206.53795562599038 6.244999999999989
  endloop
endfacet
facet normal 0.9284766908851936 0.3713906763542683 0.0
  outer loop
    vertex 57.919017432646584 206.53795562599038 5.444999999999991
    vertex 57.94754358161649 206.46664025356563 6.244999999999989
    vertex 57.94754358161649 206.46664025356563 5.444999999999991
  endloop
endfacet
facet normal 0.9284766908851936 0.3713906763542683 0.0
  outer loop
    vertex 57.94754358161649 206.46664025356563 6.244999999999989
    vertex 57.919017432646584 206.53795562599038 5.444999999999991
    vertex 57.919017432646584 206.53795562599038 6.244999999999989
  endloop
endfacet
facet normal 0.9945054529214004 -0.10468478451809606 0.0
  outer loop
    vertex 57.94754358161649 206.46664025356563 5.444999999999991
    vertex 57.93803486529319 206.37630744849432 6.244999999999989
    vertex 57.93803486529319 206.37630744849432 5.444999999999991
  endloop
endfacet
facet normal 0.9945054529214004 -0.10468478451809606 0.0
  outer loop
    vertex 57.93803486529319 206.37630744849432 6.244999999999989
    vertex 57.94754358161649 206.46664025356563 5.444999999999991
    vertex 57.94754358161649 206.46664025356563 6.244999999999989
  endloop
endfacet
facet normal 0.9988175910887708 -0.04861501549547512 0.0
  outer loop
    vertex 57.93803486529319 206.37630744849432 5.444999999999991
    vertex 57.83343898573692 204.22733755942932 6.244999999999989
    vertex 57.83343898573692 204.22733755942932 5.444999999999991
  endloop
endfacet
facet normal 0.9988175910887708 -0.04861501549547512 0.0
  outer loop
    vertex 57.83343898573692 204.22733755942932 6.244999999999989
    vertex 57.93803486529319 206.37630744849432 5.444999999999991
    vertex 57.93803486529319 206.37630744849432 6.244999999999989
  endloop
endfacet
facet normal 0.0 0.0 1.0
  outer loop
    vertex 58.48716323296356 205.13423137876373 6.244999999999986
    vertex 58.45388272583202 205.46347068145786 6.244999999999986
    vertex 58.4419968304279 205.2305071315371 6.244999999999986
  endloop
endfacet
facet normal 0.0 0.0 1.0
  outer loop
    vertex 58.45388272583202 205.46347068145786 6.244999999999986
    vertex 58.48716323296356 205.13423137876373 6.244999999999986
    vertex 58.46576862123614 205.69643423137862 6.244999999999986
  endloop
endfacet
facet normal 0.0 0.0 1.0
  outer loop
    vertex 59.02708003169573 202.55053486529306 6.244999999999986
    vertex 58.964976228209196 203.95396196513457 6.244999999999986
    vertex 58.94120443740096 203.0102218700474 6.244999999999986
  endloop
endfacet
facet normal 0.0 0.0 1.0
  outer loop
    vertex 58.964976228209196 203.95396196513457 6.244999999999986
    vertex 59.02708003169573 202.55053486529306 6.244999999999986
    vertex 58.988748019017436 204.89770206022172 6.244999999999986
  endloop
endfacet
facet normal 0.0 0.0 1.0
  outer loop
    vertex 58.95784469096672 208.0736133122027 6.244999999999986
    vertex 58.93169572107766 207.65998415213934 6.244999999999986
    vertex 58.95071315372425 207.0751980982566 6.244999999999986
  endloop
endfacet
facet normal 0.0 0.0 1.0
  outer loop
    vertex 58.45388272583202 206.00071315372412 6.244999999999986
    vertex 58.51806656101427 206.37868462757513 6.244999999999986
    vertex 58.4419968304279 206.30499207606957 6.244999999999986
  endloop
endfacet
facet normal 0.0 0.0 1.0
  outer loop
    vertex 58.51806656101427 206.37868462757513 6.244999999999986
    vertex 58.45388272583202 206.00071315372412 6.244999999999986
    vertex 58.46576862123614 205.69643423137862 6.244999999999986
  endloop
endfacet
facet normal 0.0 0.0 1.0
  outer loop
    vertex 58.51806656101427 206.37868462757513 6.244999999999986
    vertex 58.46576862123614 205.69643423137862 6.244999999999986
    vertex 58.48716323296356 205.13423137876373 6.244999999999986
  endloop
endfacet
facet normal 0.0 0.0 1.0
  outer loop
    vertex 58.51806656101427 206.37868462757513 6.244999999999986
    vertex 58.48716323296356 205.13423137876373 6.244999999999986
    vertex 58.62266244057053 205.10213946117258 6.244999999999986
  endloop
endfacet
facet normal 0.0 0.0 1.0
  outer loop
    vertex 58.51806656101427 206.37868462757513 6.244999999999986
    vertex 58.62266244057053 205.10213946117258 6.244999999999986
    vertex 58.74627575277338 206.40958795562588 6.244999999999986
  endloop
endfacet
facet normal 0.0 0.0 1.0
  outer loop
    vertex 58.74627575277338 206.40958795562588 6.244999999999986
    vertex 58.62266244057053 205.10213946117258 6.244999999999986
    vertex 58.684469096671954 205.10689381933426 6.244999999999986
  endloop
endfacet
facet normal 0.0 0.0 1.0
  outer loop
    vertex 58.74627575277338 206.40958795562588 6.244999999999986
    vertex 58.684469096671954 205.10689381933426 6.244999999999986
    vertex 58.74627575277338 205.10689381933426 6.244999999999986
  endloop
endfacet
facet normal 0.0 0.0 1.0
  outer loop
    vertex 58.74627575277338 206.40958795562588 6.244999999999986
    vertex 58.74627575277338 205.10689381933426 6.244999999999986
    vertex 58.92812995245642 205.0545958795561 6.244999999999986
  endloop
endfacet
facet normal 0.0 0.0 1.0
  outer loop
    vertex 58.74627575277338 206.40958795562588 6.244999999999986
    vertex 58.92812995245642 205.0545958795561 6.244999999999986
    vertex 58.87820919175911 206.43573692551493 6.244999999999986
  endloop
endfacet
facet normal 0.0 0.0 1.0
  outer loop
    vertex 58.87820919175911 206.43573692551493 6.244999999999986
    vertex 58.92812995245642 205.0545958795561 6.244999999999986
    vertex 58.93169572107766 206.50467511885884 6.244999999999986
  endloop
endfacet
facet normal 0.0 0.0 1.0
  outer loop
    vertex 58.93169572107766 206.50467511885884 6.244999999999986
    vertex 58.92812995245642 205.0545958795561 6.244999999999986
    vertex 58.988748019017436 204.89770206022172 6.244999999999986
  endloop
endfacet
facet normal 0.0 0.0 1.0
  outer loop
    vertex 58.93169572107766 206.50467511885884 6.244999999999986
    vertex 58.988748019017436 204.89770206022172 6.244999999999986
    vertex 58.95071315372425 207.0751980982566 6.244999999999986
  endloop
endfacet
facet normal 0.0 0.0 1.0
  outer loop
    vertex 58.95071315372425 207.0751980982566 6.244999999999986
    vertex 58.988748019017436 204.89770206022172 6.244999999999986
    vertex 58.95784469096672 208.0736133122027 6.244999999999986
  endloop
endfacet
facet normal 0.0 0.0 1.0
  outer loop
    vertex 58.95784469096672 208.0736133122027 6.244999999999986
    vertex 58.988748019017436 204.89770206022172 6.244999999999986
    vertex 59.036291600633916 208.21148969889055 6.244999999999986
  endloop
endfacet
facet normal 0.0 0.0 1.0
  outer loop
    vertex 59.036291600633916 208.21148969889055 6.244999999999986
    vertex 58.988748019017436 204.89770206022172 6.244999999999986
    vertex 59.02708003169573 202.55053486529306 6.244999999999986
  endloop
endfacet
facet normal 0.0 0.0 1.0
  outer loop
    vertex 59.036291600633916 208.21148969889055 6.244999999999986
    vertex 59.02708003169573 202.55053486529306 6.244999999999986
    vertex 59.28470681458003 202.22218700475423 6.244999999999986
  endloop
endfacet
facet normal 0.0 0.0 1.0
  outer loop
    vertex 59.036291600633916 208.21148969889055 6.244999999999986
    vertex 59.28470681458003 202.22218700475423 6.244999999999986
    vertex 59.40237717908084 208.15443740095074 6.244999999999986
  endloop
endfacet
facet normal 0.0 0.0 1.0
  outer loop
    vertex 59.40237717908084 208.15443740095074 6.244999999999986
    vertex 59.28470681458003 202.22218700475423 6.244999999999986
    vertex 59.71408478605389 202.02517828843094 6.244999999999986
  endloop
endfacet
facet normal 0.0 0.0 1.0
  outer loop
    vertex 59.40237717908084 208.15443740095074 6.244999999999986
    vertex 59.71408478605389 202.02517828843094 6.244999999999986
    vertex 59.77797147385104 208.08312202852602 6.244999999999986
  endloop
endfacet
facet normal 0.0 0.0 1.0
  outer loop
    vertex 59.77797147385104 208.08312202852602 6.244999999999986
    vertex 59.71408478605389 202.02517828843094 6.244999999999986
    vertex 60.31521394611728 201.95950871632317 6.244999999999986
  endloop
endfacet
facet normal 0.0 0.0 1.0
  outer loop
    vertex 59.77797147385104 208.08312202852602 6.244999999999986
    vertex 60.31521394611728 201.95950871632317 6.244999999999986
    vertex 60.51014263074485 207.99278922345474 6.244999999999986
  endloop
endfacet
facet normal 0.0 0.0 1.0
  outer loop
    vertex 60.51014263074485 207.99278922345474 6.244999999999986
    vertex 60.31521394611728 201.95950871632317 6.244999999999986
    vertex 60.58621236133122 204.18930269413616 6.244999999999986
  endloop
endfacet
facet normal 0.0 0.0 1.0
  outer loop
    vertex 60.58621236133122 204.18930269413616 6.244999999999986
    vertex 60.31521394611728 201.95950871632317 6.244999999999986
    vertex 60.67654516640255 203.63779714738496 6.244999999999986
  endloop
endfacet
facet normal 0.0 0.0 1.0
  outer loop
    vertex 60.67654516640255 203.63779714738496 6.244999999999986
    vertex 60.31521394611728 201.95950871632317 6.244999999999986
    vertex 61.02836767036451 202.04389857369242 6.244999999999986
  endloop
endfacet
facet normal 0.0 0.0 1.0
  outer loop
    vertex 60.51014263074485 207.99278922345474 6.244999999999986
    vertex 60.58621236133122 204.18930269413616 6.244999999999986
    vertex 60.58145800316958 204.52686212361317 6.244999999999986
  endloop
endfacet
facet normal 0.0 0.0 1.0
  outer loop
    vertex 60.51014263074485 207.99278922345474 6.244999999999986
    vertex 60.58145800316958 204.52686212361317 6.244999999999986
    vertex 60.567194928684636 206.7566561014262 6.244999999999986
  endloop
endfacet
facet normal 0.0 0.0 1.0
  outer loop
    vertex 60.67654516640255 203.63779714738496 6.244999999999986
    vertex 61.02836767036451 202.04389857369242 6.244999999999986
    vertex 60.86671949286847 203.48446909667183 6.244999999999986
  endloop
endfacet
facet normal 0.0 0.0 1.0
  outer loop
    vertex 60.86671949286847 203.48446909667183 6.244999999999986
    vertex 61.02836767036451 202.04389857369242 6.244999999999986
    vertex 61.18050713153724 203.4333597464341 6.244999999999986
  endloop
endfacet
facet normal 0.0 0.0 1.0
  outer loop
    vertex 61.18050713153724 203.4333597464341 6.244999999999986
    vertex 61.02836767036451 202.04389857369242 6.244999999999986
    vertex 61.67496038034866 202.29706814580018 6.244999999999986
  endloop
endfacet
facet normal 0.0 0.0 1.0
  outer loop
    vertex 61.18050713153724 203.4333597464341 6.244999999999986
    vertex 61.67496038034866 202.29706814580018 6.244999999999986
    vertex 61.5204437400951 203.48803486529306 6.244999999999986
  endloop
endfacet
facet normal 0.0 0.0 1.0
  outer loop
    vertex 61.5204437400951 203.48803486529306 6.244999999999986
    vertex 61.67496038034866 202.29706814580018 6.244999999999986
    vertex 61.83185419968305 203.542709984152 6.244999999999986
  endloop
endfacet
facet normal 0.0 0.0 1.0
  outer loop
    vertex 61.83185419968305 203.542709984152 6.244999999999986
    vertex 61.67496038034866 202.29706814580018 6.244999999999986
    vertex 61.83185419968305 202.4064183835181 6.244999999999986
  endloop
endfacet
facet normal 0.0 0.0 1.0
  outer loop
    vertex 61.83185419968305 203.542709984152 6.244999999999986
    vertex 61.83185419968305 202.4064183835181 6.244999999999986
    vertex 61.86038034865293 202.57995245641825 6.244999999999986
  endloop
endfacet
facet normal 0.0 0.0 1.0
  outer loop
    vertex 61.83185419968305 203.542709984152 6.244999999999986
    vertex 61.86038034865293 202.57995245641825 6.244999999999986
    vertex 61.90673534072901 203.51656101426292 6.244999999999986
  endloop
endfacet
facet normal 0.0 0.0 1.0
  outer loop
    vertex 61.90673534072901 203.51656101426292 6.244999999999986
    vertex 61.86038034865293 202.57995245641825 6.244999999999986
    vertex 61.896038034865306 203.00546751188577 6.244999999999986
  endloop
endfacet
facet normal 0.0 0.0 1.0
  outer loop
    vertex 61.90673534072901 203.51656101426292 6.244999999999986
    vertex 61.896038034865306 203.00546751188577 6.244999999999986
    vertex 61.93169572107765 203.43811410459574 6.244999999999986
  endloop
endfacet
facet normal 0.0 0.0 1.0
  outer loop
    vertex 61.78431061806656 205.1591917591124 6.244999999999986
    vertex 61.77480190174327 205.82480190174311 6.244999999999986
    vertex 61.749841521394615 205.08431061806644 6.244999999999986
  endloop
endfacet
facet normal 0.0 0.0 1.0
  outer loop
    vertex 61.77480190174327 205.82480190174311 6.244999999999986
    vertex 61.78431061806656 205.1591917591124 6.244999999999986
    vertex 61.779556259904915 205.49199683042775 6.244999999999986
  endloop
endfacet
facet normal 0.0 0.0 1.0
  outer loop
    vertex 60.567194928684636 206.7566561014262 6.244999999999986
    vertex 60.58145800316958 204.8644215530902 6.244999999999986
    vertex 60.601664025356584 206.5819334389856 6.244999999999986
  endloop
endfacet
facet normal 0.0 0.0 1.0
  outer loop
    vertex 60.58145800316958 204.8644215530902 6.244999999999986
    vertex 60.567194928684636 206.7566561014262 6.244999999999986
    vertex 60.58145800316958 204.52686212361317 6.244999999999986
  endloop
endfacet
facet normal 0.0 0.0 1.0
  outer loop
    vertex 60.601664025356584 206.5819334389856 6.244999999999986
    vertex 60.58145800316958 204.8644215530902 6.244999999999986
    vertex 60.59928684627575 205.0213153724246 6.244999999999986
  endloop
endfacet
facet normal 0.0 0.0 1.0
  outer loop
    vertex 60.601664025356584 206.5819334389856 6.244999999999986
    vertex 60.59928684627575 205.0213153724246 6.244999999999986
    vertex 60.65277337559431 205.0736133122027 6.244999999999986
  endloop
endfacet
facet normal 0.0 0.0 1.0
  outer loop
    vertex 60.601664025356584 206.5819334389856 6.244999999999986
    vertex 60.65277337559431 205.0736133122027 6.244999999999986
    vertex 60.70507131537243 206.5236925515054 6.244999999999986
  endloop
endfacet
facet normal 0.0 0.0 1.0
  outer loop
    vertex 60.70507131537243 206.5236925515054 6.244999999999986
    vertex 60.65277337559431 205.0736133122027 6.244999999999986
    vertex 61.00935023771791 205.0736133122027 6.244999999999986
  endloop
endfacet
facet normal 0.0 0.0 1.0
  outer loop
    vertex 60.70507131537243 206.5236925515054 6.244999999999986
    vertex 61.00935023771791 205.0736133122027 6.244999999999986
    vertex 61.209033280507136 206.53795562599038 6.244999999999986
  endloop
endfacet
facet normal 0.0 0.0 1.0
  outer loop
    vertex 61.209033280507136 206.53795562599038 6.244999999999986
    vertex 61.00935023771791 205.0736133122027 6.244999999999986
    vertex 61.32789223454833 205.06648177496024 6.244999999999986
  endloop
endfacet
facet normal 0.0 0.0 1.0
  outer loop
    vertex 61.209033280507136 206.53795562599038 6.244999999999986
    vertex 61.32789223454833 205.06648177496024 6.244999999999986
    vertex 61.71774960380349 206.55221870047532 6.244999999999986
  endloop
endfacet
facet normal 0.0 0.0 1.0
  outer loop
    vertex 61.71774960380349 206.55221870047532 6.244999999999986
    vertex 61.32789223454833 205.06648177496024 6.244999999999986
    vertex 61.64643423137876 205.05935023771778 6.244999999999986
  endloop
endfacet
facet normal 0.0 0.0 1.0
  outer loop
    vertex 61.71774960380349 206.55221870047532 6.244999999999986
    vertex 61.64643423137876 205.05935023771778 6.244999999999986
    vertex 61.749841521394615 205.08431061806644 6.244999999999986
  endloop
endfacet
facet normal 0.0 0.0 1.0
  outer loop
    vertex 61.71774960380349 206.55221870047532 6.244999999999986
    vertex 61.749841521394615 205.08431061806644 6.244999999999986
    vertex 61.77480190174327 205.82480190174311 6.244999999999986
  endloop
endfacet
facet normal 0.0 0.0 1.0
  outer loop
    vertex 61.71774960380349 206.55221870047532 6.244999999999986
    vertex 61.77480190174327 205.82480190174311 6.244999999999986
    vertex 61.79857369255151 206.15285261489686 6.244999999999986
  endloop
endfacet
facet normal 0.0 0.0 1.0
  outer loop
    vertex 61.71774960380349 206.55221870047532 6.244999999999986
    vertex 61.79857369255151 206.15285261489686 6.244999999999986
    vertex 61.82234548335975 206.48090332805057 6.244999999999986
  endloop
endfacet
facet normal 0.0 0.0 1.0
  outer loop
    vertex 60.51014263074485 207.99278922345474 6.244999999999986
    vertex 60.59809825673535 207.33668779714722 6.244999999999986
    vertex 60.62900158478606 207.9119651347067 6.244999999999986
  endloop
endfacet
facet normal 0.0 0.0 1.0
  outer loop
    vertex 60.59809825673535 207.33668779714722 6.244999999999986
    vertex 60.51014263074485 207.99278922345474 6.244999999999986
    vertex 60.567194928684636 206.7566561014262 6.244999999999986
  endloop
endfacet
facet normal 0.9966208762662104 -0.08213908320873081 0.0
  outer loop
    vertex 61.93169572107765 203.43811410459574 5.444999999999991
    vertex 61.896038034865306 203.00546751188577 6.244999999999986
    vertex 61.896038034865306 203.00546751188577 5.444999999999991
  endloop
endfacet
facet normal 0.9966208762662104 -0.08213908320873081 0.0
  outer loop
    vertex 61.896038034865306 203.00546751188577 6.244999999999986
    vertex 61.93169572107765 203.43811410459574 5.444999999999991
    vertex 61.93169572107765 203.43811410459574 6.244999999999986
  endloop
endfacet
facet normal 0.9965072580909785 -0.08350619481212279 0.0
  outer loop
    vertex 61.896038034865306 203.00546751188577 5.444999999999991
    vertex 61.86038034865293 202.57995245641825 6.244999999999986
    vertex 61.86038034865293 202.57995245641825 5.444999999999991
  endloop
endfacet
facet normal 0.9965072580909785 -0.08350619481212279 0.0
  outer loop
    vertex 61.86038034865293 202.57995245641825 6.244999999999986
    vertex 61.896038034865306 203.00546751188577 5.444999999999991
    vertex 61.896038034865306 203.00546751188577 6.244999999999986
  endloop
endfacet
facet normal 0.9867568184814708 -0.16220660029827905 0.0
  outer loop
    vertex 61.86038034865293 202.57995245641825 5.444999999999991
    vertex 61.83185419968305 202.4064183835181 6.244999999999986
    vertex 61.83185419968305 202.4064183835181 5.444999999999991
  endloop
endfacet
facet normal 0.9867568184814708 -0.16220660029827905 0.0
  outer loop
    vertex 61.83185419968305 202.4064183835181 6.244999999999986
    vertex 61.86038034865293 202.57995245641825 5.444999999999991
    vertex 61.86038034865293 202.57995245641825 6.244999999999986
  endloop
endfacet
facet normal 0.571792661688169 -0.8203981667699893 0.0
  outer loop
    vertex 61.83185419968305 202.4064183835181 6.244999999999986
    vertex 61.67496038034866 202.29706814580018 5.444999999999991
    vertex 61.83185419968305 202.4064183835181 5.444999999999991
  endloop
endfacet
facet normal 0.571792661688169 -0.8203981667699893 0.0
  outer loop
    vertex 61.67496038034866 202.29706814580018 5.444999999999991
    vertex 61.83185419968305 202.4064183835181 6.244999999999986
    vertex 61.67496038034866 202.29706814580018 6.244999999999986
  endloop
endfacet
facet normal 0.3645929596854301 -0.9311669956285061 0.0
  outer loop
    vertex 61.67496038034866 202.29706814580018 6.244999999999986
    vertex 61.02836767036451 202.04389857369242 5.444999999999991
    vertex 61.67496038034866 202.29706814580018 5.444999999999991
  endloop
endfacet
facet normal 0.3645929596854301 -0.9311669956285061 0.0
  outer loop
    vertex 61.02836767036451 202.04389857369242 5.444999999999991
    vertex 61.67496038034866 202.29706814580018 6.244999999999986
    vertex 61.02836767036451 202.04389857369242 6.244999999999986
  endloop
endfacet
facet normal 0.11751343629715955 -0.9930712926520601 0.0
  outer loop
    vertex 61.02836767036451 202.04389857369242 6.244999999999986
    vertex 60.31521394611728 201.95950871632317 5.444999999999991
    vertex 61.02836767036451 202.04389857369242 5.444999999999991
  endloop
endfacet
facet normal 0.11751343629715955 -0.9930712926520601 0.0
  outer loop
    vertex 60.31521394611728 201.95950871632317 5.444999999999991
    vertex 61.02836767036451 202.04389857369242 6.244999999999986
    vertex 60.31521394611728 201.95950871632317 6.244999999999986
  endloop
endfacet
facet normal -0.108597607409011 -0.9940857908978674 0.0
  outer loop
    vertex 60.31521394611728 201.95950871632317 6.244999999999986
    vertex 59.71408478605389 202.02517828843094 5.444999999999991
    vertex 60.31521394611728 201.95950871632317 5.444999999999991
  endloop
endfacet
facet normal -0.108597607409011 -0.9940857908978674 0.0
  outer loop
    vertex 59.71408478605389 202.02517828843094 5.444999999999991
    vertex 60.31521394611728 201.95950871632317 6.244999999999986
    vertex 59.71408478605389 202.02517828843094 6.244999999999986
  endloop
endfacet
facet normal -0.417022867792164 -0.908895993906013 0.0
  outer loop
    vertex 59.71408478605389 202.02517828843094 6.244999999999986
    vertex 59.28470681458003 202.22218700475423 5.444999999999991
    vertex 59.71408478605389 202.02517828843094 5.444999999999991
  endloop
endfacet
facet normal -0.417022867792164 -0.908895993906013 0.0
  outer loop
    vertex 59.28470681458003 202.22218700475423 5.444999999999991
    vertex 59.71408478605389 202.02517828843094 6.244999999999986
    vertex 59.28470681458003 202.22218700475423 6.244999999999986
  endloop
endfacet
facet normal -0.7867381580854287 -0.6172868624977751 0.0
  outer loop
    vertex 59.02708003169573 202.55053486529306 6.244999999999986
    vertex 59.28470681458003 202.22218700475423 5.444999999999991
    vertex 59.28470681458003 202.22218700475423 6.244999999999986
  endloop
endfacet
facet normal -0.7867381580854287 -0.6172868624977751 0.0
  outer loop
    vertex 59.28470681458003 202.22218700475423 5.444999999999991
    vertex 59.02708003169573 202.55053486529306 6.244999999999986
    vertex 59.02708003169573 202.55053486529306 5.444999999999991
  endloop
endfacet
facet normal -0.982994258860224 -0.1836362901167385 0.0
  outer loop
    vertex 58.94120443740096 203.0102218700474 6.244999999999986
    vertex 59.02708003169573 202.55053486529306 5.444999999999991
    vertex 59.02708003169573 202.55053486529306 6.244999999999986
  endloop
endfacet
facet normal -0.982994258860224 -0.1836362901167385 0.0
  outer loop
    vertex 59.02708003169573 202.55053486529306 5.444999999999991
    vertex 58.94120443740096 203.0102218700474 6.244999999999986
    vertex 58.94120443740096 203.0102218700474 5.444999999999991
  endloop
endfacet
facet normal -0.999682910116074 0.02518092972583472 0.0
  outer loop
    vertex 58.964976228209196 203.95396196513457 6.244999999999986
    vertex 58.94120443740096 203.0102218700474 5.444999999999991
    vertex 58.94120443740096 203.0102218700474 6.244999999999986
  endloop
endfacet
facet normal -0.999682910116074 0.02518092972583472 0.0
  outer loop
    vertex 58.94120443740096 203.0102218700474 5.444999999999991
    vertex 58.964976228209196 203.95396196513457 6.244999999999986
    vertex 58.964976228209196 203.95396196513457 5.444999999999991
  endloop
endfacet
facet normal -0.9996829101160738 0.025180929725846665 0.0
  outer loop
    vertex 58.988748019017436 204.89770206022172 6.244999999999986
    vertex 58.964976228209196 203.95396196513457 5.444999999999991
    vertex 58.964976228209196 203.95396196513457 6.244999999999986
  endloop
endfacet
facet normal -0.9996829101160738 0.025180929725846665 0.0
  outer loop
    vertex 58.964976228209196 203.95396196513457 5.444999999999991
    vertex 58.988748019017436 204.89770206022172 6.244999999999986
    vertex 58.988748019017436 204.89770206022172 5.444999999999991
  endloop
endfacet
facet normal -0.932798134405608 -0.3603992792021334 0.0
  outer loop
    vertex 58.92812995245642 205.0545958795561 6.244999999999986
    vertex 58.988748019017436 204.89770206022172 5.444999999999991
    vertex 58.988748019017436 204.89770206022172 6.244999999999986
  endloop
endfacet
facet normal -0.932798134405608 -0.3603992792021334 0.0
  outer loop
    vertex 58.988748019017436 204.89770206022172 5.444999999999991
    vertex 58.92812995245642 205.0545958795561 6.244999999999986
    vertex 58.92812995245642 205.0545958795561 5.444999999999991
  endloop
endfacet
facet normal -0.27637994667851085 -0.9610484509503066 0.0
  outer loop
    vertex 58.92812995245642 205.0545958795561 6.244999999999986
    vertex 58.74627575277338 205.10689381933426 5.444999999999991
    vertex 58.92812995245642 205.0545958795561 5.444999999999991
  endloop
endfacet
facet normal -0.27637994667851085 -0.9610484509503066 0.0
  outer loop
    vertex 58.74627575277338 205.10689381933426 5.444999999999991
    vertex 58.92812995245642 205.0545958795561 6.244999999999986
    vertex 58.74627575277338 205.10689381933426 6.244999999999986
  endloop
endfacet
facet normal 0.0 -1.0 0.0
  outer loop
    vertex 58.74627575277338 205.10689381933426 6.244999999999986
    vertex 58.684469096671954 205.10689381933426 5.444999999999991
    vertex 58.74627575277338 205.10689381933426 5.444999999999991
  endloop
endfacet
facet normal 0.0 -1.0 0.0
  outer loop
    vertex 58.684469096671954 205.10689381933426 5.444999999999991
    vertex 58.74627575277338 205.10689381933426 6.244999999999986
    vertex 58.684469096671954 205.10689381933426 6.244999999999986
  endloop
endfacet
facet normal 0.07669649888473357 -0.9970544855015818 0.0
  outer loop
    vertex 58.684469096671954 205.10689381933426 6.244999999999986
    vertex 58.62266244057053 205.10213946117258 5.444999999999991
    vertex 58.684469096671954 205.10689381933426 5.444999999999991
  endloop
endfacet
facet normal 0.07669649888473357 -0.9970544855015818 0.0
  outer loop
    vertex 58.62266244057053 205.10213946117258 5.444999999999991
    vertex 58.684469096671954 205.10689381933426 6.244999999999986
    vertex 58.62266244057053 205.10213946117258 6.244999999999986
  endloop
endfacet
facet normal -0.23046638387921584 -0.9730802874900089 0.0
  outer loop
    vertex 58.62266244057053 205.10213946117258 6.244999999999986
    vertex 58.48716323296356 205.13423137876373 5.444999999999991
    vertex 58.62266244057053 205.10213946117258 5.444999999999991
  endloop
endfacet
facet normal -0.23046638387921584 -0.9730802874900089 0.0
  outer loop
    vertex 58.48716323296356 205.13423137876373 5.444999999999991
    vertex 58.62266244057053 205.10213946117258 6.244999999999986
    vertex 58.48716323296356 205.13423137876373 6.244999999999986
  endloop
endfacet
facet normal -0.9053246611222885 -0.4247202113907618 0.0
  outer loop
    vertex 58.4419968304279 205.2305071315371 6.244999999999986
    vertex 58.48716323296356 205.13423137876373 5.444999999999991
    vertex 58.48716323296356 205.13423137876373 6.244999999999986
  endloop
endfacet
facet normal -0.9053246611222885 -0.4247202113907618 0.0
  outer loop
    vertex 58.48716323296356 205.13423137876373 5.444999999999991
    vertex 58.4419968304279 205.2305071315371 6.244999999999986
    vertex 58.4419968304279 205.2305071315371 5.444999999999991
  endloop
endfacet
facet normal -0.9987009944894546 0.050954132371912986 0.0
  outer loop
    vertex 58.45388272583202 205.46347068145786 6.244999999999986
    vertex 58.4419968304279 205.2305071315371 5.444999999999991
    vertex 58.4419968304279 205.2305071315371 6.244999999999986
  endloop
endfacet
facet normal -0.9987009944894546 0.050954132371912986 0.0
  outer loop
    vertex 58.4419968304279 205.2305071315371 5.444999999999991
    vertex 58.45388272583202 205.46347068145786 6.244999999999986
    vertex 58.45388272583202 205.46347068145786 5.444999999999991
  endloop
endfacet
facet normal -0.9987009944894547 0.05095413237191283 0.0
  outer loop
    vertex 58.46576862123614 205.69643423137862 6.244999999999986
    vertex 58.45388272583202 205.46347068145786 5.444999999999991
    vertex 58.45388272583202 205.46347068145786 6.244999999999986
  endloop
endfacet
facet normal -0.9987009944894547 0.05095413237191283 0.0
  outer loop
    vertex 58.45388272583202 205.46347068145786 5.444999999999991
    vertex 58.46576862123614 205.69643423137862 6.244999999999986
    vertex 58.46576862123614 205.69643423137862 5.444999999999991
  endloop
endfacet
facet normal -0.999237932553046 -0.03903273174035492 0.0
  outer loop
    vertex 58.45388272583202 206.00071315372412 6.244999999999986
    vertex 58.46576862123614 205.69643423137862 5.444999999999991
    vertex 58.46576862123614 205.69643423137862 6.244999999999986
  endloop
endfacet
facet normal -0.999237932553046 -0.03903273174035492 0.0
  outer loop
    vertex 58.46576862123614 205.69643423137862 5.444999999999991
    vertex 58.45388272583202 206.00071315372412 6.244999999999986
    vertex 58.45388272583202 206.00071315372412 5.444999999999991
  endloop
endfacet
facet normal -0.9992379325530459 -0.03903273174035482 0.0
  outer loop
    vertex 58.4419968304279 206.30499207606957 6.244999999999986
    vertex 58.45388272583202 206.00071315372412 5.444999999999991
    vertex 58.45388272583202 206.00071315372412 6.244999999999986
  endloop
endfacet
facet normal -0.9992379325530459 -0.03903273174035482 0.0
  outer loop
    vertex 58.45388272583202 206.00071315372412 5.444999999999991
    vertex 58.4419968304279 206.30499207606957 6.244999999999986
    vertex 58.4419968304279 206.30499207606957 5.444999999999991
  endloop
endfacet
facet normal -0.6957952158269862 0.7182402227891986 0.0
  outer loop
    vertex 58.4419968304279 206.30499207606957 6.244999999999986
    vertex 58.51806656101427 206.37868462757513 5.444999999999991
    vertex 58.4419968304279 206.30499207606957 5.444999999999991
  endloop
endfacet
facet normal -0.6957952158269862 0.7182402227891986 0.0
  outer loop
    vertex 58.51806656101427 206.37868462757513 5.444999999999991
    vertex 58.4419968304279 206.30499207606957 6.244999999999986
    vertex 58.51806656101427 206.37868462757513 6.244999999999986
  endloop
endfacet
facet normal -0.1341918727446266 0.990955367960278 0.0
  outer loop
    vertex 58.51806656101427 206.37868462757513 6.244999999999986
    vertex 58.74627575277338 206.40958795562588 5.444999999999991
    vertex 58.51806656101427 206.37868462757513 5.444999999999991
  endloop
endfacet
facet normal -0.1341918727446266 0.990955367960278 0.0
  outer loop
    vertex 58.74627575277338 206.40958795562588 5.444999999999991
    vertex 58.51806656101427 206.37868462757513 6.244999999999986
    vertex 58.74627575277338 206.40958795562588 6.244999999999986
  endloop
endfacet
facet normal -0.1944163965813168 0.9809190918421031 0.0
  outer loop
    vertex 58.74627575277338 206.40958795562588 6.244999999999986
    vertex 58.87820919175911 206.43573692551493 5.444999999999991
    vertex 58.74627575277338 206.40958795562588 5.444999999999991
  endloop
endfacet
facet normal -0.1944163965813168 0.9809190918421031 0.0
  outer loop
    vertex 58.87820919175911 206.43573692551493 5.444999999999991
    vertex 58.74627575277338 206.40958795562588 6.244999999999986
    vertex 58.87820919175911 206.43573692551493 6.244999999999986
  endloop
endfacet
facet normal -0.7900851548186709 0.6129971028766422 0.0
  outer loop
    vertex 58.93169572107766 206.50467511885884 6.244999999999986
    vertex 58.87820919175911 206.43573692551493 5.444999999999991
    vertex 58.87820919175911 206.43573692551493 6.244999999999986
  endloop
endfacet
facet normal -0.7900851548186709 0.6129971028766422 0.0
  outer loop
    vertex 58.87820919175911 206.43573692551493 5.444999999999991
    vertex 58.93169572107766 206.50467511885884 6.244999999999986
    vertex 58.93169572107766 206.50467511885884 5.444999999999991
  endloop
endfacet
facet normal -0.9994449069791546 0.03331483023263577 0.0
  outer loop
    vertex 58.95071315372425 207.0751980982566 6.244999999999986
    vertex 58.93169572107766 206.50467511885884 5.444999999999991
    vertex 58.93169572107766 206.50467511885884 6.244999999999986
  endloop
endfacet
facet normal -0.9994449069791546 0.03331483023263577 0.0
  outer loop
    vertex 58.93169572107766 206.50467511885884 5.444999999999991
    vertex 58.95071315372425 207.0751980982566 6.244999999999986
    vertex 58.95071315372425 207.0751980982566 5.444999999999991
  endloop
endfacet
facet normal -0.9994716332766338 -0.03250314254557908 0.0
  outer loop
    vertex 58.93169572107766 207.65998415213934 6.244999999999986
    vertex 58.95071315372425 207.0751980982566 5.444999999999991
    vertex 58.95071315372425 207.0751980982566 6.244999999999986
  endloop
endfacet
facet normal -0.9994716332766338 -0.03250314254557908 0.0
  outer loop
    vertex 58.95071315372425 207.0751980982566 5.444999999999991
    vertex 58.93169572107766 207.65998415213934 6.244999999999986
    vertex 58.93169572107766 207.65998415213934 5.444999999999991
  endloop
endfacet
facet normal -0.9980076873522633 0.06309244000501958 0.0
  outer loop
    vertex 58.95784469096672 208.0736133122027 6.244999999999986
    vertex 58.93169572107766 207.65998415213934 5.444999999999991
    vertex 58.93169572107766 207.65998415213934 6.244999999999986
  endloop
endfacet
facet normal -0.9980076873522633 0.06309244000501958 0.0
  outer loop
    vertex 58.93169572107766 207.65998415213934 5.444999999999991
    vertex 58.95784469096672 208.0736133122027 6.244999999999986
    vertex 58.95784469096672 208.0736133122027 5.444999999999991
  endloop
endfacet
facet normal -0.869163832024042 0.49452424925506233 0.0
  outer loop
    vertex 59.036291600633916 208.21148969889055 6.244999999999986
    vertex 58.95784469096672 208.0736133122027 5.444999999999991
    vertex 58.95784469096672 208.0736133122027 6.244999999999986
  endloop
endfacet
facet normal -0.869163832024042 0.49452424925506233 0.0
  outer loop
    vertex 58.95784469096672 208.0736133122027 5.444999999999991
    vertex 59.036291600633916 208.21148969889055 6.244999999999986
    vertex 59.036291600633916 208.21148969889055 5.444999999999991
  endloop
endfacet
facet normal 0.1539854212648957 0.9880731197830821 0.0
  outer loop
    vertex 59.036291600633916 208.21148969889055 6.244999999999986
    vertex 59.40237717908084 208.15443740095074 5.444999999999991
    vertex 59.036291600633916 208.21148969889055 5.444999999999991
  endloop
endfacet
facet normal 0.1539854212648957 0.9880731197830821 0.0
  outer loop
    vertex 59.40237717908084 208.15443740095074 5.444999999999991
    vertex 59.036291600633916 208.21148969889055 6.244999999999986
    vertex 59.40237717908084 208.15443740095074 6.244999999999986
  endloop
endfacet
facet normal 0.18654061700873392 0.9824472495793354 0.0
  outer loop
    vertex 59.40237717908084 208.15443740095074 6.244999999999986
    vertex 59.77797147385104 208.08312202852602 5.444999999999991
    vertex 59.40237717908084 208.15443740095074 5.444999999999991
  endloop
endfacet
facet normal 0.18654061700873392 0.9824472495793354 0.0
  outer loop
    vertex 59.77797147385104 208.08312202852602 5.444999999999991
    vertex 59.40237717908084 208.15443740095074 6.244999999999986
    vertex 59.77797147385104 208.08312202852602 6.244999999999986
  endloop
endfacet
facet normal 0.1224482026037416 0.9924749053145441 0.0
  outer loop
    vertex 59.77797147385104 208.08312202852602 6.244999999999986
    vertex 60.51014263074485 207.99278922345474 5.444999999999991
    vertex 59.77797147385104 208.08312202852602 5.444999999999991
  endloop
endfacet
facet normal 0.1224482026037416 0.9924749053145441 0.0
  outer loop
    vertex 60.51014263074485 207.99278922345474 5.444999999999991
    vertex 59.77797147385104 208.08312202852602 6.244999999999986
    vertex 60.51014263074485 207.99278922345474 6.244999999999986
  endloop
endfacet
facet normal 0.562310021407267 0.8269265020695363 0.0
  outer loop
    vertex 60.51014263074485 207.99278922345474 6.244999999999986
    vertex 60.62900158478606 207.9119651347067 5.444999999999991
    vertex 60.51014263074485 207.99278922345474 5.444999999999991
  endloop
endfacet
facet normal 0.562310021407267 0.8269265020695363 0.0
  outer loop
    vertex 60.62900158478606 207.9119651347067 5.444999999999991
    vertex 60.51014263074485 207.99278922345474 6.244999999999986
    vertex 60.62900158478606 207.9119651347067 6.244999999999986
  endloop
endfacet
facet normal 0.9985602493779486 -0.053641666288896175 0.0
  outer loop
    vertex 60.62900158478606 207.9119651347067 5.444999999999991
    vertex 60.59809825673535 207.33668779714722 6.244999999999986
    vertex 60.59809825673535 207.33668779714722 5.444999999999991
  endloop
endfacet
facet normal 0.9985602493779486 -0.053641666288896175 0.0
  outer loop
    vertex 60.59809825673535 207.33668779714722 6.244999999999986
    vertex 60.62900158478606 207.9119651347067 5.444999999999991
    vertex 60.62900158478606 207.9119651347067 6.244999999999986
  endloop
endfacet
facet normal 0.9985837052029203 -0.053203230195235846 0.0
  outer loop
    vertex 60.59809825673535 207.33668779714722 5.444999999999991
    vertex 60.567194928684636 206.7566561014262 6.244999999999986
    vertex 60.567194928684636 206.7566561014262 5.444999999999991
  endloop
endfacet
facet normal 0.9985837052029203 -0.053203230195235846 0.0
  outer loop
    vertex 60.567194928684636 206.7566561014262 6.244999999999986
    vertex 60.59809825673535 207.33668779714722 5.444999999999991
    vertex 60.59809825673535 207.33668779714722 6.244999999999986
  endloop
endfacet
facet normal 0.981090707071022 0.1935485068371295 0.0
  outer loop
    vertex 60.567194928684636 206.7566561014262 5.444999999999991
    vertex 60.601664025356584 206.5819334389856 6.244999999999986
    vertex 60.601664025356584 206.5819334389856 5.444999999999991
  endloop
endfacet
facet normal 0.981090707071022 0.1935485068371295 0.0
  outer loop
    vertex 60.601664025356584 206.5819334389856 6.244999999999986
    vertex 60.567194928684636 206.7566561014262 5.444999999999991
    vertex 60.567194928684636 206.7566561014262 6.244999999999986
  endloop
endfacet
facet normal 0.49073665789529014 0.8713079436099278 0.0
  outer loop
    vertex 60.601664025356584 206.5819334389856 6.244999999999986
    vertex 60.70507131537243 206.5236925515054 5.444999999999991
    vertex 60.601664025356584 206.5819334389856 5.444999999999991
  endloop
endfacet
facet normal 0.49073665789529014 0.8713079436099278 0.0
  outer loop
    vertex 60.70507131537243 206.5236925515054 5.444999999999991
    vertex 60.601664025356584 206.5819334389856 6.244999999999986
    vertex 60.70507131537243 206.5236925515054 6.244999999999986
  endloop
endfacet
facet normal -0.028290558736980508 0.9995997420399575 0.0
  outer loop
    vertex 60.70507131537243 206.5236925515054 6.244999999999986
    vertex 61.209033280507136 206.53795562599038 5.444999999999991
    vertex 60.70507131537243 206.5236925515054 5.444999999999991
  endloop
endfacet
facet normal -0.028290558736980508 0.9995997420399575 0.0
  outer loop
    vertex 61.209033280507136 206.53795562599038 5.444999999999991
    vertex 60.70507131537243 206.5236925515054 6.244999999999986
    vertex 61.209033280507136 206.53795562599038 6.244999999999986
  endloop
endfacet
facet normal -0.028026369649065887 0.9996071841500009 0.0
  outer loop
    vertex 61.209033280507136 206.53795562599038 6.244999999999986
    vertex 61.71774960380349 206.55221870047532 5.444999999999991
    vertex 61.209033280507136 206.53795562599038 5.444999999999991
  endloop
endfacet
facet normal -0.028026369649065887 0.9996071841500009 0.0
  outer loop
    vertex 61.71774960380349 206.55221870047532 5.444999999999991
    vertex 61.209033280507136 206.53795562599038 6.244999999999986
    vertex 61.71774960380349 206.55221870047532 6.244999999999986
  endloop
endfacet
facet normal 0.5633368246415195 0.8262273428075411 0.0
  outer loop
    vertex 61.71774960380349 206.55221870047532 6.244999999999986
    vertex 61.82234548335975 206.48090332805057 5.444999999999991
    vertex 61.71774960380349 206.55221870047532 5.444999999999991
  endloop
endfacet
facet normal 0.5633368246415195 0.8262273428075411 0.0
  outer loop
    vertex 61.82234548335975 206.48090332805057 5.444999999999991
    vertex 61.71774960380349 206.55221870047532 6.244999999999986
    vertex 61.82234548335975 206.48090332805057 6.244999999999986
  endloop
endfacet
facet normal 0.9973847959828919 -0.07227426057847325 0.0
  outer loop
    vertex 61.82234548335975 206.48090332805057 5.444999999999991
    vertex 61.79857369255151 206.15285261489686 6.244999999999986
    vertex 61.79857369255151 206.15285261489686 5.444999999999991
  endloop
endfacet
facet normal 0.9973847959828919 -0.07227426057847325 0.0
  outer loop
    vertex 61.79857369255151 206.15285261489686 6.244999999999986
    vertex 61.82234548335975 206.48090332805057 5.444999999999991
    vertex 61.82234548335975 206.48090332805057 6.244999999999986
  endloop
endfacet
facet normal 0.997384795982892 -0.07227426057847311 0.0
  outer loop
    vertex 61.79857369255151 206.15285261489686 5.444999999999991
    vertex 61.77480190174327 205.82480190174311 6.244999999999986
    vertex 61.77480190174327 205.82480190174311 5.444999999999991
  endloop
endfacet
facet normal 0.997384795982892 -0.07227426057847311 0.0
  outer loop
    vertex 61.77480190174327 205.82480190174311 6.244999999999986
    vertex 61.79857369255151 206.15285261489686 5.444999999999991
    vertex 61.79857369255151 206.15285261489686 6.244999999999986
  endloop
endfacet
facet normal 0.99989797479951 0.014284256782857496 0.0
  outer loop
    vertex 61.77480190174327 205.82480190174311 5.444999999999991
    vertex 61.779556259904915 205.49199683042775 6.244999999999986
    vertex 61.779556259904915 205.49199683042775 5.444999999999991
  endloop
endfacet
facet normal 0.99989797479951 0.014284256782857496 0.0
  outer loop
    vertex 61.779556259904915 205.49199683042775 6.244999999999986
    vertex 61.77480190174327 205.82480190174311 5.444999999999991
    vertex 61.77480190174327 205.82480190174311 6.244999999999986
  endloop
endfacet
facet normal 0.9998979747995099 0.014284256782857463 0.0
  outer loop
    vertex 61.779556259904915 205.49199683042775 5.444999999999991
    vertex 61.78431061806656 205.1591917591124 6.244999999999986
    vertex 61.78431061806656 205.1591917591124 5.444999999999991
  endloop
endfacet
facet normal 0.9998979747995099 0.014284256782857463 0.0
  outer loop
    vertex 61.78431061806656 205.1591917591124 6.244999999999986
    vertex 61.779556259904915 205.49199683042775 5.444999999999991
    vertex 61.779556259904915 205.49199683042775 6.244999999999986
  endloop
endfacet
facet normal 0.9083809361473544 -0.4181436055281204 0.0
  outer loop
    vertex 61.78431061806656 205.1591917591124 5.444999999999991
    vertex 61.749841521394615 205.08431061806644 6.244999999999986
    vertex 61.749841521394615 205.08431061806644 5.444999999999991
  endloop
endfacet
facet normal 0.9083809361473544 -0.4181436055281204 0.0
  outer loop
    vertex 61.749841521394615 205.08431061806644 6.244999999999986
    vertex 61.78431061806656 205.1591917591124 5.444999999999991
    vertex 61.78431061806656 205.1591917591124 6.244999999999986
  endloop
endfacet
facet normal 0.2346405331038869 -0.9720822085732893 0.0
  outer loop
    vertex 61.749841521394615 205.08431061806644 6.244999999999986
    vertex 61.64643423137876 205.05935023771778 5.444999999999991
    vertex 61.749841521394615 205.08431061806644 5.444999999999991
  endloop
endfacet
facet normal 0.2346405331038869 -0.9720822085732893 0.0
  outer loop
    vertex 61.64643423137876 205.05935023771778 5.444999999999991
    vertex 61.749841521394615 205.08431061806644 6.244999999999986
    vertex 61.64643423137876 205.05935023771778 6.244999999999986
  endloop
endfacet
facet normal -0.02238245107975047 -0.9997494815620874 0.0
  outer loop
    vertex 61.64643423137876 205.05935023771778 6.244999999999986
    vertex 61.32789223454833 205.06648177496024 5.444999999999991
    vertex 61.64643423137876 205.05935023771778 5.444999999999991
  endloop
endfacet
facet normal -0.02238245107975047 -0.9997494815620874 0.0
  outer loop
    vertex 61.32789223454833 205.06648177496024 5.444999999999991
    vertex 61.64643423137876 205.05935023771778 6.244999999999986
    vertex 61.32789223454833 205.06648177496024 6.244999999999986
  endloop
endfacet
facet normal -0.022382451079746842 -0.9997494815620876 0.0
  outer loop
    vertex 61.32789223454833 205.06648177496024 6.244999999999986
    vertex 61.00935023771791 205.0736133122027 5.444999999999991
    vertex 61.32789223454833 205.06648177496024 5.444999999999991
  endloop
endfacet
facet normal -0.022382451079746842 -0.9997494815620876 0.0
  outer loop
    vertex 61.00935023771791 205.0736133122027 5.444999999999991
    vertex 61.32789223454833 205.06648177496024 6.244999999999986
    vertex 61.00935023771791 205.0736133122027 6.244999999999986
  endloop
endfacet
facet normal 0.0 -1.0 0.0
  outer loop
    vertex 61.00935023771791 205.0736133122027 6.244999999999986
    vertex 60.65277337559431 205.0736133122027 5.444999999999991
    vertex 61.00935023771791 205.0736133122027 5.444999999999991
  endloop
endfacet
facet normal 0.0 -1.0 0.0
  outer loop
    vertex 60.65277337559431 205.0736133122027 5.444999999999991
    vertex 61.00935023771791 205.0736133122027 6.244999999999986
    vertex 60.65277337559431 205.0736133122027 6.244999999999986
  endloop
endfacet
facet normal 0.6991176319238275 -0.7150066690131077 0.0
  outer loop
    vertex 60.65277337559431 205.0736133122027 6.244999999999986
    vertex 60.59928684627575 205.0213153724246 5.444999999999991
    vertex 60.65277337559431 205.0736133122027 5.444999999999991
  endloop
endfacet
facet normal 0.6991176319238275 -0.7150066690131077 0.0
  outer loop
    vertex 60.59928684627575 205.0213153724246 5.444999999999991
    vertex 60.65277337559431 205.0736133122027 6.244999999999986
    vertex 60.59928684627575 205.0213153724246 6.244999999999986
  endloop
endfacet
facet normal 0.9936052547897223 -0.11290968804425516 0.0
  outer loop
    vertex 60.59928684627575 205.0213153724246 5.444999999999991
    vertex 60.58145800316958 204.8644215530902 6.244999999999986
    vertex 60.58145800316958 204.8644215530902 5.444999999999991
  endloop
endfacet
facet normal 0.9936052547897223 -0.11290968804425516 0.0
  outer loop
    vertex 60.58145800316958 204.8644215530902 6.244999999999986
    vertex 60.59928684627575 205.0213153724246 5.444999999999991
    vertex 60.59928684627575 205.0213153724246 6.244999999999986
  endloop
endfacet
facet normal 1.0 0.0 0.0
  outer loop
    vertex 60.58145800316958 204.8644215530902 5.444999999999991
    vertex 60.58145800316958 204.52686212361317 6.244999999999986
    vertex 60.58145800316958 204.52686212361317 5.444999999999991
  endloop
endfacet
facet normal 1.0 0.0 0.0
  outer loop
    vertex 60.58145800316958 204.52686212361317 6.244999999999986
    vertex 60.58145800316958 204.8644215530902 5.444999999999991
    vertex 60.58145800316958 204.8644215530902 6.244999999999986
  endloop
endfacet
facet normal 0.9999008280852427 0.01408311025469555 0.0
  outer loop
    vertex 60.58145800316958 204.52686212361317 5.444999999999991
    vertex 60.58621236133122 204.18930269413616 6.244999999999986
    vertex 60.58621236133122 204.18930269413616 5.444999999999991
  endloop
endfacet
facet normal 0.9999008280852427 0.01408311025469555 0.0
  outer loop
    vertex 60.58621236133122 204.18930269413616 6.244999999999986
    vertex 60.58145800316958 204.52686212361317 5.444999999999991
    vertex 60.58145800316958 204.52686212361317 6.244999999999986
  endloop
endfacet
facet normal 0.9868499204204655 0.16163921110337462 0.0
  outer loop
    vertex 60.58621236133122 204.18930269413616 5.444999999999991
    vertex 60.67654516640255 203.63779714738496 6.244999999999986
    vertex 60.67654516640255 203.63779714738496 5.444999999999991
  endloop
endfacet
facet normal 0.9868499204204655 0.16163921110337462 0.0
  outer loop
    vertex 60.67654516640255 203.63779714738496 6.244999999999986
    vertex 60.58621236133122 204.18930269413616 5.444999999999991
    vertex 60.58621236133122 204.18930269413616 6.244999999999986
  endloop
endfacet
facet normal 0.6276573441181472 0.7784897291387689 0.0
  outer loop
    vertex 60.67654516640255 203.63779714738496 6.244999999999986
    vertex 60.86671949286847 203.48446909667183 5.444999999999991
    vertex 60.67654516640255 203.63779714738496 5.444999999999991
  endloop
endfacet
facet normal 0.6276573441181472 0.7784897291387689 0.0
  outer loop
    vertex 60.86671949286847 203.48446909667183 5.444999999999991
    vertex 60.67654516640255 203.63779714738496 6.244999999999986
    vertex 60.86671949286847 203.48446909667183 6.244999999999986
  endloop
endfacet
facet normal 0.16076030133273442 0.9869934779497829 0.0
  outer loop
    vertex 60.86671949286847 203.48446909667183 6.244999999999986
    vertex 61.18050713153724 203.4333597464341 5.444999999999991
    vertex 60.86671949286847 203.48446909667183 5.444999999999991
  endloop
endfacet
facet normal 0.16076030133273442 0.9869934779497829 0.0
  outer loop
    vertex 61.18050713153724 203.4333597464341 5.444999999999991
    vertex 60.86671949286847 203.48446909667183 6.244999999999986
    vertex 61.18050713153724 203.4333597464341 6.244999999999986
  endloop
endfacet
facet normal -0.1587982804970955 0.9873110483080627 0.0
  outer loop
    vertex 61.18050713153724 203.4333597464341 6.244999999999986
    vertex 61.5204437400951 203.48803486529306 5.444999999999991
    vertex 61.18050713153724 203.4333597464341 5.444999999999991
  endloop
endfacet
facet normal -0.1587982804970955 0.9873110483080627 0.0
  outer loop
    vertex 61.5204437400951 203.48803486529306 5.444999999999991
    vertex 61.18050713153724 203.4333597464341 6.244999999999986
    vertex 61.5204437400951 203.48803486529306 6.244999999999986
  endloop
endfacet
facet normal -0.17292744290239928 0.984934566096265 0.0
  outer loop
    vertex 61.5204437400951 203.48803486529306 6.244999999999986
    vertex 61.83185419968305 203.542709984152 5.444999999999991
    vertex 61.5204437400951 203.48803486529306 5.444999999999991
  endloop
endfacet
facet normal -0.17292744290239928 0.984934566096265 0.0
  outer loop
    vertex 61.83185419968305 203.542709984152 5.444999999999991
    vertex 61.5204437400951 203.48803486529306 6.244999999999986
    vertex 61.83185419968305 203.542709984152 6.244999999999986
  endloop
endfacet
facet normal 0.32968283283669164 0.9440917485778457 0.0
  outer loop
    vertex 61.83185419968305 203.542709984152 6.244999999999986
    vertex 61.90673534072901 203.51656101426292 5.444999999999991
    vertex 61.83185419968305 203.542709984152 5.444999999999991
  endloop
endfacet
facet normal 0.32968283283669164 0.9440917485778457 0.0
  outer loop
    vertex 61.90673534072901 203.51656101426292 5.444999999999991
    vertex 61.83185419968305 203.542709984152 6.244999999999986
    vertex 61.90673534072901 203.51656101426292 6.244999999999986
  endloop
endfacet
facet normal 0.9529257800132863 0.30320365727687026 0.0
  outer loop
    vertex 61.90673534072901 203.51656101426292 5.444999999999991
    vertex 61.93169572107765 203.43811410459574 6.244999999999986
    vertex 61.93169572107765 203.43811410459574 5.444999999999991
  endloop
endfacet
facet normal 0.9529257800132863 0.30320365727687026 0.0
  outer loop
    vertex 61.93169572107765 203.43811410459574 6.244999999999986
    vertex 61.90673534072901 203.51656101426292 5.444999999999991
    vertex 61.90673534072901 203.51656101426292 6.244999999999986
  endloop
endfacet
facet normal 0.0 0.0 1.0
  outer loop
    vertex 64.09908874801903 201.9916006339143 6.244999999999982
    vertex 63.762123613312205 204.38423137876373 6.244999999999982
    vertex 63.64564183835183 202.11640253565756 6.244999999999982
  endloop
endfacet
facet normal 0.0 0.0 1.0
  outer loop
    vertex 63.762123613312205 204.38423137876373 6.244999999999982
    vertex 64.09908874801903 201.9916006339143 6.244999999999982
    vertex 63.81917591125199 204.0264659270997 6.244999999999982
  endloop
endfacet
facet normal 0.0 0.0 1.0
  outer loop
    vertex 63.81917591125199 204.0264659270997 6.244999999999982
    vertex 64.09908874801903 201.9916006339143 6.244999999999982
    vertex 63.990332805071326 203.72337559429465 6.244999999999982
  endloop
endfacet
facet normal 0.0 0.0 1.0
  outer loop
    vertex 63.990332805071326 203.72337559429465 6.244999999999982
    vertex 64.09908874801903 201.9916006339143 6.244999999999982
    vertex 64.26608557844692 203.50229793977797 6.244999999999982
  endloop
endfacet
facet normal 0.0 0.0 1.0
  outer loop
    vertex 64.26608557844692 203.50229793977797 6.244999999999982
    vertex 64.09908874801903 201.9916006339143 6.244999999999982
    vertex 64.59889064976228 201.94999999999987 6.244999999999982
  endloop
endfacet
facet normal 0.0 0.0 1.0
  outer loop
    vertex 64.26608557844692 203.50229793977797 6.244999999999982
    vertex 64.59889064976228 201.94999999999987 6.244999999999982
    vertex 64.60839936608559 203.42860538827244 6.244999999999982
  endloop
endfacet
facet normal 0.0 0.0 1.0
  outer loop
    vertex 64.60839936608559 203.42860538827244 6.244999999999982
    vertex 64.59889064976228 201.94999999999987 6.244999999999982
    vertex 65.11250990491284 201.99219492868448 6.244999999999982
  endloop
endfacet
facet normal 0.0 0.0 1.0
  outer loop
    vertex 64.60839936608559 203.42860538827244 6.244999999999982
    vertex 65.11250990491284 201.99219492868448 6.244999999999982
    vertex 64.94714738510302 203.50229793977797 6.244999999999982
  endloop
endfacet
facet normal 0.0 0.0 1.0
  outer loop
    vertex 64.94714738510302 203.50229793977797 6.244999999999982
    vertex 65.11250990491284 201.99219492868448 6.244999999999982
    vertex 65.22171156893819 203.72337559429465 6.244999999999982
  endloop
endfacet
facet normal 0.0 0.0 1.0
  outer loop
    vertex 65.22171156893819 203.72337559429465 6.244999999999982
    vertex 65.11250990491284 201.99219492868448 6.244999999999982
    vertex 65.57412836767037 202.11877971473837 6.244999999999982
  endloop
endfacet
facet normal 0.0 0.0 1.0
  outer loop
    vertex 65.22171156893819 203.72337559429465 6.244999999999982
    vertex 65.57412836767037 202.11877971473837 6.244999999999982
    vertex 65.3893026941363 204.0264659270997 6.244999999999982
  endloop
endfacet
facet normal 0.0 0.0 1.0
  outer loop
    vertex 65.3893026941363 204.0264659270997 6.244999999999982
    vertex 65.57412836767037 202.11877971473837 6.244999999999982
    vertex 65.44516640253566 204.38423137876373 6.244999999999982
  endloop
endfacet
facet normal 0.0 0.0 1.0
  outer loop
    vertex 65.44516640253566 204.38423137876373 6.244999999999982
    vertex 65.57412836767037 202.11877971473837 6.244999999999982
    vertex 65.57115689381935 206.63601426307434 6.244999999999982
  endloop
endfacet
facet normal 0.0 0.0 1.0
  outer loop
    vertex 65.57115689381935 206.63601426307434 6.244999999999982
    vertex 65.57412836767037 202.11877971473837 6.244999999999982
    vertex 65.9806259904913 206.42578248811395 6.244999999999982
  endloop
endfacet
facet normal 0.0 0.0 1.0
  outer loop
    vertex 65.9806259904913 206.42578248811395 6.244999999999982
    vertex 65.57412836767037 202.11877971473837 6.244999999999982
    vertex 65.98374603803487 202.32975435816152 6.244999999999982
  endloop
endfacet
facet normal 0.0 0.0 1.0
  outer loop
    vertex 65.9806259904913 206.42578248811395 6.244999999999982
    vertex 65.98374603803487 202.32975435816152 6.244999999999982
    vertex 66.33898573692551 206.13145800316943 6.244999999999982
  endloop
endfacet
facet normal 0.0 0.0 1.0
  outer loop
    vertex 66.33898573692551 206.13145800316943 6.244999999999982
    vertex 65.98374603803487 202.32975435816152 6.244999999999982
    vertex 66.34136291600635 202.62511885895393 6.244999999999982
  endloop
endfacet
facet normal 0.0 0.0 1.0
  outer loop
    vertex 66.33898573692551 206.13145800316943 6.244999999999982
    vertex 66.34136291600635 202.62511885895393 6.244999999999982
    vertex 66.63019017432647 205.76997820919163 6.244999999999982
  endloop
endfacet
facet normal 0.0 0.0 1.0
  outer loop
    vertex 66.63019017432647 205.76997820919163 6.244999999999982
    vertex 66.34136291600635 202.62511885895393 6.244999999999982
    vertex 66.63152733755943 202.9882329635498 6.244999999999982
  endloop
endfacet
facet normal 0.0 0.0 1.0
  outer loop
    vertex 66.63019017432647 205.76997820919163 6.244999999999982
    vertex 66.63152733755943 202.9882329635498 6.244999999999982
    vertex 66.83819334389858 205.3582805071314 6.244999999999982
  endloop
endfacet
facet normal 0.0 0.0 1.0
  outer loop
    vertex 66.83819334389858 205.3582805071314 6.244999999999982
    vertex 66.63152733755943 202.9882329635498 6.244999999999982
    vertex 66.83878763866879 203.4024564183834 6.244999999999982
  endloop
endfacet
facet normal 0.0 0.0 1.0
  outer loop
    vertex 66.83819334389858 205.3582805071314 6.244999999999982
    vertex 66.83878763866879 203.4024564183834 6.244999999999982
    vertex 66.96299524564184 204.89636489698879 6.244999999999982
  endloop
endfacet
facet normal 0.0 0.0 1.0
  outer loop
    vertex 66.96299524564184 204.89636489698879 6.244999999999982
    vertex 66.83878763866879 203.4024564183834 6.244999999999982
    vertex 66.9631438193344 203.8677892234547 6.244999999999982
  endloop
endfacet
facet normal 0.0 0.0 1.0
  outer loop
    vertex 66.96299524564184 204.89636489698879 6.244999999999982
    vertex 66.9631438193344 203.8677892234547 6.244999999999982
    vertex 67.00459587955626 204.38423137876373 6.244999999999982
  endloop
endfacet
facet normal 0.0 0.0 1.0
  outer loop
    vertex 62.244889064976235 203.8279714738509 6.244999999999982
    vertex 62.243106180665606 204.85268423137862 6.244999999999982
    vertex 62.202694136291605 204.32717908082395 6.244999999999982
  endloop
endfacet
facet normal 0.0 0.0 1.0
  outer loop
    vertex 62.243106180665606 204.85268423137862 6.244999999999982
    vertex 62.244889064976235 203.8279714738509 6.244999999999982
    vertex 62.364342313787645 205.32618858954027 6.244999999999982
  endloop
endfacet
facet normal 0.0 0.0 1.0
  outer loop
    vertex 62.364342313787645 205.32618858954027 6.244999999999982
    vertex 62.244889064976235 203.8279714738509 6.244999999999982
    vertex 62.37147385103012 203.37630744849432 6.244999999999982
  endloop
endfacet
facet normal 0.0 0.0 1.0
  outer loop
    vertex 62.364342313787645 205.32618858954027 6.244999999999982
    vertex 62.37147385103012 203.37630744849432 6.244999999999982
    vertex 62.566402535657694 205.7476921553089 6.244999999999982
  endloop
endfacet
facet normal 0.0 0.0 1.0
  outer loop
    vertex 62.566402535657694 205.7476921553089 6.244999999999982
    vertex 62.37147385103012 203.37630744849432 6.244999999999982
    vertex 62.58244849445326 202.97218700475423 6.244999999999982
  endloop
endfacet
facet normal 0.0 0.0 1.0
  outer loop
    vertex 62.566402535657694 205.7476921553089 6.244999999999982
    vertex 62.58244849445326 202.97218700475423 6.244999999999982
    vertex 62.84928684627576 206.11719492868448 6.244999999999982
  endloop
endfacet
facet normal 0.0 0.0 1.0
  outer loop
    vertex 62.84928684627576 206.11719492868448 6.244999999999982
    vertex 62.58244849445326 202.97218700475423 6.244999999999982
    vertex 62.87781299524564 202.6156101426306 6.244999999999982
  endloop
endfacet
facet normal 0.0 0.0 1.0
  outer loop
    vertex 62.84928684627576 206.11719492868448 6.244999999999982
    vertex 62.87781299524564 202.6156101426306 6.244999999999982
    vertex 63.20110935023773 206.41775950871622 6.244999999999982
  endloop
endfacet
facet normal 0.0 0.0 1.0
  outer loop
    vertex 63.20110935023773 206.41775950871622 6.244999999999982
    vertex 62.87781299524564 202.6156101426306 6.244999999999982
    vertex 63.238549920760704 202.32440570522968 6.244999999999982
  endloop
endfacet
facet normal 0.0 0.0 1.0
  outer loop
    vertex 63.20110935023773 206.41775950871622 6.244999999999982
    vertex 63.238549920760704 202.32440570522968 6.244999999999982
    vertex 63.60998415213947 206.6324484944531 6.244999999999982
  endloop
endfacet
facet normal 0.0 0.0 1.0
  outer loop
    vertex 63.60998415213947 206.6324484944531 6.244999999999982
    vertex 63.238549920760704 202.32440570522968 6.244999999999982
    vertex 63.64564183835183 202.11640253565756 6.244999999999982
  endloop
endfacet
facet normal 0.0 0.0 1.0
  outer loop
    vertex 63.60998415213947 206.6324484944531 6.244999999999982
    vertex 63.64564183835183 202.11640253565756 6.244999999999982
    vertex 63.762123613312205 204.38423137876373 6.244999999999982
  endloop
endfacet
facet normal 0.0 0.0 1.0
  outer loop
    vertex 63.60998415213947 206.6324484944531 6.244999999999982
    vertex 63.762123613312205 204.38423137876373 6.244999999999982
    vertex 64.07591125198098 206.76126188589527 6.244999999999982
  endloop
endfacet
facet normal 0.0 0.0 1.0
  outer loop
    vertex 64.07591125198098 206.76126188589527 6.244999999999982
    vertex 63.762123613312205 204.38423137876373 6.244999999999982
    vertex 63.81917591125199 204.73843106180652 6.244999999999982
  endloop
endfacet
facet normal 0.0 0.0 1.0
  outer loop
    vertex 64.07591125198098 206.76126188589527 6.244999999999982
    vertex 63.81917591125199 204.73843106180652 6.244999999999982
    vertex 63.990332805071326 205.04033280507116 6.244999999999982
  endloop
endfacet
facet normal 0.0 0.0 1.0
  outer loop
    vertex 64.07591125198098 206.76126188589527 6.244999999999982
    vertex 63.990332805071326 205.04033280507116 6.244999999999982
    vertex 64.26608557844692 205.26141045958784 6.244999999999982
  endloop
endfacet
facet normal 0.0 0.0 1.0
  outer loop
    vertex 64.07591125198098 206.76126188589527 6.244999999999982
    vertex 64.26608557844692 205.26141045958784 6.244999999999982
    vertex 64.59889064976228 206.80419968304267 6.244999999999982
  endloop
endfacet
facet normal 0.0 0.0 1.0
  outer loop
    vertex 64.59889064976228 206.80419968304267 6.244999999999982
    vertex 64.26608557844692 205.26141045958784 6.244999999999982
    vertex 64.60839936608559 205.33510301109334 6.244999999999982
  endloop
endfacet
facet normal 0.0 0.0 1.0
  outer loop
    vertex 64.59889064976228 206.80419968304267 6.244999999999982
    vertex 64.60839936608559 205.33510301109334 6.244999999999982
    vertex 65.11057844690967 206.7621533280506 6.244999999999982
  endloop
endfacet
facet normal 0.0 0.0 1.0
  outer loop
    vertex 65.11057844690967 206.7621533280506 6.244999999999982
    vertex 64.60839936608559 205.33510301109334 6.244999999999982
    vertex 64.94477020602218 205.26319334389845 6.244999999999982
  endloop
endfacet
facet normal 0.0 0.0 1.0
  outer loop
    vertex 65.11057844690967 206.7621533280506 6.244999999999982
    vertex 64.94477020602218 205.26319334389845 6.244999999999982
    vertex 65.2122028526149 205.04746434231365 6.244999999999982
  endloop
endfacet
facet normal 0.0 0.0 1.0
  outer loop
    vertex 65.11057844690967 206.7621533280506 6.244999999999982
    vertex 65.2122028526149 205.04746434231365 6.244999999999982
    vertex 65.57115689381935 206.63601426307434 6.244999999999982
  endloop
endfacet
facet normal 0.0 0.0 1.0
  outer loop
    vertex 65.57115689381935 206.63601426307434 6.244999999999982
    vertex 65.2122028526149 205.04746434231365 6.244999999999982
    vertex 65.38692551505548 204.73783676703633 6.244999999999982
  endloop
endfacet
facet normal 0.0 0.0 1.0
  outer loop
    vertex 65.57115689381935 206.63601426307434 6.244999999999982
    vertex 65.38692551505548 204.73783676703633 6.244999999999982
    vertex 65.44516640253566 204.38423137876373 6.244999999999982
  endloop
endfacet
facet normal 0.9967942723991683 -0.08000736536227614 0.0
  outer loop
    vertex 67.00459587955626 204.38423137876373 5.444999999999991
    vertex 66.9631438193344 203.8677892234547 6.244999999999982
    vertex 66.9631438193344 203.8677892234547 5.444999999999991
  endloop
endfacet
facet normal 0.9967942723991683 -0.08000736536227614 0.0
  outer loop
    vertex 66.9631438193344 203.8677892234547 6.244999999999982
    vertex 67.00459587955626 204.38423137876373 5.444999999999991
    vertex 67.00459587955626 204.38423137876373 6.244999999999982
  endloop
endfacet
facet normal 0.9660965695386824 -0.2581809797905141 0.0
  outer loop
    vertex 66.9631438193344 203.8677892234547 5.444999999999991
    vertex 66.83878763866879 203.4024564183834 6.244999999999982
    vertex 66.83878763866879 203.4024564183834 5.444999999999991
  endloop
endfacet
facet normal 0.9660965695386824 -0.2581809797905141 0.0
  outer loop
    vertex 66.83878763866879 203.4024564183834 6.244999999999982
    vertex 66.9631438193344 203.8677892234547 5.444999999999991
    vertex 66.9631438193344 203.8677892234547 6.244999999999982
  endloop
endfacet
facet normal 0.8942988473235484 -0.4474701908236711 0.0
  outer loop
    vertex 66.83878763866879 203.4024564183834 5.444999999999991
    vertex 66.63152733755943 202.9882329635498 6.244999999999982
    vertex 66.63152733755943 202.9882329635498 5.444999999999991
  endloop
endfacet
facet normal 0.8942988473235484 -0.4474701908236711 0.0
  outer loop
    vertex 66.63152733755943 202.9882329635498 6.244999999999982
    vertex 66.83878763866879 203.4024564183834 5.444999999999991
    vertex 66.83878763866879 203.4024564183834 6.244999999999982
  endloop
endfacet
facet normal 0.7812117250846441 -0.6242661616572491 0.0
  outer loop
    vertex 66.63152733755943 202.9882329635498 5.444999999999991
    vertex 66.34136291600635 202.62511885895393 6.244999999999982
    vertex 66.34136291600635 202.62511885895393 5.444999999999991
  endloop
endfacet
facet normal 0.7812117250846441 -0.6242661616572491 0.0
  outer loop
    vertex 66.34136291600635 202.62511885895393 6.244999999999982
    vertex 66.63152733755943 202.9882329635498 5.444999999999991
    vertex 66.63152733755943 202.9882329635498 6.244999999999982
  endloop
endfacet
facet normal 0.6368069413679176 -0.7710232936984703 0.0
  outer loop
    vertex 66.34136291600635 202.62511885895393 6.244999999999982
    vertex 65.98374603803487 202.32975435816152 5.444999999999991
    vertex 66.34136291600635 202.62511885895393 5.444999999999991
  endloop
endfacet
facet normal 0.6368069413679176 -0.7710232936984703 0.0
  outer loop
    vertex 65.98374603803487 202.32975435816152 5.444999999999991
    vertex 66.34136291600635 202.62511885895393 6.244999999999982
    vertex 65.98374603803487 202.32975435816152 6.244999999999982
  endloop
endfacet
facet normal 0.4578870894780439 -0.8890103561204031 0.0
  outer loop
    vertex 65.98374603803487 202.32975435816152 6.244999999999982
    vertex 65.57412836767037 202.11877971473837 5.444999999999991
    vertex 65.98374603803487 202.32975435816152 5.444999999999991
  endloop
endfacet
facet normal 0.4578870894780439 -0.8890103561204031 0.0
  outer loop
    vertex 65.57412836767037 202.11877971473837 5.444999999999991
    vertex 65.98374603803487 202.32975435816152 6.244999999999982
    vertex 65.57412836767037 202.11877971473837 6.244999999999982
  endloop
endfacet
facet normal 0.2644566264392171 -0.9643975802190652 0.0
  outer loop
    vertex 65.57412836767037 202.11877971473837 6.244999999999982
    vertex 65.11250990491284 201.99219492868448 5.444999999999991
    vertex 65.57412836767037 202.11877971473837 5.444999999999991
  endloop
endfacet
facet normal 0.2644566264392171 -0.9643975802190652 0.0
  outer loop
    vertex 65.11250990491284 201.99219492868448 5.444999999999991
    vertex 65.57412836767037 202.11877971473837 6.244999999999982
    vertex 65.11250990491284 201.99219492868448 6.244999999999982
  endloop
endfacet
facet normal 0.08187632893794876 -0.9966424969665125 0.0
  outer loop
    vertex 65.11250990491284 201.99219492868448 6.244999999999982
    vertex 64.59889064976228 201.94999999999987 5.444999999999991
    vertex 65.11250990491284 201.99219492868448 5.444999999999991
  endloop
endfacet
facet normal 0.08187632893794876 -0.9966424969665125 0.0
  outer loop
    vertex 64.59889064976228 201.94999999999987 5.444999999999991
    vertex 65.11250990491284 201.99219492868448 6.244999999999982
    vertex 64.59889064976228 201.94999999999987 6.244999999999982
  endloop
endfacet
facet normal -0.0829474135440086 -0.9965539255787212 0.0
  outer loop
    vertex 64.59889064976228 201.94999999999987 6.244999999999982
    vertex 64.09908874801903 201.9916006339143 5.444999999999991
    vertex 64.59889064976228 201.94999999999987 5.444999999999991
  endloop
endfacet
facet normal -0.0829474135440086 -0.9965539255787212 0.0
  outer loop
    vertex 64.09908874801903 201.9916006339143 5.444999999999991
    vertex 64.59889064976228 201.94999999999987 6.244999999999982
    vertex 64.09908874801903 201.9916006339143 6.244999999999982
  endloop
endfacet
facet normal -0.26536206449281063 -0.9641488343238889 0.0
  outer loop
    vertex 64.09908874801903 201.9916006339143 6.244999999999982
    vertex 63.64564183835183 202.11640253565756 5.444999999999991
    vertex 64.09908874801903 201.9916006339143 5.444999999999991
  endloop
endfacet
facet normal -0.26536206449281063 -0.9641488343238889 0.0
  outer loop
    vertex 63.64564183835183 202.11640253565756 5.444999999999991
    vertex 64.09908874801903 201.9916006339143 6.244999999999982
    vertex 63.64564183835183 202.11640253565756 6.244999999999982
  endloop
endfacet
facet normal -0.454996530664684 -0.8904932100151587 0.0
  outer loop
    vertex 63.64564183835183 202.11640253565756 6.244999999999982
    vertex 63.238549920760704 202.32440570522968 5.444999999999991
    vertex 63.64564183835183 202.11640253565756 5.444999999999991
  endloop
endfacet
facet normal -0.454996530664684 -0.8904932100151587 0.0
  outer loop
    vertex 63.238549920760704 202.32440570522968 5.444999999999991
    vertex 63.64564183835183 202.11640253565756 6.244999999999982
    vertex 63.238549920760704 202.32440570522968 6.244999999999982
  endloop
endfacet
facet normal -0.6281282171475646 -0.7781098526705736 0.0
  outer loop
    vertex 63.238549920760704 202.32440570522968 6.244999999999982
    vertex 62.87781299524564 202.6156101426306 5.444999999999991
    vertex 63.238549920760704 202.32440570522968 5.444999999999991
  endloop
endfacet
facet normal -0.6281282171475646 -0.7781098526705736 0.0
  outer loop
    vertex 62.87781299524564 202.6156101426306 5.444999999999991
    vertex 63.238549920760704 202.32440570522968 6.244999999999982
    vertex 62.87781299524564 202.6156101426306 6.244999999999982
  endloop
endfacet
facet normal -0.7701116356660147 -0.6379091382099926 0.0
  outer loop
    vertex 62.58244849445326 202.97218700475423 6.244999999999982
    vertex 62.87781299524564 202.6156101426306 5.444999999999991
    vertex 62.87781299524564 202.6156101426306 6.244999999999982
  endloop
endfacet
facet normal -0.7701116356660147 -0.6379091382099926 0.0
  outer loop
    vertex 62.87781299524564 202.6156101426306 5.444999999999991
    vertex 62.58244849445326 202.97218700475423 6.244999999999982
    vertex 62.58244849445326 202.97218700475423 5.444999999999991
  endloop
endfacet
facet normal -0.8864685955694462 -0.4627887520987666 0.0
  outer loop
    vertex 62.37147385103012 203.37630744849432 6.244999999999982
    vertex 62.58244849445326 202.97218700475423 5.444999999999991
    vertex 62.58244849445326 202.97218700475423 6.244999999999982
  endloop
endfacet
facet normal -0.8864685955694462 -0.4627887520987666 0.0
  outer loop
    vertex 62.58244849445326 202.97218700475423 5.444999999999991
    vertex 62.37147385103012 203.37630744849432 6.244999999999982
    vertex 62.37147385103012 203.37630744849432 5.444999999999991
  endloop
endfacet
facet normal -0.9628981987674977 -0.2698648899177302 0.0
  outer loop
    vertex 62.244889064976235 203.8279714738509 6.244999999999982
    vertex 62.37147385103012 203.37630744849432 5.444999999999991
    vertex 62.37147385103012 203.37630744849432 6.244999999999982
  endloop
endfacet
facet normal -0.9628981987674977 -0.2698648899177302 0.0
  outer loop
    vertex 62.37147385103012 203.37630744849432 5.444999999999991
    vertex 62.244889064976235 203.8279714738509 6.244999999999982
    vertex 62.244889064976235 203.8279714738509 5.444999999999991
  endloop
endfacet
facet normal -0.9964468898130812 -0.08422348711515987 0.0
  outer loop
    vertex 62.202694136291605 204.32717908082395 6.244999999999982
    vertex 62.244889064976235 203.8279714738509 5.444999999999991
    vertex 62.244889064976235 203.8279714738509 6.244999999999982
  endloop
endfacet
facet normal -0.9964468898130812 -0.08422348711515987 0.0
  outer loop
    vertex 62.244889064976235 203.8279714738509 5.444999999999991
    vertex 62.202694136291605 204.32717908082395 6.244999999999982
    vertex 62.202694136291605 204.32717908082395 5.444999999999991
  endloop
endfacet
facet normal -0.9970561434636739 0.07667494233024302 0.0
  outer loop
    vertex 62.243106180665606 204.85268423137862 6.244999999999982
    vertex 62.202694136291605 204.32717908082395 5.444999999999991
    vertex 62.202694136291605 204.32717908082395 6.244999999999982
  endloop
endfacet
facet normal -0.9970561434636739 0.07667494233024302 0.0
  outer loop
    vertex 62.202694136291605 204.32717908082395 5.444999999999991
    vertex 62.243106180665606 204.85268423137862 6.244999999999982
    vertex 62.243106180665606 204.85268423137862 5.444999999999991
  endloop
endfacet
facet normal -0.9687500666434203 0.24803892512742562 0.0
  outer loop
    vertex 62.364342313787645 205.32618858954027 6.244999999999982
    vertex 62.243106180665606 204.85268423137862 5.444999999999991
    vertex 62.243106180665606 204.85268423137862 6.244999999999982
  endloop
endfacet
facet normal -0.9687500666434203 0.24803892512742562 0.0
  outer loop
    vertex 62.243106180665606 204.85268423137862 5.444999999999991
    vertex 62.364342313787645 205.32618858954027 6.244999999999982
    vertex 62.364342313787645 205.32618858954027 5.444999999999991
  endloop
endfacet
facet normal -0.9017411807072374 0.4322763502861541 0.0
  outer loop
    vertex 62.566402535657694 205.7476921553089 6.244999999999982
    vertex 62.364342313787645 205.32618858954027 5.444999999999991
    vertex 62.364342313787645 205.32618858954027 6.244999999999982
  endloop
endfacet
facet normal -0.9017411807072374 0.4322763502861541 0.0
  outer loop
    vertex 62.364342313787645 205.32618858954027 5.444999999999991
    vertex 62.566402535657694 205.7476921553089 6.244999999999982
    vertex 62.566402535657694 205.7476921553089 5.444999999999991
  endloop
endfacet
facet normal -0.7940224096313859 0.6078884873092825 0.0
  outer loop
    vertex 62.84928684627576 206.11719492868448 6.244999999999982
    vertex 62.566402535657694 205.7476921553089 5.444999999999991
    vertex 62.566402535657694 205.7476921553089 6.244999999999982
  endloop
endfacet
facet normal -0.7940224096313859 0.6078884873092825 0.0
  outer loop
    vertex 62.566402535657694 205.7476921553089 5.444999999999991
    vertex 62.84928684627576 206.11719492868448 6.244999999999982
    vertex 62.84928684627576 206.11719492868448 5.444999999999991
  endloop
endfacet
facet normal -0.6495477276556799 0.7603208201130249 0.0
  outer loop
    vertex 62.84928684627576 206.11719492868448 6.244999999999982
    vertex 63.20110935023773 206.41775950871622 5.444999999999991
    vertex 62.84928684627576 206.11719492868448 5.444999999999991
  endloop
endfacet
facet normal -0.6495477276556799 0.7603208201130249 0.0
  outer loop
    vertex 63.20110935023773 206.41775950871622 5.444999999999991
    vertex 62.84928684627576 206.11719492868448 6.244999999999982
    vertex 63.20110935023773 206.41775950871622 6.244999999999982
  endloop
endfacet
facet normal -0.4648843392768046 0.8853714198544976 0.0
  outer loop
    vertex 63.20110935023773 206.41775950871622 6.244999999999982
    vertex 63.60998415213947 206.6324484944531 5.444999999999991
    vertex 63.20110935023773 206.41775950871622 5.444999999999991
  endloop
endfacet
facet normal -0.4648843392768046 0.8853714198544976 0.0
  outer loop
    vertex 63.60998415213947 206.6324484944531 5.444999999999991
    vertex 63.20110935023773 206.41775950871622 6.244999999999982
    vertex 63.60998415213947 206.6324484944531 6.244999999999982
  endloop
endfacet
facet normal -0.2664706356037289 0.96384303720105 0.0
  outer loop
    vertex 63.60998415213947 206.6324484944531 6.244999999999982
    vertex 64.07591125198098 206.76126188589527 5.444999999999991
    vertex 63.60998415213947 206.6324484944531 5.444999999999991
  endloop
endfacet
facet normal -0.2664706356037289 0.96384303720105 0.0
  outer loop
    vertex 64.07591125198098 206.76126188589527 5.444999999999991
    vertex 63.60998415213947 206.6324484944531 6.244999999999982
    vertex 64.07591125198098 206.76126188589527 6.244999999999982
  endloop
endfacet
facet normal -0.08182694707111543 0.9966465525616497 0.0
  outer loop
    vertex 64.07591125198098 206.76126188589527 6.244999999999982
    vertex 64.59889064976228 206.80419968304267 5.444999999999991
    vertex 64.07591125198098 206.76126188589527 5.444999999999991
  endloop
endfacet
facet normal -0.08182694707111543 0.9966465525616497 0.0
  outer loop
    vertex 64.59889064976228 206.80419968304267 5.444999999999991
    vertex 64.07591125198098 206.76126188589527 6.244999999999982
    vertex 64.59889064976228 206.80419968304267 6.244999999999982
  endloop
endfacet
facet normal 0.08189586884508329 0.9966408915281919 0.0
  outer loop
    vertex 64.59889064976228 206.80419968304267 6.244999999999982
    vertex 65.11057844690967 206.7621533280506 5.444999999999991
    vertex 64.59889064976228 206.80419968304267 5.444999999999991
  endloop
endfacet
facet normal 0.08189586884508329 0.9966408915281919 0.0
  outer loop
    vertex 65.11057844690967 206.7621533280506 5.444999999999991
    vertex 64.59889064976228 206.80419968304267 6.244999999999982
    vertex 65.11057844690967 206.7621533280506 6.244999999999982
  endloop
endfacet
facet normal 0.2641439647874922 0.9644832636527936 0.0
  outer loop
    vertex 65.11057844690967 206.7621533280506 6.244999999999982
    vertex 65.57115689381935 206.63601426307434 5.444999999999991
    vertex 65.11057844690967 206.7621533280506 5.444999999999991
  endloop
endfacet
facet normal 0.2641439647874922 0.9644832636527936 0.0
  outer loop
    vertex 65.57115689381935 206.63601426307434 5.444999999999991
    vertex 65.11057844690967 206.7621533280506 6.244999999999982
    vertex 65.57115689381935 206.63601426307434 6.244999999999982
  endloop
endfacet
facet normal 0.4567425521886753 0.8895989214360454 0.0
  outer loop
    vertex 65.57115689381935 206.63601426307434 6.244999999999982
    vertex 65.9806259904913 206.42578248811395 5.444999999999991
    vertex 65.57115689381935 206.63601426307434 5.444999999999991
  endloop
endfacet
facet normal 0.4567425521886753 0.8895989214360454 0.0
  outer loop
    vertex 65.9806259904913 206.42578248811395 5.444999999999991
    vertex 65.57115689381935 206.63601426307434 6.244999999999982
    vertex 65.9806259904913 206.42578248811395 6.244999999999982
  endloop
endfacet
facet normal 0.6346847633753094 0.7727711505609066 0.0
  outer loop
    vertex 65.9806259904913 206.42578248811395 6.244999999999982
    vertex 66.33898573692551 206.13145800316943 5.444999999999991
    vertex 65.9806259904913 206.42578248811395 5.444999999999991
  endloop
endfacet
facet normal 0.6346847633753094 0.7727711505609066 0.0
  outer loop
    vertex 66.33898573692551 206.13145800316943 5.444999999999991
    vertex 65.9806259904913 206.42578248811395 6.244999999999982
    vertex 66.33898573692551 206.13145800316943 6.244999999999982
  endloop
endfacet
facet normal 0.7787408782798394 0.6273457136985512 0.0
  outer loop
    vertex 66.33898573692551 206.13145800316943 5.444999999999991
    vertex 66.63019017432647 205.76997820919163 6.244999999999982
    vertex 66.63019017432647 205.76997820919163 5.444999999999991
  endloop
endfacet
facet normal 0.7787408782798394 0.6273457136985512 0.0
  outer loop
    vertex 66.63019017432647 205.76997820919163 6.244999999999982
    vertex 66.33898573692551 206.13145800316943 5.444999999999991
    vertex 66.33898573692551 206.13145800316943 6.244999999999982
  endloop
endfacet
facet normal 0.8925511813739417 0.4509461039059779 0.0
  outer loop
    vertex 66.63019017432647 205.76997820919163 5.444999999999991
    vertex 66.83819334389858 205.3582805071314 6.244999999999982
    vertex 66.83819334389858 205.3582805071314 5.444999999999991
  endloop
endfacet
facet normal 0.8925511813739417 0.4509461039059779 0.0
  outer loop
    vertex 66.83819334389858 205.3582805071314 6.244999999999982
    vertex 66.63019017432647 205.76997820919163 5.444999999999991
    vertex 66.63019017432647 205.76997820919163 6.244999999999982
  endloop
endfacet
facet normal 0.965384527564374 0.26083081478098075 0.0
  outer loop
    vertex 66.83819334389858 205.3582805071314 5.444999999999991
    vertex 66.96299524564184 204.89636489698879 6.244999999999982
    vertex 66.96299524564184 204.89636489698879 5.444999999999991
  endloop
endfacet
facet normal 0.965384527564374 0.26083081478098075 0.0
  outer loop
    vertex 66.96299524564184 204.89636489698879 6.244999999999982
    vertex 66.83819334389858 205.3582805071314 5.444999999999991
    vertex 66.83819334389858 205.3582805071314 6.244999999999982
  endloop
endfacet
facet normal 0.9967170765080744 0.08096338306418151 0.0
  outer loop
    vertex 66.96299524564184 204.89636489698879 5.444999999999991
    vertex 67.00459587955626 204.38423137876373 6.244999999999982
    vertex 67.00459587955626 204.38423137876373 5.444999999999991
  endloop
endfacet
facet normal 0.9967170765080744 0.08096338306418151 0.0
  outer loop
    vertex 67.00459587955626 204.38423137876373 6.244999999999982
    vertex 66.96299524564184 204.89636489698879 5.444999999999991
    vertex 66.96299524564184 204.89636489698879 6.244999999999982
  endloop
endfacet
facet normal -0.9867058655781978 -0.16251626021287668 0.0
  outer loop
    vertex 65.38692551505548 204.73783676703633 6.244999999999982
    vertex 65.44516640253566 204.38423137876373 5.444999999999991
    vertex 65.44516640253566 204.38423137876373 6.244999999999982
  endloop
endfacet
facet normal -0.9867058655781978 -0.16251626021287668 0.0
  outer loop
    vertex 65.44516640253566 204.38423137876373 5.444999999999991
    vertex 65.38692551505548 204.73783676703633 6.244999999999982
    vertex 65.38692551505548 204.73783676703633 5.444999999999991
  endloop
endfacet
facet normal -0.8709050909241061 -0.4914512413276363 0.0
  outer loop
    vertex 65.2122028526149 205.04746434231365 6.244999999999982
    vertex 65.38692551505548 204.73783676703633 5.444999999999991
    vertex 65.38692551505548 204.73783676703633 6.244999999999982
  endloop
endfacet
facet normal -0.8709050909241061 -0.4914512413276363 0.0
  outer loop
    vertex 65.38692551505548 204.73783676703633 5.444999999999991
    vertex 65.2122028526149 205.04746434231365 6.244999999999982
    vertex 65.2122028526149 205.04746434231365 5.444999999999991
  endloop
endfacet
facet normal -0.6278538677548492 -0.7783312410184217 0.0
  outer loop
    vertex 65.2122028526149 205.04746434231365 6.244999999999982
    vertex 64.94477020602218 205.26319334389845 5.444999999999991
    vertex 65.2122028526149 205.04746434231365 5.444999999999991
  endloop
endfacet
facet normal -0.6278538677548492 -0.7783312410184217 0.0
  outer loop
    vertex 64.94477020602218 205.26319334389845 5.444999999999991
    vertex 65.2122028526149 205.04746434231365 6.244999999999982
    vertex 64.94477020602218 205.26319334389845 6.244999999999982
  endloop
endfacet
facet normal -0.20905709506933698 -0.9779034364400048 0.0
  outer loop
    vertex 64.94477020602218 205.26319334389845 6.244999999999982
    vertex 64.60839936608559 205.33510301109334 5.444999999999991
    vertex 64.94477020602218 205.26319334389845 5.444999999999991
  endloop
endfacet
facet normal -0.20905709506933698 -0.9779034364400048 0.0
  outer loop
    vertex 64.60839936608559 205.33510301109334 5.444999999999991
    vertex 64.94477020602218 205.26319334389845 6.244999999999982
    vertex 64.60839936608559 205.33510301109334 6.244999999999982
  endloop
endfacet
facet normal 0.21045626049426838 -0.9776032745540333 0.0
  outer loop
    vertex 64.60839936608559 205.33510301109334 6.244999999999982
    vertex 64.26608557844692 205.26141045958784 5.444999999999991
    vertex 64.60839936608559 205.33510301109334 5.444999999999991
  endloop
endfacet
facet normal 0.21045626049426838 -0.9776032745540333 0.0
  outer loop
    vertex 64.26608557844692 205.26141045958784 5.444999999999991
    vertex 64.60839936608559 205.33510301109334 6.244999999999982
    vertex 64.26608557844692 205.26141045958784 6.244999999999982
  endloop
endfacet
facet normal 0.6255149428094501 -0.7802121867300524 0.0
  outer loop
    vertex 64.26608557844692 205.26141045958784 6.244999999999982
    vertex 63.990332805071326 205.04033280507116 5.444999999999991
    vertex 64.26608557844692 205.26141045958784 5.444999999999991
  endloop
endfacet
facet normal 0.6255149428094501 -0.7802121867300524 0.0
  outer loop
    vertex 63.990332805071326 205.04033280507116 5.444999999999991
    vertex 64.26608557844692 205.26141045958784 6.244999999999982
    vertex 63.990332805071326 205.04033280507116 6.244999999999982
  endloop
endfacet
facet normal 0.8699242321384743 -0.49318539144857715 0.0
  outer loop
    vertex 63.990332805071326 205.04033280507116 5.444999999999991
    vertex 63.81917591125199 204.73843106180652 6.244999999999982
    vertex 63.81917591125199 204.73843106180652 5.444999999999991
  endloop
endfacet
facet normal 0.8699242321384743 -0.49318539144857715 0.0
  outer loop
    vertex 63.81917591125199 204.73843106180652 6.244999999999982
    vertex 63.990332805071326 205.04033280507116 5.444999999999991
    vertex 63.990332805071326 205.04033280507116 6.244999999999982
  endloop
endfacet
facet normal 0.9872746991625175 -0.15902411261680013 0.0
  outer loop
    vertex 63.81917591125199 204.73843106180652 5.444999999999991
    vertex 63.762123613312205 204.38423137876373 6.244999999999982
    vertex 63.762123613312205 204.38423137876373 5.444999999999991
  endloop
endfacet
facet normal 0.9872746991625175 -0.15902411261680013 0.0
  outer loop
    vertex 63.762123613312205 204.38423137876373 6.244999999999982
    vertex 63.81917591125199 204.73843106180652 5.444999999999991
    vertex 63.81917591125199 204.73843106180652 6.244999999999982
  endloop
endfacet
facet normal 0.9875223914433844 0.15747865378501025 0.0
  outer loop
    vertex 63.762123613312205 204.38423137876373 5.444999999999991
    vertex 63.81917591125199 204.0264659270997 6.244999999999982
    vertex 63.81917591125199 204.0264659270997 5.444999999999991
  endloop
endfacet
facet normal 0.9875223914433844 0.15747865378501025 0.0
  outer loop
    vertex 63.81917591125199 204.0264659270997 6.244999999999982
    vertex 63.762123613312205 204.38423137876373 5.444999999999991
    vertex 63.762123613312205 204.38423137876373 6.244999999999982
  endloop
endfacet
facet normal 0.8707535670801803 0.4917196614099765 0.0
  outer loop
    vertex 63.81917591125199 204.0264659270997 5.444999999999991
    vertex 63.990332805071326 203.72337559429465 6.244999999999982
    vertex 63.990332805071326 203.72337559429465 5.444999999999991
  endloop
endfacet
facet normal 0.8707535670801803 0.4917196614099765 0.0
  outer loop
    vertex 63.990332805071326 203.72337559429465 6.244999999999982
    vertex 63.81917591125199 204.0264659270997 5.444999999999991
    vertex 63.81917591125199 204.0264659270997 6.244999999999982
  endloop
endfacet
facet normal 0.6255149428094501 0.7802121867300524 0.0
  outer loop
    vertex 63.990332805071326 203.72337559429465 6.244999999999982
    vertex 64.26608557844692 203.50229793977797 5.444999999999991
    vertex 63.990332805071326 203.72337559429465 5.444999999999991
  endloop
endfacet
facet normal 0.6255149428094501 0.7802121867300524 0.0
  outer loop
    vertex 64.26608557844692 203.50229793977797 5.444999999999991
    vertex 63.990332805071326 203.72337559429465 6.244999999999982
    vertex 64.26608557844692 203.50229793977797 6.244999999999982
  endloop
endfacet
facet normal 0.21045626049426644 0.9776032745540337 0.0
  outer loop
    vertex 64.26608557844692 203.50229793977797 6.244999999999982
    vertex 64.60839936608559 203.42860538827244 5.444999999999991
    vertex 64.26608557844692 203.50229793977797 5.444999999999991
  endloop
endfacet
facet normal 0.21045626049426644 0.9776032745540337 0.0
  outer loop
    vertex 64.60839936608559 203.42860538827244 5.444999999999991
    vertex 64.26608557844692 203.50229793977797 6.244999999999982
    vertex 64.60839936608559 203.42860538827244 6.244999999999982
  endloop
endfacet
facet normal -0.21257198386223575 0.9771454096893019 0.0
  outer loop
    vertex 64.60839936608559 203.42860538827244 6.244999999999982
    vertex 64.94714738510302 203.50229793977797 5.444999999999991
    vertex 64.60839936608559 203.42860538827244 5.444999999999991
  endloop
endfacet
facet normal -0.21257198386223575 0.9771454096893019 0.0
  outer loop
    vertex 64.94714738510302 203.50229793977797 5.444999999999991
    vertex 64.60839936608559 203.42860538827244 6.244999999999982
    vertex 64.94714738510302 203.50229793977797 6.244999999999982
  endloop
endfacet
facet normal -0.6271591171886184 0.7788911616697116 0.0
  outer loop
    vertex 64.94714738510302 203.50229793977797 6.244999999999982
    vertex 65.22171156893819 203.72337559429465 5.444999999999991
    vertex 64.94714738510302 203.50229793977797 5.444999999999991
  endloop
endfacet
facet normal -0.6271591171886184 0.7788911616697116 0.0
  outer loop
    vertex 65.22171156893819 203.72337559429465 5.444999999999991
    vertex 64.94714738510302 203.50229793977797 6.244999999999982
    vertex 65.22171156893819 203.72337559429465 6.244999999999982
  endloop
endfacet
facet normal -0.8751268117320102 0.48389364884008046 0.0
  outer loop
    vertex 65.3893026941363 204.0264659270997 6.244999999999982
    vertex 65.22171156893819 203.72337559429465 5.444999999999991
    vertex 65.22171156893819 203.72337559429465 6.244999999999982
  endloop
endfacet
facet normal -0.8751268117320102 0.48389364884008046 0.0
  outer loop
    vertex 65.22171156893819 203.72337559429465 5.444999999999991
    vertex 65.3893026941363 204.0264659270997 6.244999999999982
    vertex 65.3893026941363 204.0264659270997 5.444999999999991
  endloop
endfacet
facet normal -0.9880276744537448 0.154276746509398 0.0
  outer loop
    vertex 65.44516640253566 204.38423137876373 6.244999999999982
    vertex 65.3893026941363 204.0264659270997 5.444999999999991
    vertex 65.3893026941363 204.0264659270997 6.244999999999982
  endloop
endfacet
facet normal -0.9880276744537448 0.154276746509398 0.0
  outer loop
    vertex 65.3893026941363 204.0264659270997 5.444999999999991
    vertex 65.44516640253566 204.38423137876373 6.244999999999982
    vertex 65.44516640253566 204.38423137876373 5.444999999999991
  endloop
endfacet
facet normal 0.0 0.0 1.0
  outer loop
    vertex 67.68090332805072 202.09381933438974 6.24499999999998
    vertex 67.64643423137876 203.34064976228197 6.24499999999998
    vertex 67.64167987321713 202.20198098256722 6.24499999999998
  endloop
endfacet
facet normal 0.0 0.0 1.0
  outer loop
    vertex 67.64643423137876 203.34064976228197 6.24499999999998
    vertex 67.68090332805072 202.09381933438974 6.24499999999998
    vertex 67.65118858954041 204.4793185419967 6.24499999999998
  endloop
endfacet
facet normal 0.0 0.0 1.0
  outer loop
    vertex 67.44675118858954 206.31925515055457 6.24499999999998
    vertex 67.50855784469097 206.48565768621222 6.24499999999998
    vertex 67.43724247226625 206.39057052297926 6.24499999999998
  endloop
endfacet
facet normal 0.0 0.0 1.0
  outer loop
    vertex 67.50855784469097 206.48565768621222 6.24499999999998
    vertex 67.44675118858954 206.31925515055457 6.24499999999998
    vertex 67.6000792393027 205.4979397781298 6.24499999999998
  endloop
endfacet
facet normal 0.0 0.0 1.0
  outer loop
    vertex 67.50855784469097 206.48565768621222 6.24499999999998
    vertex 67.6000792393027 205.4979397781298 6.24499999999998
    vertex 68.27400950871633 206.59025356576848 6.24499999999998
  endloop
endfacet
facet normal 0.0 0.0 1.0
  outer loop
    vertex 68.27400950871633 206.59025356576848 6.24499999999998
    vertex 67.6000792393027 205.4979397781298 6.24499999999998
    vertex 67.65118858954041 204.4793185419967 6.24499999999998
  endloop
endfacet
facet normal 0.0 0.0 1.0
  outer loop
    vertex 68.27400950871633 206.59025356576848 6.24499999999998
    vertex 67.65118858954041 204.4793185419967 6.24499999999998
    vertex 67.68090332805072 202.09381933438974 6.24499999999998
  endloop
endfacet
facet normal 0.0 0.0 1.0
  outer loop
    vertex 68.27400950871633 206.59025356576848 6.24499999999998
    vertex 67.68090332805072 202.09381933438974 6.24499999999998
    vertex 67.79857369255151 202.04508716323284 6.24499999999998
  endloop
endfacet
facet normal 0.0 0.0 1.0
  outer loop
    vertex 68.27400950871633 206.59025356576848 6.24499999999998
    vertex 67.79857369255151 202.04508716323284 6.24499999999998
    vertex 68.52123613312203 202.01656101426292 6.24499999999998
  endloop
endfacet
facet normal 0.0 0.0 1.0
  outer loop
    vertex 68.27400950871633 206.59025356576848 6.24499999999998
    vertex 68.52123613312203 202.01656101426292 6.24499999999998
    vertex 69.04896988906499 206.7376386687796 6.24499999999998
  endloop
endfacet
facet normal 0.0 0.0 1.0
  outer loop
    vertex 69.04896988906499 206.7376386687796 6.24499999999998
    vertex 68.52123613312203 202.01656101426292 6.24499999999998
    vertex 69.22012678288432 202.03557844690954 6.24499999999998
  endloop
endfacet
facet normal 0.0 0.0 1.0
  outer loop
    vertex 69.04896988906499 206.7376386687796 6.24499999999998
    vertex 69.22012678288432 202.03557844690954 6.24499999999998
    vertex 69.11909667194928 206.66275752773362 6.24499999999998
  endloop
endfacet
facet normal 0.0 0.0 1.0
  outer loop
    vertex 69.11909667194928 206.66275752773362 6.24499999999998
    vertex 69.22012678288432 202.03557844690954 6.24499999999998
    vertex 69.1583201267829 206.43811410459574 6.24499999999998
  endloop
endfacet
facet normal 0.0 0.0 1.0
  outer loop
    vertex 69.1583201267829 206.43811410459574 6.24499999999998
    vertex 69.22012678288432 202.03557844690954 6.24499999999998
    vertex 69.24389857369256 206.1385895404119 6.24499999999998
  endloop
endfacet
facet normal 0.0 0.0 1.0
  outer loop
    vertex 69.24389857369256 206.1385895404119 6.24499999999998
    vertex 69.22012678288432 202.03557844690954 6.24499999999998
    vertex 69.3377971473851 202.07480190174314 6.24499999999998
  endloop
endfacet
facet normal 0.0 0.0 1.0
  outer loop
    vertex 69.24389857369256 206.1385895404119 6.24499999999998
    vertex 69.3377971473851 202.07480190174314 6.24499999999998
    vertex 69.32472266244058 204.22258320126772 6.24499999999998
  endloop
endfacet
facet normal 0.0 0.0 1.0
  outer loop
    vertex 69.32472266244058 204.22258320126772 6.24499999999998
    vertex 69.3377971473851 202.07480190174314 6.24499999999998
    vertex 69.33185419968305 203.6021394611726 6.24499999999998
  endloop
endfacet
facet normal 0.0 0.0 1.0
  outer loop
    vertex 69.33185419968305 203.6021394611726 6.24499999999998
    vertex 69.3377971473851 202.07480190174314 6.24499999999998
    vertex 69.33898573692552 202.98169572107753 6.24499999999998
  endloop
endfacet
facet normal 0.0 0.0 1.0
  outer loop
    vertex 69.33898573692552 202.98169572107753 6.24499999999998
    vertex 69.3377971473851 202.07480190174314 6.24499999999998
    vertex 69.35800316957211 202.57044374009496 6.24499999999998
  endloop
endfacet
facet normal 0.0 0.0 1.0
  outer loop
    vertex 69.35800316957211 202.57044374009496 6.24499999999998
    vertex 69.3377971473851 202.07480190174314 6.24499999999998
    vertex 69.3770206022187 202.16394611727404 6.24499999999998
  endloop
endfacet
facet normal 0.0 0.0 1.0
  outer loop
    vertex 69.24389857369256 206.1385895404119 6.24499999999998
    vertex 69.36038034865294 204.53518225039605 6.24499999999998
    vertex 69.6337559429477 206.38819334389845 6.24499999999998
  endloop
endfacet
facet normal 0.0 0.0 1.0
  outer loop
    vertex 69.36038034865294 204.53518225039605 6.24499999999998
    vertex 69.24389857369256 206.1385895404119 6.24499999999998
    vertex 69.32472266244058 204.22258320126772 6.24499999999998
  endloop
endfacet
facet normal 0.0 0.0 1.0
  outer loop
    vertex 69.6337559429477 206.38819334389845 6.24499999999998
    vertex 69.36038034865294 204.53518225039605 6.24499999999998
    vertex 69.46735340729002 204.72179080824077 6.24499999999998
  endloop
endfacet
facet normal 0.0 0.0 1.0
  outer loop
    vertex 69.6337559429477 206.38819334389845 6.24499999999998
    vertex 69.46735340729002 204.72179080824077 6.24499999999998
    vertex 69.67297939778129 204.8145007923929 6.24499999999998
  endloop
endfacet
facet normal 0.0 0.0 1.0
  outer loop
    vertex 69.6337559429477 206.38819334389845 6.24499999999998
    vertex 69.67297939778129 204.8145007923929 6.24499999999998
    vertex 70.08185419968305 206.57539619651334 6.24499999999998
  endloop
endfacet
facet normal 0.0 0.0 1.0
  outer loop
    vertex 70.08185419968305 206.57539619651334 6.24499999999998
    vertex 69.67297939778129 204.8145007923929 6.24499999999998
    vertex 70.00459587955626 204.84540412044362 6.24499999999998
  endloop
endfacet
facet normal 0.0 0.0 1.0
  outer loop
    vertex 70.08185419968305 206.57539619651334 6.24499999999998
    vertex 70.00459587955626 204.84540412044362 6.24499999999998
    vertex 70.26370839936608 204.83351822503948 6.24499999999998
  endloop
endfacet
facet normal 0.0 0.0 1.0
  outer loop
    vertex 70.08185419968305 206.57539619651334 6.24499999999998
    vertex 70.26370839936608 204.83351822503948 6.24499999999998
    vertex 70.51331220285262 206.63779714738496 6.24499999999998
  endloop
endfacet
facet normal 0.0 0.0 1.0
  outer loop
    vertex 70.51331220285262 206.63779714738496 6.24499999999998
    vertex 70.26370839936608 204.83351822503948 6.24499999999998
    vertex 70.52757527733756 204.82163232963535 6.24499999999998
  endloop
endfacet
facet normal 0.0 0.0 1.0
  outer loop
    vertex 70.51331220285262 206.63779714738496 6.24499999999998
    vertex 70.52757527733756 204.82163232963535 6.24499999999998
    vertex 70.71299524564185 206.60927099841507 6.24499999999998
  endloop
endfacet
facet normal 0.0 0.0 1.0
  outer loop
    vertex 70.71299524564185 206.60927099841507 6.24499999999998
    vertex 70.52757527733756 204.82163232963535 6.24499999999998
    vertex 70.68090332805072 204.86798732171144 6.24499999999998
  endloop
endfacet
facet normal 0.0 0.0 1.0
  outer loop
    vertex 70.71299524564185 206.60927099841507 6.24499999999998
    vertex 70.68090332805072 204.86798732171144 6.24499999999998
    vertex 70.71774960380348 205.7439778129951 6.24499999999998
  endloop
endfacet
facet normal 0.0 0.0 1.0
  outer loop
    vertex 70.71774960380348 205.7439778129951 6.24499999999998
    vertex 70.68090332805072 204.86798732171144 6.24499999999998
    vertex 70.72250396196515 205.37789223454823 6.24499999999998
  endloop
endfacet
facet normal 0.0 0.0 1.0
  outer loop
    vertex 70.72250396196515 205.37789223454823 6.24499999999998
    vertex 70.68090332805072 204.86798732171144 6.24499999999998
    vertex 70.73201267828844 205.00705229793962 6.24499999999998
  endloop
endfacet
facet normal 0.0 0.0 1.0
  outer loop
    vertex 70.71774960380348 205.7439778129951 6.24499999999998
    vertex 70.77955625990491 206.5236925515054 6.24499999999998
    vertex 70.71299524564185 206.60927099841507 6.24499999999998
  endloop
endfacet
facet normal 0.0 0.0 1.0
  outer loop
    vertex 70.77955625990491 206.5236925515054 6.24499999999998
    vertex 70.71774960380348 205.7439778129951 6.24499999999998
    vertex 70.75103011093503 206.13383518225024 6.24499999999998
  endloop
endfacet
facet normal 0.938616756660372 -0.34496171398629766 0.0
  outer loop
    vertex 70.73201267828844 205.00705229793962 5.444999999999991
    vertex 70.68090332805072 204.86798732171144 6.24499999999998
    vertex 70.68090332805072 204.86798732171144 5.444999999999991
  endloop
endfacet
facet normal 0.938616756660372 -0.34496171398629766 0.0
  outer loop
    vertex 70.68090332805072 204.86798732171144 6.24499999999998
    vertex 70.73201267828844 205.00705229793962 5.444999999999991
    vertex 70.73201267828844 205.00705229793962 6.24499999999998
  endloop
endfacet
facet normal 0.2893895012763183 -0.957211427298611 0.0
  outer loop
    vertex 70.68090332805072 204.86798732171144 6.24499999999998
    vertex 70.52757527733756 204.82163232963535 5.444999999999991
    vertex 70.68090332805072 204.86798732171144 5.444999999999991
  endloop
endfacet
facet normal 0.2893895012763183 -0.957211427298611 0.0
  outer loop
    vertex 70.52757527733756 204.82163232963535 5.444999999999991
    vertex 70.68090332805072 204.86798732171144 6.24499999999998
    vertex 70.52757527733756 204.82163232963535 6.24499999999998
  endloop
endfacet
facet normal -0.04499941501140536 -0.9989870132532411 0.0
  outer loop
    vertex 70.52757527733756 204.82163232963535 6.24499999999998
    vertex 70.26370839936608 204.83351822503948 5.444999999999991
    vertex 70.52757527733756 204.82163232963535 5.444999999999991
  endloop
endfacet
facet normal -0.04499941501140536 -0.9989870132532411 0.0
  outer loop
    vertex 70.26370839936608 204.83351822503948 5.444999999999991
    vertex 70.52757527733756 204.82163232963535 6.24499999999998
    vertex 70.26370839936608 204.83351822503948 6.24499999999998
  endloop
endfacet
facet normal -0.04582337419605066 -0.9989495574738941 0.0
  outer loop
    vertex 70.26370839936608 204.83351822503948 6.24499999999998
    vertex 70.00459587955626 204.84540412044362 5.444999999999991
    vertex 70.26370839936608 204.83351822503948 5.444999999999991
  endloop
endfacet
facet normal -0.04582337419605066 -0.9989495574738941 0.0
  outer loop
    vertex 70.00459587955626 204.84540412044362 5.444999999999991
    vertex 70.26370839936608 204.83351822503948 6.24499999999998
    vertex 70.00459587955626 204.84540412044362 6.24499999999998
  endloop
endfacet
facet normal 0.09278793277516009 -0.9956858940104115 0.0
  outer loop
    vertex 70.00459587955626 204.84540412044362 6.24499999999998
    vertex 69.67297939778129 204.8145007923929 5.444999999999991
    vertex 70.00459587955626 204.84540412044362 5.444999999999991
  endloop
endfacet
facet normal 0.09278793277516009 -0.9956858940104115 0.0
  outer loop
    vertex 69.67297939778129 204.8145007923929 5.444999999999991
    vertex 70.00459587955626 204.84540412044362 6.24499999999998
    vertex 69.67297939778129 204.8145007923929 6.24499999999998
  endloop
endfacet
facet normal 0.411021890234672 -0.9116254744948263 0.0
  outer loop
    vertex 69.67297939778129 204.8145007923929 6.24499999999998
    vertex 69.46735340729002 204.72179080824077 5.444999999999991
    vertex 69.67297939778129 204.8145007923929 5.444999999999991
  endloop
endfacet
facet normal 0.411021890234672 -0.9116254744948263 0.0
  outer loop
    vertex 69.46735340729002 204.72179080824077 5.444999999999991
    vertex 69.67297939778129 204.8145007923929 6.24499999999998
    vertex 69.46735340729002 204.72179080824077 6.24499999999998
  endloop
endfacet
facet normal 0.867562218798833 -0.49732866045789687 0.0
  outer loop
    vertex 69.46735340729002 204.72179080824077 5.444999999999991
    vertex 69.36038034865294 204.53518225039605 6.24499999999998
    vertex 69.36038034865294 204.53518225039605 5.444999999999991
  endloop
endfacet
facet normal 0.867562218798833 -0.49732866045789687 0.0
  outer loop
    vertex 69.36038034865294 204.53518225039605 6.24499999999998
    vertex 69.46735340729002 204.72179080824077 5.444999999999991
    vertex 69.46735340729002 204.72179080824077 6.24499999999998
  endloop
endfacet
facet normal 0.9935570029606384 -0.11333349843657922 0.0
  outer loop
    vertex 69.36038034865294 204.53518225039605 5.444999999999991
    vertex 69.32472266244058 204.22258320126772 6.24499999999998
    vertex 69.32472266244058 204.22258320126772 5.444999999999991
  endloop
endfacet
facet normal 0.9935570029606384 -0.11333349843657922 0.0
  outer loop
    vertex 69.32472266244058 204.22258320126772 6.24499999999998
    vertex 69.36038034865294 204.53518225039605 5.444999999999991
    vertex 69.36038034865294 204.53518225039605 6.24499999999998
  endloop
endfacet
facet normal 0.9999339476203911 0.011493493650805906 0.0
  outer loop
    vertex 69.32472266244058 204.22258320126772 5.444999999999991
    vertex 69.33185419968305 203.6021394611726 6.24499999999998
    vertex 69.33185419968305 203.6021394611726 5.444999999999991
  endloop
endfacet
facet normal 0.9999339476203911 0.011493493650805906 0.0
  outer loop
    vertex 69.33185419968305 203.6021394611726 6.24499999999998
    vertex 69.32472266244058 204.22258320126772 5.444999999999991
    vertex 69.32472266244058 204.22258320126772 6.24499999999998
  endloop
endfacet
facet normal 0.9999339476203909 0.01149349365082407 0.0
  outer loop
    vertex 69.33185419968305 203.6021394611726 5.444999999999991
    vertex 69.33898573692552 202.98169572107753 6.24499999999998
    vertex 69.33898573692552 202.98169572107753 5.444999999999991
  endloop
endfacet
facet normal 0.9999339476203909 0.01149349365082407 0.0
  outer loop
    vertex 69.33898573692552 202.98169572107753 6.24499999999998
    vertex 69.33185419968305 203.6021394611726 5.444999999999991
    vertex 69.33185419968305 203.6021394611726 6.24499999999998
  endloop
endfacet
facet normal 0.9989325146238441 0.046193411080840324 0.0
  outer loop
    vertex 69.33898573692552 202.98169572107753 5.444999999999991
    vertex 69.35800316957211 202.57044374009496 6.24499999999998
    vertex 69.35800316957211 202.57044374009496 5.444999999999991
  endloop
endfacet
facet normal 0.9989325146238441 0.046193411080840324 0.0
  outer loop
    vertex 69.35800316957211 202.57044374009496 6.24499999999998
    vertex 69.33898573692552 202.98169572107753 5.444999999999991
    vertex 69.33898573692552 202.98169572107753 6.24499999999998
  endloop
endfacet
facet normal 0.9989074393268885 0.04673251178139885 0.0
  outer loop
    vertex 69.35800316957211 202.57044374009496 5.444999999999991
    vertex 69.3770206022187 202.16394611727404 6.24499999999998
    vertex 69.3770206022187 202.16394611727404 5.444999999999991
  endloop
endfacet
facet normal 0.9989074393268885 0.04673251178139885 0.0
  outer loop
    vertex 69.3770206022187 202.16394611727404 6.24499999999998
    vertex 69.35800316957211 202.57044374009496 5.444999999999991
    vertex 69.35800316957211 202.57044374009496 6.24499999999998
  endloop
endfacet
facet normal 0.9153150324227213 -0.4027386142661175 0.0
  outer loop
    vertex 69.3770206022187 202.16394611727404 5.444999999999991
    vertex 69.3377971473851 202.07480190174314 6.24499999999998
    vertex 69.3377971473851 202.07480190174314 5.444999999999991
  endloop
endfacet
facet normal 0.9153150324227213 -0.4027386142661175 0.0
  outer loop
    vertex 69.3377971473851 202.07480190174314 6.24499999999998
    vertex 69.3770206022187 202.16394611727404 5.444999999999991
    vertex 69.3770206022187 202.16394611727404 6.24499999999998
  endloop
endfacet
facet normal 0.3162277660168627 -0.9486832980505057 0.0
  outer loop
    vertex 69.3377971473851 202.07480190174314 6.24499999999998
    vertex 69.22012678288432 202.03557844690954 5.444999999999991
    vertex 69.3377971473851 202.07480190174314 5.444999999999991
  endloop
endfacet
facet normal 0.3162277660168627 -0.9486832980505057 0.0
  outer loop
    vertex 69.22012678288432 202.03557844690954 5.444999999999991
    vertex 69.3377971473851 202.07480190174314 6.24499999999998
    vertex 69.22012678288432 202.03557844690954 6.24499999999998
  endloop
endfacet
facet normal 0.027200816036721333 -0.9996299893495276 0.0
  outer loop
    vertex 69.22012678288432 202.03557844690954 6.24499999999998
    vertex 68.52123613312203 202.01656101426292 5.444999999999991
    vertex 69.22012678288432 202.03557844690954 5.444999999999991
  endloop
endfacet
facet normal 0.027200816036721333 -0.9996299893495276 0.0
  outer loop
    vertex 68.52123613312203 202.01656101426292 5.444999999999991
    vertex 69.22012678288432 202.03557844690954 6.24499999999998
    vertex 68.52123613312203 202.01656101426292 6.24499999999998
  endloop
endfacet
facet normal -0.039442966713514695 -0.9992218234090149 0.0
  outer loop
    vertex 68.52123613312203 202.01656101426292 6.24499999999998
    vertex 67.79857369255151 202.04508716323284 5.444999999999991
    vertex 68.52123613312203 202.01656101426292 5.444999999999991
  endloop
endfacet
facet normal -0.039442966713514695 -0.9992218234090149 0.0
  outer loop
    vertex 67.79857369255151 202.04508716323284 5.444999999999991
    vertex 68.52123613312203 202.01656101426292 6.24499999999998
    vertex 67.79857369255151 202.04508716323284 6.24499999999998
  endloop
endfacet
facet normal -0.38262653549901054 -0.923903097912343 0.0
  outer loop
    vertex 67.79857369255151 202.04508716323284 6.24499999999998
    vertex 67.68090332805072 202.09381933438974 5.444999999999991
    vertex 67.79857369255151 202.04508716323284 5.444999999999991
  endloop
endfacet
facet normal -0.38262653549901054 -0.923903097912343 0.0
  outer loop
    vertex 67.68090332805072 202.09381933438974 5.444999999999991
    vertex 67.79857369255151 202.04508716323284 6.24499999999998
    vertex 67.68090332805072 202.09381933438974 6.24499999999998
  endloop
endfacet
facet normal -0.9400946840299432 -0.3409134568459293 0.0
  outer loop
    vertex 67.64167987321713 202.20198098256722 6.24499999999998
    vertex 67.68090332805072 202.09381933438974 5.444999999999991
    vertex 67.68090332805072 202.09381933438974 6.24499999999998
  endloop
endfacet
facet normal -0.9400946840299432 -0.3409134568459293 0.0
  outer loop
    vertex 67.68090332805072 202.09381933438974 5.444999999999991
    vertex 67.64167987321713 202.20198098256722 6.24499999999998
    vertex 67.64167987321713 202.20198098256722 5.444999999999991
  endloop
endfacet
facet normal -0.9999912832760935 0.00417532894895296 0.0
  outer loop
    vertex 67.64643423137876 203.34064976228197 6.24499999999998
    vertex 67.64167987321713 202.20198098256722 5.444999999999991
    vertex 67.64167987321713 202.20198098256722 6.24499999999998
  endloop
endfacet
facet normal -0.9999912832760935 0.00417532894895296 0.0
  outer loop
    vertex 67.64167987321713 202.20198098256722 5.444999999999991
    vertex 67.64643423137876 203.34064976228197 6.24499999999998
    vertex 67.64643423137876 203.34064976228197 5.444999999999991
  endloop
endfacet
facet normal -0.9999912832760933 0.0041753289489628665 0.0
  outer loop
    vertex 67.65118858954041 204.4793185419967 6.24499999999998
    vertex 67.64643423137876 203.34064976228197 5.444999999999991
    vertex 67.64643423137876 203.34064976228197 6.24499999999998
  endloop
endfacet
facet normal -0.9999912832760933 0.0041753289489628665 0.0
  outer loop
    vertex 67.64643423137876 203.34064976228197 5.444999999999991
    vertex 67.65118858954041 204.4793185419967 6.24499999999998
    vertex 67.65118858954041 204.4793185419967 5.444999999999991
  endloop
endfacet
facet normal -0.9987436049892021 -0.05011198951521169 0.0
  outer loop
    vertex 67.6000792393027 205.4979397781298 6.24499999999998
    vertex 67.65118858954041 204.4793185419967 5.444999999999991
    vertex 67.65118858954041 204.4793185419967 6.24499999999998
  endloop
endfacet
facet normal -0.9987436049892021 -0.05011198951521169 0.0
  outer loop
    vertex 67.65118858954041 204.4793185419967 5.444999999999991
    vertex 67.6000792393027 205.4979397781298 6.24499999999998
    vertex 67.6000792393027 205.4979397781298 5.444999999999991
  endloop
endfacet
facet normal -0.9830168271198141 -0.18351544240007062 0.0
  outer loop
    vertex 67.44675118858954 206.31925515055457 6.24499999999998
    vertex 67.6000792393027 205.4979397781298 5.444999999999991
    vertex 67.6000792393027 205.4979397781298 6.24499999999998
  endloop
endfacet
facet normal -0.9830168271198141 -0.18351544240007062 0.0
  outer loop
    vertex 67.6000792393027 205.4979397781298 5.444999999999991
    vertex 67.44675118858954 206.31925515055457 6.24499999999998
    vertex 67.44675118858954 206.31925515055457 5.444999999999991
  endloop
endfacet
facet normal -0.9912279006826256 -0.13216372009108598 0.0
  outer loop
    vertex 67.43724247226625 206.39057052297926 6.24499999999998
    vertex 67.44675118858954 206.31925515055457 5.444999999999991
    vertex 67.44675118858954 206.31925515055457 6.24499999999998
  endloop
endfacet
facet normal -0.9912279006826256 -0.13216372009108598 0.0
  outer loop
    vertex 67.44675118858954 206.31925515055457 5.444999999999991
    vertex 67.43724247226625 206.39057052297926 6.24499999999998
    vertex 67.43724247226625 206.39057052297926 5.444999999999991
  endloop
endfacet
facet normal -0.7999999999999914 0.6000000000000114 0.0
  outer loop
    vertex 67.50855784469097 206.48565768621222 6.24499999999998
    vertex 67.43724247226625 206.39057052297926 5.444999999999991
    vertex 67.43724247226625 206.39057052297926 6.24499999999998
  endloop
endfacet
facet normal -0.7999999999999914 0.6000000000000114 0.0
  outer loop
    vertex 67.43724247226625 206.39057052297926 5.444999999999991
    vertex 67.50855784469097 206.48565768621222 6.24499999999998
    vertex 67.50855784469097 206.48565768621222 5.444999999999991
  endloop
endfacet
facet normal -0.13538781986797985 0.9907926817611217 0.0
  outer loop
    vertex 67.50855784469097 206.48565768621222 6.24499999999998
    vertex 68.27400950871633 206.59025356576848 5.444999999999991
    vertex 67.50855784469097 206.48565768621222 5.444999999999991
  endloop
endfacet
facet normal -0.13538781986797985 0.9907926817611217 0.0
  outer loop
    vertex 68.27400950871633 206.59025356576848 5.444999999999991
    vertex 67.50855784469097 206.48565768621222 6.24499999999998
    vertex 68.27400950871633 206.59025356576848 6.24499999999998
  endloop
endfacet
facet normal -0.18683515133417528 0.982391279595832 0.0
  outer loop
    vertex 68.27400950871633 206.59025356576848 6.24499999999998
    vertex 69.04896988906499 206.7376386687796 5.444999999999991
    vertex 68.27400950871633 206.59025356576848 5.444999999999991
  endloop
endfacet
facet normal -0.18683515133417528 0.982391279595832 0.0
  outer loop
    vertex 69.04896988906499 206.7376386687796 5.444999999999991
    vertex 68.27400950871633 206.59025356576848 6.24499999999998
    vertex 69.04896988906499 206.7376386687796 6.24499999999998
  endloop
endfacet
facet normal 0.7298984024180536 0.6835556467088639 0.0
  outer loop
    vertex 69.04896988906499 206.7376386687796 5.444999999999991
    vertex 69.11909667194928 206.66275752773362 6.24499999999998
    vertex 69.11909667194928 206.66275752773362 5.444999999999991
  endloop
endfacet
facet normal 0.7298984024180536 0.6835556467088639 0.0
  outer loop
    vertex 69.11909667194928 206.66275752773362 6.24499999999998
    vertex 69.04896988906499 206.7376386687796 5.444999999999991
    vertex 69.04896988906499 206.7376386687796 6.24499999999998
  endloop
endfacet
facet normal 0.9850967708411917 0.1720010234802595 0.0
  outer loop
    vertex 69.11909667194928 206.66275752773362 5.444999999999991
    vertex 69.1583201267829 206.43811410459574 6.24499999999998
    vertex 69.1583201267829 206.43811410459574 5.444999999999991
  endloop
endfacet
facet normal 0.9850967708411917 0.1720010234802595 0.0
  outer loop
    vertex 69.1583201267829 206.43811410459574 6.24499999999998
    vertex 69.11909667194928 206.66275752773362 5.444999999999991
    vertex 69.11909667194928 206.66275752773362 6.24499999999998
  endloop
endfacet
facet normal 0.9615239476408245 0.2747211278973739 0.0
  outer loop
    vertex 69.1583201267829 206.43811410459574 5.444999999999991
    vertex 69.24389857369256 206.1385895404119 6.24499999999998
    vertex 69.24389857369256 206.1385895404119 5.444999999999991
  endloop
endfacet
facet normal 0.9615239476408245 0.2747211278973739 0.0
  outer loop
    vertex 69.24389857369256 206.1385895404119 6.24499999999998
    vertex 69.1583201267829 206.43811410459574 5.444999999999991
    vertex 69.1583201267829 206.43811410459574 6.24499999999998
  endloop
endfacet
facet normal -0.5391994100491693 0.8421781261720277 0.0
  outer loop
    vertex 69.24389857369256 206.1385895404119 6.24499999999998
    vertex 69.6337559429477 206.38819334389845 5.444999999999991
    vertex 69.24389857369256 206.1385895404119 5.444999999999991
  endloop
endfacet
facet normal -0.5391994100491693 0.8421781261720277 0.0
  outer loop
    vertex 69.6337559429477 206.38819334389845 5.444999999999991
    vertex 69.24389857369256 206.1385895404119 6.24499999999998
    vertex 69.6337559429477 206.38819334389845 6.24499999999998
  endloop
endfacet
facet normal -0.3854841556637292 0.922714455144289 0.0
  outer loop
    vertex 69.6337559429477 206.38819334389845 6.24499999999998
    vertex 70.08185419968305 206.57539619651334 5.444999999999991
    vertex 69.6337559429477 206.38819334389845 5.444999999999991
  endloop
endfacet
facet normal -0.3854841556637292 0.922714455144289 0.0
  outer loop
    vertex 70.08185419968305 206.57539619651334 5.444999999999991
    vertex 69.6337559429477 206.38819334389845 6.24499999999998
    vertex 70.08185419968305 206.57539619651334 6.24499999999998
  endloop
endfacet
facet normal -0.14313880906526866 0.9897026226798515 0.0
  outer loop
    vertex 70.08185419968305 206.57539619651334 6.24499999999998
    vertex 70.51331220285262 206.63779714738496 5.444999999999991
    vertex 70.08185419968305 206.57539619651334 5.444999999999991
  endloop
endfacet
facet normal -0.14313880906526866 0.9897026226798515 0.0
  outer loop
    vertex 70.51331220285262 206.63779714738496 5.444999999999991
    vertex 70.08185419968305 206.57539619651334 6.24499999999998
    vertex 70.51331220285262 206.63779714738496 6.24499999999998
  endloop
endfacet
facet normal 0.14142135623731147 0.9899494936611664 0.0
  outer loop
    vertex 70.51331220285262 206.63779714738496 6.24499999999998
    vertex 70.71299524564185 206.60927099841507 5.444999999999991
    vertex 70.51331220285262 206.63779714738496 5.444999999999991
  endloop
endfacet
facet normal 0.14142135623731147 0.9899494936611664 0.0
  outer loop
    vertex 70.71299524564185 206.60927099841507 5.444999999999991
    vertex 70.51331220285262 206.63779714738496 6.24499999999998
    vertex 70.71299524564185 206.60927099841507 6.24499999999998
  endloop
endfacet
facet normal 0.7893522173763761 0.6139406135148565 0.0
  outer loop
    vertex 70.71299524564185 206.60927099841507 5.444999999999991
    vertex 70.77955625990491 206.5236925515054 6.24499999999998
    vertex 70.77955625990491 206.5236925515054 5.444999999999991
  endloop
endfacet
facet normal 0.7893522173763761 0.6139406135148565 0.0
  outer loop
    vertex 70.77955625990491 206.5236925515054 6.24499999999998
    vertex 70.71299524564185 206.60927099841507 5.444999999999991
    vertex 70.71299524564185 206.60927099841507 6.24499999999998
  endloop
endfacet
facet normal 0.9973337235915672 -0.07297563831155786 0.0
  outer loop
    vertex 70.77955625990491 206.5236925515054 5.444999999999991
    vertex 70.75103011093503 206.13383518225024 6.24499999999998
    vertex 70.75103011093503 206.13383518225024 5.444999999999991
  endloop
endfacet
facet normal 0.9973337235915672 -0.07297563831155786 0.0
  outer loop
    vertex 70.75103011093503 206.13383518225024 6.24499999999998
    vertex 70.77955625990491 206.5236925515054 5.444999999999991
    vertex 70.77955625990491 206.5236925515054 6.24499999999998
  endloop
endfacet
facet normal 0.996376129781136 -0.08505649888377036 0.0
  outer loop
    vertex 70.75103011093503 206.13383518225024 5.444999999999991
    vertex 70.71774960380348 205.7439778129951 6.24499999999998
    vertex 70.71774960380348 205.7439778129951 5.444999999999991
  endloop
endfacet
facet normal 0.996376129781136 -0.08505649888377036 0.0
  outer loop
    vertex 70.71774960380348 205.7439778129951 6.24499999999998
    vertex 70.75103011093503 206.13383518225024 5.444999999999991
    vertex 70.75103011093503 206.13383518225024 6.24499999999998
  endloop
endfacet
facet normal 0.9999156794129784 0.012985917914491751 0.0
  outer loop
    vertex 70.71774960380348 205.7439778129951 5.444999999999991
    vertex 70.72250396196515 205.37789223454823 6.24499999999998
    vertex 70.72250396196515 205.37789223454823 5.444999999999991
  endloop
endfacet
facet normal 0.9999156794129784 0.012985917914491751 0.0
  outer loop
    vertex 70.72250396196515 205.37789223454823 6.24499999999998
    vertex 70.71774960380348 205.7439778129951 5.444999999999991
    vertex 70.71774960380348 205.7439778129951 6.24499999999998
  endloop
endfacet
facet normal 0.9996714309094816 0.025632600792533513 0.0
  outer loop
    vertex 70.72250396196515 205.37789223454823 5.444999999999991
    vertex 70.73201267828844 205.00705229793962 6.24499999999998
    vertex 70.73201267828844 205.00705229793962 5.444999999999991
  endloop
endfacet
facet normal 0.9996714309094816 0.025632600792533513 0.0
  outer loop
    vertex 70.73201267828844 205.00705229793962 6.24499999999998
    vertex 70.72250396196515 205.37789223454823 5.444999999999991
    vertex 70.72250396196515 205.37789223454823 6.24499999999998
  endloop
endfacet
endsolid HA-Monitor_Case_v2
