solid HA-Monitor_Case_v3
facet normal -1.0 -2.330138542739555e-16 2.1242640881794643e-16
  outer loop
    vertex 18.150000000000002 294.9 -19.600000000000005
    vertex 18.149999999999995 292.79999999999995 -28.099999999999998
    vertex 18.150000000000002 292.79999999999995 -19.600000000000005
  endloop
endfacet
facet normal -1.0 -2.330138542739555e-16 2.1242640881794643e-16
  outer loop
    vertex 18.149999999999995 292.79999999999995 -28.099999999999998
    vertex 18.150000000000002 294.9 -19.600000000000005
    vertex 18.149999999999995 292.79999999999995 -30.1
  endloop
endfacet
facet normal -1.0 -2.330138542739555e-16 2.1242640881794643e-16
  outer loop
    vertex 18.149999999999995 292.79999999999995 -30.1
    vertex 18.150000000000002 294.9 -19.600000000000005
    vertex 18.150000000000002 292.9 -32.1
  endloop
endfacet
facet normal -1.0 -2.330138542739555e-16 2.1242640881794643e-16
  outer loop
    vertex 18.150000000000002 292.9 -32.1
    vertex 18.150000000000002 294.9 -19.600000000000005
    vertex 18.150000000000002 294.9 -30.1
  endloop
endfacet
facet normal -1.0 -2.330138542739555e-16 2.1242640881794643e-16
  outer loop
    vertex 18.149999999999995 290.79999999999995 -30.1
    vertex 18.150000000000002 284.2 -32.1
    vertex 18.150000000000002 284.2 -30.1
  endloop
endfacet
facet normal -1.0 -2.330138542739555e-16 2.1242640881794643e-16
  outer loop
    vertex 18.150000000000002 284.2 -32.1
    vertex 18.149999999999995 290.79999999999995 -30.1
    vertex 18.150000000000002 292.9 -32.1
  endloop
endfacet
facet normal -1.0 -2.330138542739555e-16 2.1242640881794643e-16
  outer loop
    vertex 18.150000000000002 292.9 -32.1
    vertex 18.149999999999995 290.79999999999995 -30.1
    vertex 18.149999999999995 292.79999999999995 -30.1
  endloop
endfacet
facet normal 1.0 0.0 0.0
  outer loop
    vertex 72.64999999999999 294.9 -19.60000000000002
    vertex 72.64999999999999 292.79999999999995 -7.600000000000023
    vertex 72.64999999999999 292.79999999999995 -19.60000000000002
  endloop
endfacet
facet normal 1.0 0.0 0.0
  outer loop
    vertex 72.64999999999999 292.79999999999995 -7.600000000000023
    vertex 72.64999999999999 294.9 -19.60000000000002
    vertex 72.64999999999999 294.9 -7.600000000000023
  endloop
endfacet
facet normal 0.0 1.0 0.0
  outer loop
    vertex 12.15 284.2 -30.10000000000001
    vertex 13.149999999999999 284.2 -32.1
    vertex 12.15 284.2 -32.1
  endloop
endfacet
facet normal 0.0 1.0 0.0
  outer loop
    vertex 13.149999999999999 284.2 -32.1
    vertex 12.15 284.2 -30.10000000000001
    vertex 13.149999999999999 284.2 -30.10000000000001
  endloop
endfacet
facet normal 0.0 1.0 0.0
  outer loop
    vertex 9.649999999999999 284.2 -30.10000000000001
    vertex 10.649999999999997 284.2 -32.1
    vertex 9.649999999999999 284.2 -32.1
  endloop
endfacet
facet normal 0.0 1.0 0.0
  outer loop
    vertex 10.649999999999997 284.2 -32.1
    vertex 9.649999999999999 284.2 -30.10000000000001
    vertex 10.649999999999997 284.2 -30.10000000000001
  endloop
endfacet
facet normal 1.0 0.0 0.0
  outer loop
    vertex 82.25 294.9 -19.600000000000023
    vertex 82.25 293.49999999999994 -17.600000000000023
    vertex 82.25 293.49999999999994 -19.60000000000002
  endloop
endfacet
facet normal 1.0 0.0 0.0
  outer loop
    vertex 82.25 293.49999999999994 -17.600000000000023
    vertex 82.25 292.79999999999995 -8.000000000000025
    vertex 82.25 292.79999999999995 -16.60000000000002
  endloop
endfacet
facet normal 1.0 0.0 0.0
  outer loop
    vertex 82.25 292.79999999999995 -8.000000000000025
    vertex 82.25 293.49999999999994 -17.600000000000023
    vertex 82.25 294.9 -8.000000000000025
  endloop
endfacet
facet normal 1.0 0.0 0.0
  outer loop
    vertex 82.25 294.9 -8.000000000000025
    vertex 82.25 293.49999999999994 -17.600000000000023
    vertex 82.25 294.9 -19.600000000000023
  endloop
endfacet
facet normal 1.0 0.0 0.0
  outer loop
    vertex 82.25 294.9 -8.000000000000025
    vertex 82.25 294.9 -19.600000000000023
    vertex 82.25 294.9 -15.000000000000023
  endloop
endfacet
facet normal 0.0 0.0 -1.0
  outer loop
    vertex 94.75 261.9213203435596 -18.6
    vertex 94.55 251.67867965644035 -18.6
    vertex 94.55 261.9213203435596 -18.6
  endloop
endfacet
facet normal 0.0 0.0 -1.0
  outer loop
    vertex 94.55 251.67867965644035 -18.6
    vertex 94.75 261.9213203435596 -18.6
    vertex 94.75 251.67867965644038 -18.6
  endloop
endfacet
facet normal 0.0 1.0 0.0
  outer loop
    vertex 14.649999999999995 284.2 -30.1
    vertex 15.65 284.2 -32.1
    vertex 14.649999999999995 284.2 -32.1
  endloop
endfacet
facet normal 0.0 1.0 0.0
  outer loop
    vertex 15.65 284.2 -32.1
    vertex 14.649999999999995 284.2 -30.1
    vertex 15.65 284.2 -30.1
  endloop
endfacet
facet normal 0.0 1.0 0.0
  outer loop
    vertex 17.149999999999995 284.2 -30.1
    vertex 18.150000000000002 284.2 -32.1
    vertex 17.149999999999995 284.2 -32.1
  endloop
endfacet
facet normal 0.0 1.0 0.0
  outer loop
    vertex 18.150000000000002 284.2 -32.1
    vertex 17.149999999999995 284.2 -30.1
    vertex 18.150000000000002 284.2 -30.1
  endloop
endfacet
facet normal 2.256078569753072e-33 7.460228789809267e-16 1.0
  outer loop
    vertex 72.64999999999999 292.79999999999995 -19.60000000000002
    vertex 73.24999999999999 293.49999999999994 -19.60000000000002
    vertex 72.64999999999999 294.9 -19.60000000000002
  endloop
endfacet
facet normal 2.256078569753072e-33 7.460228789809267e-16 1.0
  outer loop
    vertex 73.24999999999999 293.49999999999994 -19.60000000000002
    vertex 72.64999999999999 292.79999999999995 -19.60000000000002
    vertex 82.85 292.79999999999995 -19.60000000000002
  endloop
endfacet
facet normal 2.256078569753072e-33 7.460228789809267e-16 1.0
  outer loop
    vertex 73.24999999999999 293.49999999999994 -19.60000000000002
    vertex 82.85 292.79999999999995 -19.60000000000002
    vertex 82.25 293.49999999999994 -19.60000000000002
  endloop
endfacet
facet normal 2.256078569753072e-33 7.460228789809267e-16 1.0
  outer loop
    vertex 82.25 293.49999999999994 -19.60000000000002
    vertex 82.85 292.79999999999995 -19.60000000000002
    vertex 82.25 294.9 -19.600000000000023
  endloop
endfacet
facet normal 2.256078569753072e-33 7.460228789809267e-16 1.0
  outer loop
    vertex 82.25 294.9 -19.600000000000023
    vertex 82.85 292.79999999999995 -19.60000000000002
    vertex 82.85 294.9 -19.60000000000002
  endloop
endfacet
facet normal 2.256078569753072e-33 7.460228789809267e-16 1.0
  outer loop
    vertex 73.24999999999999 294.9 -19.600000000000023
    vertex 72.64999999999999 294.9 -19.60000000000002
    vertex 73.24999999999999 293.49999999999994 -19.60000000000002
  endloop
endfacet
facet normal -1.0 0.0 0.0
  outer loop
    vertex 73.24999999999999 294.9 -8.000000000000025
    vertex 73.24999999999999 292.79999999999995 -16.60000000000002
    vertex 73.24999999999999 292.79999999999995 -8.000000000000025
  endloop
endfacet
facet normal -1.0 0.0 0.0
  outer loop
    vertex 73.24999999999999 292.79999999999995 -16.60000000000002
    vertex 73.24999999999999 294.9 -8.000000000000025
    vertex 73.24999999999999 293.49999999999994 -17.600000000000023
  endloop
endfacet
facet normal -1.0 0.0 0.0
  outer loop
    vertex 73.24999999999999 293.49999999999994 -17.600000000000023
    vertex 73.24999999999999 294.9 -8.000000000000025
    vertex 73.24999999999999 293.49999999999994 -19.60000000000002
  endloop
endfacet
facet normal -1.0 0.0 0.0
  outer loop
    vertex 73.24999999999999 293.49999999999994 -19.60000000000002
    vertex 73.24999999999999 294.9 -8.000000000000025
    vertex 73.24999999999999 294.9 -19.600000000000023
  endloop
endfacet
facet normal -1.0 0.0 0.0
  outer loop
    vertex 73.24999999999999 294.9 -19.600000000000023
    vertex 73.24999999999999 294.9 -8.000000000000025
    vertex 73.24999999999999 294.9 -15.000000000000023
  endloop
endfacet
facet normal 1.0 0.0 0.0
  outer loop
    vertex 7.1499999999999995 292.9 -32.099999999999994
    vertex 7.1499999999999995 284.2 -30.099999999999994
    vertex 7.1499999999999995 284.2 -32.1
  endloop
endfacet
facet normal 1.0 0.0 0.0
  outer loop
    vertex 7.1499999999999995 284.2 -30.099999999999994
    vertex 7.1499999999999995 292.9 -32.099999999999994
    vertex 7.1499999999999995 290.79999999999995 -30.1
  endloop
endfacet
facet normal 1.0 0.0 0.0
  outer loop
    vertex 7.1499999999999995 290.79999999999995 -30.1
    vertex 7.1499999999999995 292.9 -32.099999999999994
    vertex 7.1499999999999995 292.79999999999995 -30.1
  endloop
endfacet
facet normal 1.0 0.0 0.0
  outer loop
    vertex 7.1499999999999995 292.79999999999995 -30.1
    vertex 7.1499999999999995 292.9 -32.099999999999994
    vertex 7.1499999999999995 292.79999999999995 -28.099999999999998
  endloop
endfacet
facet normal 1.0 0.0 0.0
  outer loop
    vertex 7.1499999999999995 292.79999999999995 -28.099999999999998
    vertex 7.1499999999999995 292.9 -32.099999999999994
    vertex 7.1499999999999995 292.79999999999995 -19.6
  endloop
endfacet
facet normal 1.0 0.0 0.0
  outer loop
    vertex 7.1499999999999995 292.79999999999995 -19.6
    vertex 7.1499999999999995 292.9 -32.099999999999994
    vertex 7.1499999999999995 294.9 -19.6
  endloop
endfacet
facet normal 1.0 0.0 0.0
  outer loop
    vertex 7.1499999999999995 294.9 -19.6
    vertex 7.1499999999999995 292.9 -32.099999999999994
    vertex 7.1499999999999995 294.9 -30.09999999999999
  endloop
endfacet
facet normal 0.0 1.0 0.0
  outer loop
    vertex 7.1499999999999995 284.2 -30.099999999999994
    vertex 8.149999999999999 284.2 -32.1
    vertex 7.1499999999999995 284.2 -32.1
  endloop
endfacet
facet normal 0.0 1.0 0.0
  outer loop
    vertex 8.149999999999999 284.2 -32.1
    vertex 7.1499999999999995 284.2 -30.099999999999994
    vertex 8.149999999999999 284.2 -30.099999999999994
  endloop
endfacet
facet normal -1.0 0.0 0.0
  outer loop
    vertex 82.85 294.9 -7.600000000000023
    vertex 82.85 292.79999999999995 -19.60000000000002
    vertex 82.85 292.79999999999995 -7.600000000000023
  endloop
endfacet
facet normal -1.0 0.0 0.0
  outer loop
    vertex 82.85 292.79999999999995 -19.60000000000002
    vertex 82.85 294.9 -7.600000000000023
    vertex 82.85 294.9 -19.60000000000002
  endloop
endfacet
facet normal 0.44721359549995804 0.8944271909999161 0.0
  outer loop
    vertex 80.25 295.8999999999999 -13.000000000000027
    vertex 82.25 294.9 -8.000000000000025
    vertex 82.25 294.9 -15.000000000000023
  endloop
endfacet
facet normal 0.44721359549995804 0.8944271909999161 0.0
  outer loop
    vertex 82.25 294.9 -8.000000000000025
    vertex 80.25 295.8999999999999 -13.000000000000027
    vertex 80.25 295.8999999999999 -10.000000000000021
  endloop
endfacet
facet normal 0.0 1.0 0.0
  outer loop
    vertex 75.24999999999999 295.8999999999999 -13.000000000000021
    vertex 80.25 295.8999999999999 -10.000000000000021
    vertex 80.25 295.8999999999999 -13.000000000000027
  endloop
endfacet
facet normal 0.0 1.0 0.0
  outer loop
    vertex 80.25 295.8999999999999 -10.000000000000021
    vertex 75.24999999999999 295.8999999999999 -13.000000000000021
    vertex 75.24999999999999 295.8999999999999 -10.000000000000021
  endloop
endfacet
facet normal -0.44721359549995804 0.8944271909999161 0.0
  outer loop
    vertex 73.24999999999999 294.9 -8.000000000000025
    vertex 75.24999999999999 295.8999999999999 -13.000000000000021
    vertex 73.24999999999999 294.9 -15.000000000000023
  endloop
endfacet
facet normal -0.44721359549995804 0.8944271909999161 0.0
  outer loop
    vertex 75.24999999999999 295.8999999999999 -13.000000000000021
    vertex 73.24999999999999 294.9 -8.000000000000025
    vertex 75.24999999999999 295.8999999999999 -10.000000000000021
  endloop
endfacet
facet normal -1.1804479173857643e-16 0.8944271909999162 -0.4472135954999575
  outer loop
    vertex 75.24999999999999 295.8999999999999 -13.000000000000021
    vertex 82.25 294.9 -15.000000000000023
    vertex 73.24999999999999 294.9 -15.000000000000023
  endloop
endfacet
facet normal -1.1804479173857643e-16 0.8944271909999162 -0.4472135954999575
  outer loop
    vertex 82.25 294.9 -15.000000000000023
    vertex 75.24999999999999 295.8999999999999 -13.000000000000021
    vertex 80.25 295.8999999999999 -13.000000000000027
  endloop
endfacet
facet normal 0.0 0.0 1.0
  outer loop
    vertex 88.03407417371095 286.74118095489746 -30.1
    vertex 88.03407417371093 287.2588190451025 -30.1
    vertex 88.00000000000001 286.99999999999994 -30.1
  endloop
endfacet
facet normal 0.0 0.0 1.0
  outer loop
    vertex 88.03407417371093 287.2588190451025 -30.1
    vertex 88.03407417371095 286.74118095489746 -30.1
    vertex 88.13397459621557 287.5 -30.1
  endloop
endfacet
facet normal 0.0 0.0 1.0
  outer loop
    vertex 88.13397459621557 287.5 -30.1
    vertex 88.03407417371095 286.74118095489746 -30.1
    vertex 88.13397459621557 286.5 -30.1
  endloop
endfacet
facet normal 0.0 0.0 1.0
  outer loop
    vertex 88.13397459621557 287.5 -30.1
    vertex 88.13397459621557 286.5 -30.1
    vertex 88.29289321881346 286.29289321881345 -30.1
  endloop
endfacet
facet normal 0.0 0.0 1.0
  outer loop
    vertex 88.13397459621557 287.5 -30.1
    vertex 88.29289321881346 286.29289321881345 -30.1
    vertex 88.29289321881346 287.70710678118655 -30.1
  endloop
endfacet
facet normal 0.0 0.0 1.0
  outer loop
    vertex 88.29289321881346 287.70710678118655 -30.1
    vertex 88.29289321881346 286.29289321881345 -30.1
    vertex 88.5 286.1339745962156 -30.1
  endloop
endfacet
facet normal 0.0 0.0 1.0
  outer loop
    vertex 88.29289321881346 287.70710678118655 -30.1
    vertex 88.5 286.1339745962156 -30.1
    vertex 88.5 287.8660254037845 -30.1
  endloop
endfacet
facet normal 0.0 0.0 1.0
  outer loop
    vertex 88.5 287.8660254037845 -30.1
    vertex 88.5 286.1339745962156 -30.1
    vertex 88.74118095489749 286.0340741737109 -30.1
  endloop
endfacet
facet normal 0.0 0.0 1.0
  outer loop
    vertex 88.5 287.8660254037845 -30.1
    vertex 88.74118095489749 286.0340741737109 -30.1
    vertex 88.74118095489749 287.96592582628904 -30.1
  endloop
endfacet
facet normal 0.0 0.0 1.0
  outer loop
    vertex 88.74118095489749 287.96592582628904 -30.1
    vertex 88.74118095489749 286.0340741737109 -30.1
    vertex 89.0 286.0 -30.1
  endloop
endfacet
facet normal 0.0 0.0 1.0
  outer loop
    vertex 88.74118095489749 287.96592582628904 -30.1
    vertex 89.0 286.0 -30.1
    vertex 89.0 288.0 -30.1
  endloop
endfacet
facet normal 0.0 0.0 1.0
  outer loop
    vertex 89.0 288.0 -30.1
    vertex 89.0 286.0 -30.1
    vertex 89.25881904510253 286.0340741737109 -30.1
  endloop
endfacet
facet normal 0.0 0.0 1.0
  outer loop
    vertex 89.0 288.0 -30.1
    vertex 89.25881904510253 286.0340741737109 -30.1
    vertex 89.25881904510253 287.9659258262891 -30.1
  endloop
endfacet
facet normal 0.0 0.0 1.0
  outer loop
    vertex 89.25881904510253 287.9659258262891 -30.1
    vertex 89.25881904510253 286.0340741737109 -30.1
    vertex 89.5 286.1339745962156 -30.1
  endloop
endfacet
facet normal 0.0 0.0 1.0
  outer loop
    vertex 89.25881904510253 287.9659258262891 -30.1
    vertex 89.5 286.1339745962156 -30.1
    vertex 89.5 287.8660254037845 -30.1
  endloop
endfacet
facet normal 0.0 0.0 1.0
  outer loop
    vertex 89.5 287.8660254037845 -30.1
    vertex 89.5 286.1339745962156 -30.1
    vertex 89.70710678118655 286.29289321881345 -30.1
  endloop
endfacet
facet normal 0.0 0.0 1.0
  outer loop
    vertex 89.5 287.8660254037845 -30.1
    vertex 89.70710678118655 286.29289321881345 -30.1
    vertex 89.70710678118655 287.70710678118655 -30.1
  endloop
endfacet
facet normal 0.0 0.0 1.0
  outer loop
    vertex 89.70710678118655 287.70710678118655 -30.1
    vertex 89.70710678118655 286.29289321881345 -30.1
    vertex 89.86602540378443 286.5 -30.1
  endloop
endfacet
facet normal 0.0 0.0 1.0
  outer loop
    vertex 89.70710678118655 287.70710678118655 -30.1
    vertex 89.86602540378443 286.5 -30.1
    vertex 89.86602540378443 287.5 -30.1
  endloop
endfacet
facet normal 0.0 0.0 1.0
  outer loop
    vertex 89.86602540378443 287.5 -30.1
    vertex 89.86602540378443 286.5 -30.1
    vertex 89.96592582628908 286.74118095489746 -30.1
  endloop
endfacet
facet normal 0.0 0.0 1.0
  outer loop
    vertex 89.86602540378443 287.5 -30.1
    vertex 89.96592582628908 286.74118095489746 -30.1
    vertex 89.96592582628908 287.2588190451025 -30.1
  endloop
endfacet
facet normal 0.0 0.0 1.0
  outer loop
    vertex 89.96592582628908 287.2588190451025 -30.1
    vertex 89.96592582628908 286.74118095489746 -30.1
    vertex 90.0 286.99999999999994 -30.1
  endloop
endfacet
facet normal 0.0 0.0 1.0
  outer loop
    vertex 88.03407417371093 202.54118095489747 -30.09999999999999
    vertex 88.03407417371093 203.05881904510252 -30.09999999999999
    vertex 88.00000000000001 202.79999999999998 -30.09999999999999
  endloop
endfacet
facet normal 0.0 0.0 1.0
  outer loop
    vertex 88.03407417371093 203.05881904510252 -30.09999999999999
    vertex 88.03407417371093 202.54118095489747 -30.09999999999999
    vertex 88.13397459621557 202.29999999999998 -30.09999999999999
  endloop
endfacet
facet normal 0.0 0.0 1.0
  outer loop
    vertex 88.03407417371093 203.05881904510252 -30.09999999999999
    vertex 88.13397459621557 202.29999999999998 -30.09999999999999
    vertex 88.13397459621557 203.3 -30.09999999999999
  endloop
endfacet
facet normal 0.0 0.0 1.0
  outer loop
    vertex 88.13397459621557 203.3 -30.09999999999999
    vertex 88.13397459621557 202.29999999999998 -30.09999999999999
    vertex 88.29289321881346 203.50710678118654 -30.09999999999999
  endloop
endfacet
facet normal 0.0 0.0 1.0
  outer loop
    vertex 88.29289321881346 203.50710678118654 -30.09999999999999
    vertex 88.13397459621557 202.29999999999998 -30.09999999999999
    vertex 88.29289321881346 202.09289321881343 -30.09999999999999
  endloop
endfacet
facet normal 0.0 0.0 1.0
  outer loop
    vertex 88.29289321881346 203.50710678118654 -30.09999999999999
    vertex 88.29289321881346 202.09289321881343 -30.09999999999999
    vertex 88.5 201.93397459621556 -30.09999999999999
  endloop
endfacet
facet normal 0.0 0.0 1.0
  outer loop
    vertex 88.29289321881346 203.50710678118654 -30.09999999999999
    vertex 88.5 201.93397459621556 -30.09999999999999
    vertex 88.5 203.66602540378443 -30.09999999999999
  endloop
endfacet
facet normal 0.0 0.0 1.0
  outer loop
    vertex 88.5 203.66602540378443 -30.09999999999999
    vertex 88.5 201.93397459621556 -30.09999999999999
    vertex 88.74118095489749 201.83407417371092 -30.09999999999999
  endloop
endfacet
facet normal 0.0 0.0 1.0
  outer loop
    vertex 88.5 203.66602540378443 -30.09999999999999
    vertex 88.74118095489749 201.83407417371092 -30.09999999999999
    vertex 88.74118095489749 203.76592582628908 -30.09999999999999
  endloop
endfacet
facet normal 0.0 0.0 1.0
  outer loop
    vertex 88.74118095489749 203.76592582628908 -30.09999999999999
    vertex 88.74118095489749 201.83407417371092 -30.09999999999999
    vertex 89.0 201.79999999999998 -30.09999999999999
  endloop
endfacet
facet normal 0.0 0.0 1.0
  outer loop
    vertex 88.74118095489749 203.76592582628908 -30.09999999999999
    vertex 89.0 201.79999999999998 -30.09999999999999
    vertex 89.0 203.79999999999998 -30.09999999999999
  endloop
endfacet
facet normal 0.0 0.0 1.0
  outer loop
    vertex 89.0 203.79999999999998 -30.09999999999999
    vertex 89.0 201.79999999999998 -30.09999999999999
    vertex 89.25881904510253 201.83407417371092 -30.09999999999999
  endloop
endfacet
facet normal 0.0 0.0 1.0
  outer loop
    vertex 89.0 203.79999999999998 -30.09999999999999
    vertex 89.25881904510253 201.83407417371092 -30.09999999999999
    vertex 89.25881904510253 203.76592582628908 -30.09999999999999
  endloop
endfacet
facet normal 0.0 0.0 1.0
  outer loop
    vertex 89.25881904510253 203.76592582628908 -30.09999999999999
    vertex 89.25881904510253 201.83407417371092 -30.09999999999999
    vertex 89.5 201.93397459621556 -30.09999999999999
  endloop
endfacet
facet normal 0.0 0.0 1.0
  outer loop
    vertex 89.25881904510253 203.76592582628908 -30.09999999999999
    vertex 89.5 201.93397459621556 -30.09999999999999
    vertex 89.5 203.66602540378443 -30.09999999999999
  endloop
endfacet
facet normal 0.0 0.0 1.0
  outer loop
    vertex 89.5 203.66602540378443 -30.09999999999999
    vertex 89.5 201.93397459621556 -30.09999999999999
    vertex 89.70710678118655 202.09289321881346 -30.09999999999999
  endloop
endfacet
facet normal 0.0 0.0 1.0
  outer loop
    vertex 89.5 203.66602540378443 -30.09999999999999
    vertex 89.70710678118655 202.09289321881346 -30.09999999999999
    vertex 89.70710678118655 203.50710678118654 -30.09999999999999
  endloop
endfacet
facet normal 0.0 0.0 1.0
  outer loop
    vertex 89.70710678118655 203.50710678118654 -30.09999999999999
    vertex 89.70710678118655 202.09289321881346 -30.09999999999999
    vertex 89.86602540378443 202.29999999999998 -30.09999999999999
  endloop
endfacet
facet normal 0.0 0.0 1.0
  outer loop
    vertex 89.70710678118655 203.50710678118654 -30.09999999999999
    vertex 89.86602540378443 202.29999999999998 -30.09999999999999
    vertex 89.86602540378443 203.3 -30.09999999999999
  endloop
endfacet
facet normal 0.0 0.0 1.0
  outer loop
    vertex 89.86602540378443 203.3 -30.09999999999999
    vertex 89.86602540378443 202.29999999999998 -30.09999999999999
    vertex 89.96592582628908 202.54118095489747 -30.09999999999999
  endloop
endfacet
facet normal 0.0 0.0 1.0
  outer loop
    vertex 89.86602540378443 203.3 -30.09999999999999
    vertex 89.96592582628908 202.54118095489747 -30.09999999999999
    vertex 89.96592582628908 203.05881904510252 -30.09999999999999
  endloop
endfacet
facet normal 0.0 0.0 1.0
  outer loop
    vertex 89.96592582628908 203.05881904510252 -30.09999999999999
    vertex 89.96592582628908 202.54118095489747 -30.09999999999999
    vertex 90.0 202.79999999999998 -30.09999999999999
  endloop
endfacet
facet normal 0.0 0.0 1.0
  outer loop
    vertex 1.8340741737109312 202.54118095489747 -30.100000000000012
    vertex 1.8340741737109312 203.05881904510252 -30.100000000000012
    vertex 1.7999999999999996 202.79999999999998 -30.100000000000012
  endloop
endfacet
facet normal 0.0 0.0 1.0
  outer loop
    vertex 1.8340741737109312 203.05881904510252 -30.100000000000012
    vertex 1.8340741737109312 202.54118095489747 -30.100000000000012
    vertex 1.9339745962155614 202.29999999999998 -30.100000000000012
  endloop
endfacet
facet normal 0.0 0.0 1.0
  outer loop
    vertex 1.8340741737109312 203.05881904510252 -30.100000000000012
    vertex 1.9339745962155614 202.29999999999998 -30.100000000000012
    vertex 1.9339745962155606 203.3 -30.100000000000012
  endloop
endfacet
facet normal 0.0 0.0 1.0
  outer loop
    vertex 1.9339745962155606 203.3 -30.100000000000012
    vertex 1.9339745962155614 202.29999999999998 -30.100000000000012
    vertex 2.092893218813452 203.50710678118654 -30.100000000000012
  endloop
endfacet
facet normal 0.0 0.0 1.0
  outer loop
    vertex 2.092893218813452 203.50710678118654 -30.100000000000012
    vertex 1.9339745962155614 202.29999999999998 -30.100000000000012
    vertex 2.092893218813453 202.09289321881343 -30.100000000000012
  endloop
endfacet
facet normal 0.0 0.0 1.0
  outer loop
    vertex 2.092893218813452 203.50710678118654 -30.100000000000012
    vertex 2.092893218813453 202.09289321881343 -30.100000000000012
    vertex 2.2999999999999994 203.66602540378443 -30.100000000000012
  endloop
endfacet
facet normal 0.0 0.0 1.0
  outer loop
    vertex 2.2999999999999994 203.66602540378443 -30.100000000000012
    vertex 2.092893218813453 202.09289321881343 -30.100000000000012
    vertex 2.3 201.93397459621556 -30.100000000000012
  endloop
endfacet
facet normal 0.0 0.0 1.0
  outer loop
    vertex 2.2999999999999994 203.66602540378443 -30.100000000000012
    vertex 2.3 201.93397459621556 -30.100000000000012
    vertex 2.5411809548974778 203.76592582628908 -30.100000000000012
  endloop
endfacet
facet normal 0.0 0.0 1.0
  outer loop
    vertex 2.5411809548974778 203.76592582628908 -30.100000000000012
    vertex 2.3 201.93397459621556 -30.100000000000012
    vertex 2.541180954897479 201.83407417371092 -30.100000000000012
  endloop
endfacet
facet normal 0.0 0.0 1.0
  outer loop
    vertex 2.5411809548974778 203.76592582628908 -30.100000000000012
    vertex 2.541180954897479 201.83407417371092 -30.100000000000012
    vertex 2.8 203.79999999999998 -30.100000000000012
  endloop
endfacet
facet normal 0.0 0.0 1.0
  outer loop
    vertex 2.8 203.79999999999998 -30.100000000000012
    vertex 2.541180954897479 201.83407417371092 -30.100000000000012
    vertex 2.8 201.79999999999998 -30.100000000000012
  endloop
endfacet
facet normal 0.0 0.0 1.0
  outer loop
    vertex 2.8 203.79999999999998 -30.100000000000012
    vertex 2.8 201.79999999999998 -30.100000000000012
    vertex 3.0588190451025206 201.83407417371092 -30.100000000000012
  endloop
endfacet
facet normal 0.0 0.0 1.0
  outer loop
    vertex 2.8 203.79999999999998 -30.100000000000012
    vertex 3.0588190451025206 201.83407417371092 -30.100000000000012
    vertex 3.0588190451025206 203.76592582628908 -30.100000000000012
  endloop
endfacet
facet normal 0.0 0.0 1.0
  outer loop
    vertex 3.0588190451025206 203.76592582628908 -30.100000000000012
    vertex 3.0588190451025206 201.83407417371092 -30.100000000000012
    vertex 3.2999999999999994 201.93397459621556 -30.100000000000012
  endloop
endfacet
facet normal 0.0 0.0 1.0
  outer loop
    vertex 3.0588190451025206 203.76592582628908 -30.100000000000012
    vertex 3.2999999999999994 201.93397459621556 -30.100000000000012
    vertex 3.2999999999999994 203.66602540378443 -30.100000000000012
  endloop
endfacet
facet normal 0.0 0.0 1.0
  outer loop
    vertex 3.2999999999999994 203.66602540378443 -30.100000000000012
    vertex 3.2999999999999994 201.93397459621556 -30.100000000000012
    vertex 3.507106781186547 202.09289321881346 -30.100000000000012
  endloop
endfacet
facet normal 0.0 0.0 1.0
  outer loop
    vertex 3.2999999999999994 203.66602540378443 -30.100000000000012
    vertex 3.507106781186547 202.09289321881346 -30.100000000000012
    vertex 3.507106781186547 203.50710678118654 -30.100000000000012
  endloop
endfacet
facet normal 0.0 0.0 1.0
  outer loop
    vertex 3.507106781186547 203.50710678118654 -30.100000000000012
    vertex 3.507106781186547 202.09289321881346 -30.100000000000012
    vertex 3.666025403784438 202.29999999999998 -30.100000000000012
  endloop
endfacet
facet normal 0.0 0.0 1.0
  outer loop
    vertex 3.507106781186547 203.50710678118654 -30.100000000000012
    vertex 3.666025403784438 202.29999999999998 -30.100000000000012
    vertex 3.666025403784438 203.3 -30.100000000000012
  endloop
endfacet
facet normal 0.0 0.0 1.0
  outer loop
    vertex 3.666025403784438 203.3 -30.100000000000012
    vertex 3.666025403784438 202.29999999999998 -30.100000000000012
    vertex 3.7659258262890685 202.54118095489747 -30.100000000000012
  endloop
endfacet
facet normal 0.0 0.0 1.0
  outer loop
    vertex 3.666025403784438 203.3 -30.100000000000012
    vertex 3.7659258262890685 202.54118095489747 -30.100000000000012
    vertex 3.7659258262890685 203.05881904510252 -30.100000000000012
  endloop
endfacet
facet normal 0.0 0.0 1.0
  outer loop
    vertex 3.7659258262890685 203.05881904510252 -30.100000000000012
    vertex 3.7659258262890685 202.54118095489747 -30.100000000000012
    vertex 3.8000000000000003 202.79999999999998 -30.100000000000012
  endloop
endfacet
facet normal 0.0 0.0 1.0
  outer loop
    vertex 1.8340741737109334 286.74118095489746 -30.1
    vertex 1.8340741737109334 287.2588190451025 -30.1
    vertex 1.8000000000000016 286.99999999999994 -30.1
  endloop
endfacet
facet normal 0.0 0.0 1.0
  outer loop
    vertex 1.8340741737109334 287.2588190451025 -30.1
    vertex 1.8340741737109334 286.74118095489746 -30.1
    vertex 1.9339745962155628 286.5 -30.1
  endloop
endfacet
facet normal 0.0 0.0 1.0
  outer loop
    vertex 1.8340741737109334 287.2588190451025 -30.1
    vertex 1.9339745962155628 286.5 -30.1
    vertex 1.9339745962155628 287.5 -30.1
  endloop
endfacet
facet normal 0.0 0.0 1.0
  outer loop
    vertex 1.9339745962155628 287.5 -30.1
    vertex 1.9339745962155628 286.5 -30.1
    vertex 2.092893218813454 286.29289321881345 -30.1
  endloop
endfacet
facet normal 0.0 0.0 1.0
  outer loop
    vertex 1.9339745962155628 287.5 -30.1
    vertex 2.092893218813454 286.29289321881345 -30.1
    vertex 2.0928932188134532 287.70710678118655 -30.1
  endloop
endfacet
facet normal 0.0 0.0 1.0
  outer loop
    vertex 2.0928932188134532 287.70710678118655 -30.1
    vertex 2.092893218813454 286.29289321881345 -30.1
    vertex 2.3 287.8660254037845 -30.1
  endloop
endfacet
facet normal 0.0 0.0 1.0
  outer loop
    vertex 2.3 287.8660254037845 -30.1
    vertex 2.092893218813454 286.29289321881345 -30.1
    vertex 2.3000000000000016 286.1339745962156 -30.1
  endloop
endfacet
facet normal 0.0 0.0 1.0
  outer loop
    vertex 2.3 287.8660254037845 -30.1
    vertex 2.3000000000000016 286.1339745962156 -30.1
    vertex 2.541180954897479 287.96592582628904 -30.1
  endloop
endfacet
facet normal 0.0 0.0 1.0
  outer loop
    vertex 2.541180954897479 287.96592582628904 -30.1
    vertex 2.3000000000000016 286.1339745962156 -30.1
    vertex 2.54118095489748 286.0340741737109 -30.1
  endloop
endfacet
facet normal 0.0 0.0 1.0
  outer loop
    vertex 2.541180954897479 287.96592582628904 -30.1
    vertex 2.54118095489748 286.0340741737109 -30.1
    vertex 2.8 288.0 -30.1
  endloop
endfacet
facet normal 0.0 0.0 1.0
  outer loop
    vertex 2.8 288.0 -30.1
    vertex 2.54118095489748 286.0340741737109 -30.1
    vertex 2.8 286.0 -30.1
  endloop
endfacet
facet normal 0.0 0.0 1.0
  outer loop
    vertex 2.8 288.0 -30.1
    vertex 2.8 286.0 -30.1
    vertex 3.0588190451025206 286.0340741737109 -30.1
  endloop
endfacet
facet normal 0.0 0.0 1.0
  outer loop
    vertex 2.8 288.0 -30.1
    vertex 3.0588190451025206 286.0340741737109 -30.1
    vertex 3.0588190451025206 287.9659258262891 -30.1
  endloop
endfacet
facet normal 0.0 0.0 1.0
  outer loop
    vertex 3.0588190451025206 287.9659258262891 -30.1
    vertex 3.0588190451025206 286.0340741737109 -30.1
    vertex 3.2999999999999994 286.1339745962156 -30.1
  endloop
endfacet
facet normal 0.0 0.0 1.0
  outer loop
    vertex 3.0588190451025206 287.9659258262891 -30.1
    vertex 3.2999999999999994 286.1339745962156 -30.1
    vertex 3.2999999999999994 287.8660254037845 -30.1
  endloop
endfacet
facet normal 0.0 0.0 1.0
  outer loop
    vertex 3.2999999999999994 287.8660254037845 -30.1
    vertex 3.2999999999999994 286.1339745962156 -30.1
    vertex 3.507106781186547 286.29289321881345 -30.1
  endloop
endfacet
facet normal 0.0 0.0 1.0
  outer loop
    vertex 3.2999999999999994 287.8660254037845 -30.1
    vertex 3.507106781186547 286.29289321881345 -30.1
    vertex 3.507106781186547 287.70710678118655 -30.1
  endloop
endfacet
facet normal 0.0 0.0 1.0
  outer loop
    vertex 3.507106781186547 287.70710678118655 -30.1
    vertex 3.507106781186547 286.29289321881345 -30.1
    vertex 3.666025403784437 286.5 -30.1
  endloop
endfacet
facet normal 0.0 0.0 1.0
  outer loop
    vertex 3.507106781186547 287.70710678118655 -30.1
    vertex 3.666025403784437 286.5 -30.1
    vertex 3.666025403784437 287.5 -30.1
  endloop
endfacet
facet normal 0.0 0.0 1.0
  outer loop
    vertex 3.666025403784437 287.5 -30.1
    vertex 3.666025403784437 286.5 -30.1
    vertex 3.7659258262890654 286.74118095489746 -30.1
  endloop
endfacet
facet normal 0.0 0.0 1.0
  outer loop
    vertex 3.666025403784437 287.5 -30.1
    vertex 3.7659258262890654 286.74118095489746 -30.1
    vertex 3.7659258262890654 287.2588190451025 -30.1
  endloop
endfacet
facet normal 0.0 0.0 1.0
  outer loop
    vertex 3.7659258262890654 287.2588190451025 -30.1
    vertex 3.7659258262890654 286.74118095489746 -30.1
    vertex 3.799999999999997 286.99999999999994 -30.1
  endloop
endfacet
facet normal 0.0 -0.8192319205190413 -0.5734623443633272
  outer loop
    vertex 82.25 292.79999999999995 -16.60000000000002
    vertex 73.24999999999999 293.49999999999994 -17.600000000000023
    vertex 82.25 293.49999999999994 -17.600000000000023
  endloop
endfacet
facet normal 0.0 -0.8192319205190413 -0.5734623443633272
  outer loop
    vertex 73.24999999999999 293.49999999999994 -17.600000000000023
    vertex 82.25 292.79999999999995 -16.60000000000002
    vertex 73.24999999999999 292.79999999999995 -16.60000000000002
  endloop
endfacet
facet normal 0.0 -1.0 0.0
  outer loop
    vertex 82.25 293.49999999999994 -17.600000000000023
    vertex 73.24999999999999 293.49999999999994 -19.60000000000002
    vertex 82.25 293.49999999999994 -19.60000000000002
  endloop
endfacet
facet normal 0.0 -1.0 0.0
  outer loop
    vertex 73.24999999999999 293.49999999999994 -19.60000000000002
    vertex 82.25 293.49999999999994 -17.600000000000023
    vertex 73.24999999999999 293.49999999999994 -17.600000000000023
  endloop
endfacet
facet normal 0.0 0.0 1.0
  outer loop
    vertex 82.25 292.79999999999995 -8.000000000000025
    vertex 73.24999999999999 294.9 -8.000000000000025
    vertex 73.24999999999999 292.79999999999995 -8.000000000000025
  endloop
endfacet
facet normal 0.0 0.0 1.0
  outer loop
    vertex 73.24999999999999 294.9 -8.000000000000025
    vertex 82.25 292.79999999999995 -8.000000000000025
    vertex 82.25 294.9 -8.000000000000025
  endloop
endfacet
facet normal 0.0 -1.0 0.0
  outer loop
    vertex 82.25 292.79999999999995 -8.000000000000025
    vertex 73.24999999999999 292.79999999999995 -16.60000000000002
    vertex 82.25 292.79999999999995 -16.60000000000002
  endloop
endfacet
facet normal 0.0 -1.0 0.0
  outer loop
    vertex 73.24999999999999 292.79999999999995 -16.60000000000002
    vertex 82.25 292.79999999999995 -8.000000000000025
    vertex 73.24999999999999 292.79999999999995 -8.000000000000025
  endloop
endfacet
facet normal 0.0 0.0 -1.0
  outer loop
    vertex 13.149999999999999 294.9 -19.600000000000005
    vertex 12.15 292.79999999999995 -19.600000000000005
    vertex 12.15 294.9 -19.600000000000005
  endloop
endfacet
facet normal 0.0 0.0 -1.0
  outer loop
    vertex 12.15 292.79999999999995 -19.600000000000005
    vertex 13.149999999999999 294.9 -19.600000000000005
    vertex 13.149999999999999 292.79999999999995 -19.600000000000005
  endloop
endfacet
facet normal 0.0 0.0 -1.0
  outer loop
    vertex 8.149999999999999 294.9 -19.6
    vertex 7.1499999999999995 292.79999999999995 -19.6
    vertex 7.1499999999999995 294.9 -19.6
  endloop
endfacet
facet normal 0.0 0.0 -1.0
  outer loop
    vertex 7.1499999999999995 292.79999999999995 -19.6
    vertex 8.149999999999999 294.9 -19.6
    vertex 8.149999999999999 292.79999999999995 -19.6
  endloop
endfacet
facet normal 0.0 0.0 -1.0
  outer loop
    vertex -1.3499999999999936 227.2 -8.899999999999999
    vertex -2.749999999999994 221.8 -8.899999999999999
    vertex -2.749999999999994 227.2 -8.899999999999999
  endloop
endfacet
facet normal 0.0 0.0 -1.0
  outer loop
    vertex -2.749999999999994 221.8 -8.899999999999999
    vertex -1.3499999999999936 227.2 -8.899999999999999
    vertex -1.3499999999999936 221.8 -8.899999999999999
  endloop
endfacet
facet normal 0.0 1.0 0.0
  outer loop
    vertex -2.749999999999994 221.8 -8.899999999999999
    vertex -1.3499999999999936 221.8 -12.3
    vertex -2.749999999999994 221.8 -12.3
  endloop
endfacet
facet normal 0.0 1.0 0.0
  outer loop
    vertex -1.3499999999999936 221.8 -12.3
    vertex -2.749999999999994 221.8 -8.899999999999999
    vertex -1.3499999999999936 221.8 -8.899999999999999
  endloop
endfacet
facet normal -1.1633711236431251e-17 4.8009500504247354e-18 -1.0
  outer loop
    vertex 9.649999999999999 292.9 -32.1
    vertex 8.149999999999999 284.2 -32.1
    vertex 8.149999999999999 292.9 -32.1
  endloop
endfacet
facet normal -1.1633711236431251e-17 4.8009500504247354e-18 -1.0
  outer loop
    vertex 12.15 292.9 -32.1
    vertex 10.649999999999997 284.2 -32.1
    vertex 10.649999999999997 292.9 -32.1
  endloop
endfacet
facet normal -1.1633711236431251e-17 4.8009500504247354e-18 -1.0
  outer loop
    vertex 14.649999999999995 292.9 -32.1
    vertex 13.149999999999999 284.2 -32.1
    vertex 13.149999999999999 292.9 -32.1
  endloop
endfacet
facet normal -1.1633711236431251e-17 4.8009500504247354e-18 -1.0
  outer loop
    vertex 17.149999999999995 292.9 -32.1
    vertex 15.65 284.2 -32.1
    vertex 15.649999999999993 292.9 -32.1
  endloop
endfacet
facet normal -1.1633711236431251e-17 4.8009500504247354e-18 -1.0
  outer loop
    vertex 93.25 292.9 -32.1
    vertex 18.150000000000002 284.2 -32.1
    vertex 18.150000000000002 292.9 -32.1
  endloop
endfacet
facet normal -1.1633711236431251e-17 4.8009500504247354e-18 -1.0
  outer loop
    vertex 7.1499999999999995 292.9 -32.099999999999994
    vertex -1.4499999999999929 198.2 -32.1
    vertex -1.4499999999999937 292.9 -32.099999999999994
  endloop
endfacet
facet normal -1.1633711236431251e-17 4.8009500504247354e-18 -1.0
  outer loop
    vertex -1.4499999999999929 198.2 -32.1
    vertex 7.1499999999999995 292.9 -32.099999999999994
    vertex 7.1499999999999995 284.2 -32.1
  endloop
endfacet
facet normal -1.1633711236431251e-17 4.8009500504247354e-18 -1.0
  outer loop
    vertex -1.4499999999999929 198.2 -32.1
    vertex 7.1499999999999995 284.2 -32.1
    vertex 93.25 198.2 -32.1
  endloop
endfacet
facet normal -1.1633711236431251e-17 4.8009500504247354e-18 -1.0
  outer loop
    vertex 93.25 198.2 -32.1
    vertex 7.1499999999999995 284.2 -32.1
    vertex 8.149999999999999 284.2 -32.1
  endloop
endfacet
facet normal -1.1633711236431251e-17 4.8009500504247354e-18 -1.0
  outer loop
    vertex 93.25 198.2 -32.1
    vertex 8.149999999999999 284.2 -32.1
    vertex 9.649999999999999 284.2 -32.1
  endloop
endfacet
facet normal -1.1633711236431251e-17 4.8009500504247354e-18 -1.0
  outer loop
    vertex 9.649999999999999 284.2 -32.1
    vertex 8.149999999999999 284.2 -32.1
    vertex 9.649999999999999 292.9 -32.1
  endloop
endfacet
facet normal -1.1633711236431251e-17 4.8009500504247354e-18 -1.0
  outer loop
    vertex 93.25 198.2 -32.1
    vertex 9.649999999999999 284.2 -32.1
    vertex 10.649999999999997 284.2 -32.1
  endloop
endfacet
facet normal -1.1633711236431251e-17 4.8009500504247354e-18 -1.0
  outer loop
    vertex 93.25 198.2 -32.1
    vertex 10.649999999999997 284.2 -32.1
    vertex 12.15 284.2 -32.1
  endloop
endfacet
facet normal -1.1633711236431251e-17 4.8009500504247354e-18 -1.0
  outer loop
    vertex 12.15 284.2 -32.1
    vertex 10.649999999999997 284.2 -32.1
    vertex 12.15 292.9 -32.1
  endloop
endfacet
facet normal -1.1633711236431251e-17 4.8009500504247354e-18 -1.0
  outer loop
    vertex 93.25 198.2 -32.1
    vertex 12.15 284.2 -32.1
    vertex 13.149999999999999 284.2 -32.1
  endloop
endfacet
facet normal -1.1633711236431251e-17 4.8009500504247354e-18 -1.0
  outer loop
    vertex 93.25 198.2 -32.1
    vertex 13.149999999999999 284.2 -32.1
    vertex 14.649999999999995 284.2 -32.1
  endloop
endfacet
facet normal -1.1633711236431251e-17 4.8009500504247354e-18 -1.0
  outer loop
    vertex 14.649999999999995 284.2 -32.1
    vertex 13.149999999999999 284.2 -32.1
    vertex 14.649999999999995 292.9 -32.1
  endloop
endfacet
facet normal -1.1633711236431251e-17 4.8009500504247354e-18 -1.0
  outer loop
    vertex 93.25 198.2 -32.1
    vertex 14.649999999999995 284.2 -32.1
    vertex 15.65 284.2 -32.1
  endloop
endfacet
facet normal -1.1633711236431251e-17 4.8009500504247354e-18 -1.0
  outer loop
    vertex 93.25 198.2 -32.1
    vertex 15.65 284.2 -32.1
    vertex 17.149999999999995 284.2 -32.1
  endloop
endfacet
facet normal -1.1633711236431251e-17 4.8009500504247354e-18 -1.0
  outer loop
    vertex 17.149999999999995 284.2 -32.1
    vertex 15.65 284.2 -32.1
    vertex 17.149999999999995 292.9 -32.1
  endloop
endfacet
facet normal -1.1633711236431251e-17 4.8009500504247354e-18 -1.0
  outer loop
    vertex 93.25 198.2 -32.1
    vertex 17.149999999999995 284.2 -32.1
    vertex 18.150000000000002 284.2 -32.1
  endloop
endfacet
facet normal -1.1633711236431251e-17 4.8009500504247354e-18 -1.0
  outer loop
    vertex 93.25 198.2 -32.1
    vertex 18.150000000000002 284.2 -32.1
    vertex 93.25 292.9 -32.1
  endloop
endfacet
facet normal 1.0 0.0 0.0
  outer loop
    vertex 6.099999999999993 290.79999999999995 -30.1
    vertex 6.099999999999993 286.99999999999994 -17.60000000000001
    vertex 6.099999999999993 286.99999999999994 -30.1
  endloop
endfacet
facet normal 1.0 0.0 0.0
  outer loop
    vertex 6.099999999999993 286.99999999999994 -17.60000000000001
    vertex 6.099999999999993 290.79999999999995 -30.1
    vertex 6.099999999999993 292.79999999999995 -17.60000000000001
  endloop
endfacet
facet normal 1.0 0.0 0.0
  outer loop
    vertex 6.099999999999993 292.79999999999995 -17.60000000000001
    vertex 6.099999999999993 290.79999999999995 -30.1
    vertex 6.099999999999993 292.79999999999995 -28.099999999999998
  endloop
endfacet
facet normal 0.0 0.0 1.0
  outer loop
    vertex -1.3499999999999936 221.8 -12.3
    vertex -2.749999999999994 227.2 -12.3
    vertex -2.749999999999994 221.8 -12.3
  endloop
endfacet
facet normal 0.0 0.0 1.0
  outer loop
    vertex -2.749999999999994 227.2 -12.3
    vertex -1.3499999999999936 221.8 -12.3
    vertex -1.3499999999999936 227.2 -12.3
  endloop
endfacet
facet normal 0.0 -1.0 0.0
  outer loop
    vertex -1.3499999999999936 227.2 -8.899999999999999
    vertex -2.749999999999994 227.2 -12.3
    vertex -1.3499999999999936 227.2 -12.3
  endloop
endfacet
facet normal 0.0 -1.0 0.0
  outer loop
    vertex -2.749999999999994 227.2 -12.3
    vertex -1.3499999999999936 227.2 -8.899999999999999
    vertex -2.749999999999994 227.2 -8.899999999999999
  endloop
endfacet
facet normal 0.0 0.0 -1.0
  outer loop
    vertex 94.55 261.29999999999995 -20.1
    vertex 93.14999999999999 252.29999999999995 -20.1
    vertex 93.14999999999999 261.29999999999995 -20.1
  endloop
endfacet
facet normal 0.0 0.0 -1.0
  outer loop
    vertex 93.14999999999999 252.29999999999995 -20.1
    vertex 94.55 261.29999999999995 -20.1
    vertex 94.55 252.29999999999995 -20.1
  endloop
endfacet
facet normal 0.0 0.0 -1.0
  outer loop
    vertex 18.150000000000002 294.9 -19.600000000000005
    vertex 17.149999999999995 292.79999999999995 -19.600000000000005
    vertex 17.149999999999995 294.9 -19.600000000000005
  endloop
endfacet
facet normal 0.0 0.0 -1.0
  outer loop
    vertex 17.149999999999995 292.79999999999995 -19.600000000000005
    vertex 18.150000000000002 294.9 -19.600000000000005
    vertex 18.150000000000002 292.79999999999995 -19.600000000000005
  endloop
endfacet
facet normal 0.0 0.0 -1.0
  outer loop
    vertex 10.649999999999997 294.9 -19.600000000000005
    vertex 9.649999999999999 292.79999999999995 -19.600000000000005
    vertex 9.649999999999999 294.9 -19.600000000000005
  endloop
endfacet
facet normal 0.0 0.0 -1.0
  outer loop
    vertex 9.649999999999999 292.79999999999995 -19.600000000000005
    vertex 10.649999999999997 294.9 -19.600000000000005
    vertex 10.649999999999997 292.79999999999995 -19.600000000000005
  endloop
endfacet
facet normal 0.0 0.8944271909999161 0.44721359549995804
  outer loop
    vertex 73.24999999999999 294.9 -8.000000000000025
    vertex 80.25 295.8999999999999 -10.000000000000021
    vertex 75.24999999999999 295.8999999999999 -10.000000000000021
  endloop
endfacet
facet normal 0.0 0.8944271909999161 0.44721359549995804
  outer loop
    vertex 80.25 295.8999999999999 -10.000000000000021
    vertex 73.24999999999999 294.9 -8.000000000000025
    vertex 82.25 294.9 -8.000000000000025
  endloop
endfacet
facet normal 0.0 0.0 -1.0
  outer loop
    vertex 15.65 294.9 -19.600000000000005
    vertex 14.649999999999995 292.79999999999995 -19.600000000000005
    vertex 14.649999999999995 294.9 -19.600000000000005
  endloop
endfacet
facet normal 0.0 0.0 -1.0
  outer loop
    vertex 14.649999999999995 292.79999999999995 -19.600000000000005
    vertex 15.65 294.9 -19.600000000000005
    vertex 15.65 292.79999999999995 -19.600000000000005
  endloop
endfacet
facet normal 0.38268343236508995 -0.9238795325112867 0.0
  outer loop
    vertex 4.45 284.14211616751135 -17.60000000000001
    vertex 3.654102848838322 283.8124447732461 -30.1
    vertex 4.45 284.14211616751135 -30.1
  endloop
endfacet
facet normal 0.38268343236508995 -0.9238795325112867 0.0
  outer loop
    vertex 3.654102848838322 283.8124447732461 -30.1
    vertex 4.45 284.14211616751135 -17.60000000000001
    vertex 3.654102848838322 283.8124447732461 -17.60000000000001
  endloop
endfacet
facet normal 0.9238795325112876 -0.38268343236508806 0.0
  outer loop
    vertex 5.987555226753919 286.1458971511617 -30.1
    vertex 5.657883832488643 285.34999999999997 -17.60000000000001
    vertex 5.657883832488643 285.34999999999997 -30.1
  endloop
endfacet
facet normal 0.9238795325112876 -0.38268343236508806 0.0
  outer loop
    vertex 5.657883832488643 285.34999999999997 -17.60000000000001
    vertex 5.987555226753919 286.1458971511617 -30.1
    vertex 5.987555226753919 286.1458971511617 -17.60000000000001
  endloop
endfacet
facet normal 0.9914448613738106 -0.13052619222005132 0.0
  outer loop
    vertex 6.099999999999993 286.99999999999994 -30.1
    vertex 5.987555226753919 286.1458971511617 -17.60000000000001
    vertex 5.987555226753919 286.1458971511617 -30.1
  endloop
endfacet
facet normal 0.9914448613738106 -0.13052619222005132 0.0
  outer loop
    vertex 5.987555226753919 286.1458971511617 -17.60000000000001
    vertex 6.099999999999993 286.99999999999994 -30.1
    vertex 6.099999999999993 286.99999999999994 -17.60000000000001
  endloop
endfacet
facet normal 0.0 1.0 0.0
  outer loop
    vertex 93.14999999999999 251.79999999999995 -20.599999999999998
    vertex 94.55 251.79999999999995 -23.599999999999998
    vertex 93.14999999999999 251.79999999999995 -23.599999999999998
  endloop
endfacet
facet normal 0.0 1.0 0.0
  outer loop
    vertex 94.55 251.79999999999995 -23.599999999999998
    vertex 93.14999999999999 251.79999999999995 -20.599999999999998
    vertex 94.55 251.79999999999995 -20.599999999999998
  endloop
endfacet
facet normal 0.0 0.0 1.0
  outer loop
    vertex 94.55 252.29999999999995 -24.099999999999998
    vertex 93.14999999999999 261.29999999999995 -24.099999999999998
    vertex 93.14999999999999 252.29999999999995 -24.099999999999998
  endloop
endfacet
facet normal 0.0 0.0 1.0
  outer loop
    vertex 93.14999999999999 261.29999999999995 -24.099999999999998
    vertex 94.55 252.29999999999995 -24.099999999999998
    vertex 94.55 261.29999999999995 -24.099999999999998
  endloop
endfacet
facet normal 0.0 -1.0 0.0
  outer loop
    vertex 94.55 261.79999999999995 -20.599999999999998
    vertex 93.14999999999999 261.79999999999995 -23.599999999999998
    vertex 94.55 261.79999999999995 -23.599999999999998
  endloop
endfacet
facet normal 0.0 -1.0 0.0
  outer loop
    vertex 93.14999999999999 261.79999999999995 -23.599999999999998
    vertex 94.55 261.79999999999995 -20.599999999999998
    vertex 93.14999999999999 261.79999999999995 -20.599999999999998
  endloop
endfacet
facet normal 0.9914448613738105 0.13052619222005107 0.0
  outer loop
    vertex 5.9875552267539245 203.6541028488383 -30.1
    vertex 6.099999999999999 202.79999999999998 -17.59999999999999
    vertex 6.099999999999999 202.79999999999998 -30.1
  endloop
endfacet
facet normal 0.9914448613738105 0.13052619222005107 0.0
  outer loop
    vertex 6.099999999999999 202.79999999999998 -17.59999999999999
    vertex 5.9875552267539245 203.6541028488383 -30.1
    vertex 5.9875552267539245 203.6541028488383 -17.59999999999999
  endloop
endfacet
facet normal -1.0 0.0 0.0
  outer loop
    vertex 85.70000000000002 292.79999999999995 -17.600000000000037
    vertex 85.70000000000002 286.99999999999994 -30.1
    vertex 85.70000000000002 286.99999999999994 -17.600000000000037
  endloop
endfacet
facet normal -1.0 0.0 0.0
  outer loop
    vertex 85.70000000000002 286.99999999999994 -30.1
    vertex 85.70000000000002 292.79999999999995 -17.600000000000037
    vertex 85.70000000000002 290.79999999999995 -30.1
  endloop
endfacet
facet normal -1.0 0.0 0.0
  outer loop
    vertex 85.70000000000002 290.79999999999995 -30.1
    vertex 85.70000000000002 292.79999999999995 -17.600000000000037
    vertex 85.70000000000002 292.79999999999995 -28.099999999999998
  endloop
endfacet
facet normal 0.0 1.0 0.0
  outer loop
    vertex -1.349999999999994 206.1 -28.099999999999998
    vertex 2.8 206.1 -30.1
    vertex 0.6500000000000059 206.1 -30.1
  endloop
endfacet
facet normal 0.0 1.0 0.0
  outer loop
    vertex 2.8 206.1 -30.1
    vertex -1.349999999999994 206.1 -28.099999999999998
    vertex 2.8 206.1 -17.59999999999999
  endloop
endfacet
facet normal 0.0 1.0 0.0
  outer loop
    vertex 2.8 206.1 -17.59999999999999
    vertex -1.349999999999994 206.1 -28.099999999999998
    vertex -1.349999999999994 206.1 -17.59999999999999
  endloop
endfacet
facet normal 0.3826834323650888 0.9238795325112872 0.0
  outer loop
    vertex 3.654102848838318 205.98755522675393 -17.59999999999999
    vertex 4.449999999999999 205.65788383248866 -30.1
    vertex 3.654102848838318 205.98755522675393 -30.1
  endloop
endfacet
facet normal 0.3826834323650888 0.9238795325112872 0.0
  outer loop
    vertex 4.449999999999999 205.65788383248866 -30.1
    vertex 3.654102848838318 205.98755522675393 -17.59999999999999
    vertex 4.449999999999999 205.65788383248866 -17.59999999999999
  endloop
endfacet
facet normal 0.0 -1.0 0.0
  outer loop
    vertex 93.14999999999999 283.7 -28.099999999999998
    vertex 89.0 283.7 -30.1
    vertex 91.15 283.7 -30.1
  endloop
endfacet
facet normal 0.0 -1.0 0.0
  outer loop
    vertex 89.0 283.7 -30.1
    vertex 93.14999999999999 283.7 -28.099999999999998
    vertex 89.0 283.7 -17.600000000000037
  endloop
endfacet
facet normal 0.0 -1.0 0.0
  outer loop
    vertex 89.0 283.7 -17.600000000000037
    vertex 93.14999999999999 283.7 -28.099999999999998
    vertex 93.14999999999999 283.7 -17.600000000000037
  endloop
endfacet
facet normal -0.13052619222004486 -0.9914448613738113 0.0
  outer loop
    vertex 89.0 283.7 -17.600000000000037
    vertex 88.14589715116169 283.81244477324606 -30.1
    vertex 89.0 283.7 -30.1
  endloop
endfacet
facet normal -0.13052619222004486 -0.9914448613738113 0.0
  outer loop
    vertex 88.14589715116169 283.81244477324606 -30.1
    vertex 89.0 283.7 -17.600000000000037
    vertex 88.14589715116169 283.81244477324606 -17.600000000000037
  endloop
endfacet
facet normal -0.6087614290087099 -0.7933533402912435 0.0
  outer loop
    vertex 87.35000000000001 284.14211616751135 -17.600000000000037
    vertex 86.6665476220844 284.6665476220844 -30.1
    vertex 87.35000000000001 284.14211616751135 -30.1
  endloop
endfacet
facet normal -0.6087614290087099 -0.7933533402912435 0.0
  outer loop
    vertex 86.6665476220844 284.6665476220844 -30.1
    vertex 87.35000000000001 284.14211616751135 -17.600000000000037
    vertex 86.6665476220844 284.6665476220844 -17.600000000000037
  endloop
endfacet
facet normal 0.13052619222005699 -0.9914448613738097 0.0
  outer loop
    vertex 3.654102848838322 283.8124447732461 -17.60000000000001
    vertex 2.8 283.7 -30.1
    vertex 3.654102848838322 283.8124447732461 -30.1
  endloop
endfacet
facet normal 0.13052619222005699 -0.9914448613738097 0.0
  outer loop
    vertex 2.8 283.7 -30.1
    vertex 3.654102848838322 283.8124447732461 -17.60000000000001
    vertex 2.8 283.7 -17.60000000000001
  endloop
endfacet
facet normal 0.0 0.0 1.0
  outer loop
    vertex -1.3499999999999936 198.29999999999998 -17.59999999999999
    vertex 1.64088900845312 202.48941714587698 -17.600000000000012
    vertex 1.600000000000002 202.79999999999998 -17.600000000000012
  endloop
endfacet
facet normal 0.0 0.0 1.0
  outer loop
    vertex 1.64088900845312 202.48941714587698 -17.600000000000012
    vertex -1.3499999999999936 198.29999999999998 -17.59999999999999
    vertex 1.7607695154586758 202.2 -17.600000000000012
  endloop
endfacet
facet normal 0.0 0.0 1.0
  outer loop
    vertex 1.7607695154586758 202.2 -17.600000000000012
    vertex -1.3499999999999936 198.29999999999998 -17.59999999999999
    vertex 1.9514718625761447 201.9514718625761 -17.600000000000012
  endloop
endfacet
facet normal 0.0 0.0 1.0
  outer loop
    vertex 1.9514718625761447 201.9514718625761 -17.600000000000012
    vertex -1.3499999999999936 198.29999999999998 -17.59999999999999
    vertex 6.099999999999997 198.29999999999998 -17.59999999999999
  endloop
endfacet
facet normal 0.0 0.0 1.0
  outer loop
    vertex 1.9514718625761447 201.9514718625761 -17.600000000000012
    vertex 6.099999999999997 198.29999999999998 -17.59999999999999
    vertex 2.2000000000000015 201.76076951545866 -17.600000000000012
  endloop
endfacet
facet normal 0.0 0.0 1.0
  outer loop
    vertex 2.2000000000000015 201.76076951545866 -17.600000000000012
    vertex 6.099999999999997 198.29999999999998 -17.59999999999999
    vertex 2.489417145876976 201.64088900845312 -17.600000000000012
  endloop
endfacet
facet normal 0.0 0.0 1.0
  outer loop
    vertex 2.489417145876976 201.64088900845312 -17.600000000000012
    vertex 6.099999999999997 198.29999999999998 -17.59999999999999
    vertex 2.8 201.6 -17.600000000000012
  endloop
endfacet
facet normal 0.0 0.0 1.0
  outer loop
    vertex 2.8 201.6 -17.600000000000012
    vertex 6.099999999999997 198.29999999999998 -17.59999999999999
    vertex 3.1105828541230243 201.64088900845312 -17.600000000000012
  endloop
endfacet
facet normal 0.0 0.0 1.0
  outer loop
    vertex 3.1105828541230243 201.64088900845312 -17.600000000000012
    vertex 6.099999999999997 198.29999999999998 -17.59999999999999
    vertex 3.3999999999999995 201.76076951545866 -17.600000000000012
  endloop
endfacet
facet normal 0.0 0.0 1.0
  outer loop
    vertex 3.3999999999999995 201.76076951545866 -17.600000000000012
    vertex 6.099999999999997 198.29999999999998 -17.59999999999999
    vertex 3.6485281374238556 201.9514718625761 -17.600000000000012
  endloop
endfacet
facet normal 0.0 0.0 1.0
  outer loop
    vertex 3.6485281374238556 201.9514718625761 -17.600000000000012
    vertex 6.099999999999997 198.29999999999998 -17.59999999999999
    vertex 3.8392304845413254 202.2 -17.600000000000012
  endloop
endfacet
facet normal 0.0 0.0 1.0
  outer loop
    vertex 3.8392304845413254 202.2 -17.600000000000012
    vertex 6.099999999999997 198.29999999999998 -17.59999999999999
    vertex 3.9591109915468796 202.48941714587698 -17.600000000000012
  endloop
endfacet
facet normal 0.0 0.0 1.0
  outer loop
    vertex 3.9591109915468796 202.48941714587698 -17.600000000000012
    vertex 6.099999999999997 198.29999999999998 -17.59999999999999
    vertex 3.9999999999999982 202.79999999999998 -17.600000000000012
  endloop
endfacet
facet normal 0.0 0.0 1.0
  outer loop
    vertex 3.9999999999999982 202.79999999999998 -17.600000000000012
    vertex 6.099999999999997 198.29999999999998 -17.59999999999999
    vertex 4.449999999999999 205.65788383248866 -17.59999999999999
  endloop
endfacet
facet normal 0.0 0.0 1.0
  outer loop
    vertex 4.449999999999999 205.65788383248866 -17.59999999999999
    vertex 6.099999999999997 198.29999999999998 -17.59999999999999
    vertex 5.133452377915607 205.1334523779156 -17.59999999999999
  endloop
endfacet
facet normal 0.0 0.0 1.0
  outer loop
    vertex 5.133452377915607 205.1334523779156 -17.59999999999999
    vertex 6.099999999999997 198.29999999999998 -17.59999999999999
    vertex 5.657883832488646 204.45000000000002 -17.59999999999999
  endloop
endfacet
facet normal 0.0 0.0 1.0
  outer loop
    vertex 5.657883832488646 204.45000000000002 -17.59999999999999
    vertex 6.099999999999997 198.29999999999998 -17.59999999999999
    vertex 5.9875552267539245 203.6541028488383 -17.59999999999999
  endloop
endfacet
facet normal 0.0 0.0 1.0
  outer loop
    vertex 5.9875552267539245 203.6541028488383 -17.59999999999999
    vertex 6.099999999999997 198.29999999999998 -17.59999999999999
    vertex 6.099999999999999 202.79999999999998 -17.59999999999999
  endloop
endfacet
facet normal 0.0 0.0 1.0
  outer loop
    vertex -1.3499999999999936 198.29999999999998 -17.59999999999999
    vertex 2.8 206.1 -17.59999999999999
    vertex -1.349999999999994 206.1 -17.59999999999999
  endloop
endfacet
facet normal 0.0 0.0 1.0
  outer loop
    vertex 2.8 206.1 -17.59999999999999
    vertex -1.3499999999999936 198.29999999999998 -17.59999999999999
    vertex 1.64088900845312 203.110582854123 -17.600000000000012
  endloop
endfacet
facet normal 0.0 0.0 1.0
  outer loop
    vertex 1.64088900845312 203.110582854123 -17.600000000000012
    vertex -1.3499999999999936 198.29999999999998 -17.59999999999999
    vertex 1.600000000000002 202.79999999999998 -17.600000000000012
  endloop
endfacet
facet normal 0.0 0.0 1.0
  outer loop
    vertex 2.8 206.1 -17.59999999999999
    vertex 1.64088900845312 203.110582854123 -17.600000000000012
    vertex 1.760769515458675 203.39999999999998 -17.600000000000012
  endloop
endfacet
facet normal 0.0 0.0 1.0
  outer loop
    vertex 2.8 206.1 -17.59999999999999
    vertex 1.760769515458675 203.39999999999998 -17.600000000000012
    vertex 1.9514718625761438 203.64852813742382 -17.600000000000012
  endloop
endfacet
facet normal 0.0 0.0 1.0
  outer loop
    vertex 2.8 206.1 -17.59999999999999
    vertex 1.9514718625761438 203.64852813742382 -17.600000000000012
    vertex 2.2 203.8392304845413 -17.600000000000012
  endloop
endfacet
facet normal 0.0 0.0 1.0
  outer loop
    vertex 2.8 206.1 -17.59999999999999
    vertex 2.2 203.8392304845413 -17.600000000000012
    vertex 2.4894171458769745 203.95911099154688 -17.600000000000012
  endloop
endfacet
facet normal 0.0 0.0 1.0
  outer loop
    vertex 2.8 206.1 -17.59999999999999
    vertex 2.4894171458769745 203.95911099154688 -17.600000000000012
    vertex 2.8 204.0 -17.600000000000012
  endloop
endfacet
facet normal 0.0 0.0 1.0
  outer loop
    vertex 2.8 206.1 -17.59999999999999
    vertex 2.8 204.0 -17.600000000000012
    vertex 3.1105828541230243 203.95911099154688 -17.600000000000012
  endloop
endfacet
facet normal 0.0 0.0 1.0
  outer loop
    vertex 2.8 206.1 -17.59999999999999
    vertex 3.1105828541230243 203.95911099154688 -17.600000000000012
    vertex 3.654102848838318 205.98755522675393 -17.59999999999999
  endloop
endfacet
facet normal 0.0 0.0 1.0
  outer loop
    vertex 3.654102848838318 205.98755522675393 -17.59999999999999
    vertex 3.1105828541230243 203.95911099154688 -17.600000000000012
    vertex 3.3999999999999995 203.8392304845413 -17.600000000000012
  endloop
endfacet
facet normal 0.0 0.0 1.0
  outer loop
    vertex 3.654102848838318 205.98755522675393 -17.59999999999999
    vertex 3.3999999999999995 203.8392304845413 -17.600000000000012
    vertex 3.6485281374238556 203.64852813742382 -17.600000000000012
  endloop
endfacet
facet normal 0.0 0.0 1.0
  outer loop
    vertex 3.654102848838318 205.98755522675393 -17.59999999999999
    vertex 3.6485281374238556 203.64852813742382 -17.600000000000012
    vertex 3.8392304845413237 203.39999999999998 -17.600000000000012
  endloop
endfacet
facet normal 0.0 0.0 1.0
  outer loop
    vertex 3.654102848838318 205.98755522675393 -17.59999999999999
    vertex 3.8392304845413237 203.39999999999998 -17.600000000000012
    vertex 4.449999999999999 205.65788383248866 -17.59999999999999
  endloop
endfacet
facet normal 0.0 0.0 1.0
  outer loop
    vertex 4.449999999999999 205.65788383248866 -17.59999999999999
    vertex 3.8392304845413237 203.39999999999998 -17.600000000000012
    vertex 3.9591109915468796 203.110582854123 -17.600000000000012
  endloop
endfacet
facet normal 0.0 0.0 1.0
  outer loop
    vertex 4.449999999999999 205.65788383248866 -17.59999999999999
    vertex 3.9591109915468796 203.110582854123 -17.600000000000012
    vertex 3.9999999999999982 202.79999999999998 -17.600000000000012
  endloop
endfacet
facet normal -0.3826834323651005 -0.9238795325112823 0.0
  outer loop
    vertex 88.14589715116169 283.81244477324606 -17.600000000000037
    vertex 87.35000000000001 284.14211616751135 -30.1
    vertex 88.14589715116169 283.81244477324606 -30.1
  endloop
endfacet
facet normal -0.3826834323651005 -0.9238795325112823 0.0
  outer loop
    vertex 87.35000000000001 284.14211616751135 -30.1
    vertex 88.14589715116169 283.81244477324606 -17.600000000000037
    vertex 87.35000000000001 284.14211616751135 -17.600000000000037
  endloop
endfacet
facet normal 0.0 0.0 1.0
  outer loop
    vertex 88.14589715116169 283.81244477324606 -17.600000000000037
    vertex 87.80000000000001 286.99999999999994 -17.600000000000048
    vertex 87.35000000000001 284.14211616751135 -17.600000000000037
  endloop
endfacet
facet normal 0.0 0.0 1.0
  outer loop
    vertex 87.80000000000001 286.99999999999994 -17.600000000000048
    vertex 88.14589715116169 283.81244477324606 -17.600000000000037
    vertex 87.84088900845312 286.6894171458769 -17.600000000000048
  endloop
endfacet
facet normal 0.0 0.0 1.0
  outer loop
    vertex 87.84088900845312 286.6894171458769 -17.600000000000048
    vertex 88.14589715116169 283.81244477324606 -17.600000000000037
    vertex 87.96076951545868 286.4 -17.600000000000048
  endloop
endfacet
facet normal 0.0 0.0 1.0
  outer loop
    vertex 87.96076951545868 286.4 -17.600000000000048
    vertex 88.14589715116169 283.81244477324606 -17.600000000000037
    vertex 88.15147186257616 286.1514718625761 -17.600000000000048
  endloop
endfacet
facet normal 0.0 0.0 1.0
  outer loop
    vertex 88.15147186257616 286.1514718625761 -17.600000000000048
    vertex 88.14589715116169 283.81244477324606 -17.600000000000037
    vertex 89.0 283.7 -17.600000000000037
  endloop
endfacet
facet normal 0.0 0.0 1.0
  outer loop
    vertex 88.15147186257616 286.1514718625761 -17.600000000000048
    vertex 89.0 283.7 -17.600000000000037
    vertex 88.4 285.96076951545865 -17.600000000000048
  endloop
endfacet
facet normal 0.0 0.0 1.0
  outer loop
    vertex 88.4 285.96076951545865 -17.600000000000048
    vertex 89.0 283.7 -17.600000000000037
    vertex 88.68941714587699 285.8408890084531 -17.600000000000048
  endloop
endfacet
facet normal 0.0 0.0 1.0
  outer loop
    vertex 88.68941714587699 285.8408890084531 -17.600000000000048
    vertex 89.0 283.7 -17.600000000000037
    vertex 89.0 285.79999999999995 -17.600000000000048
  endloop
endfacet
facet normal 0.0 0.0 1.0
  outer loop
    vertex 89.0 285.79999999999995 -17.600000000000048
    vertex 89.0 283.7 -17.600000000000037
    vertex 93.14999999999999 283.7 -17.600000000000037
  endloop
endfacet
facet normal 0.0 0.0 1.0
  outer loop
    vertex 89.0 285.79999999999995 -17.600000000000048
    vertex 93.14999999999999 283.7 -17.600000000000037
    vertex 89.31058285412304 285.8408890084531 -17.600000000000048
  endloop
endfacet
facet normal 0.0 0.0 1.0
  outer loop
    vertex 89.31058285412304 285.8408890084531 -17.600000000000048
    vertex 93.14999999999999 283.7 -17.600000000000037
    vertex 89.60000000000001 285.96076951545865 -17.600000000000048
  endloop
endfacet
facet normal 0.0 0.0 1.0
  outer loop
    vertex 89.60000000000001 285.96076951545865 -17.600000000000048
    vertex 93.14999999999999 283.7 -17.600000000000037
    vertex 89.84852813742386 286.1514718625761 -17.600000000000048
  endloop
endfacet
facet normal 0.0 0.0 1.0
  outer loop
    vertex 89.84852813742386 286.1514718625761 -17.600000000000048
    vertex 93.14999999999999 283.7 -17.600000000000037
    vertex 90.03923048454133 286.4 -17.600000000000048
  endloop
endfacet
facet normal 0.0 0.0 1.0
  outer loop
    vertex 90.03923048454133 286.4 -17.600000000000048
    vertex 93.14999999999999 283.7 -17.600000000000037
    vertex 90.15911099154688 286.6894171458769 -17.600000000000048
  endloop
endfacet
facet normal 0.0 0.0 1.0
  outer loop
    vertex 90.15911099154688 286.6894171458769 -17.600000000000048
    vertex 93.14999999999999 283.7 -17.600000000000037
    vertex 90.2 286.99999999999994 -17.600000000000048
  endloop
endfacet
facet normal 0.0 0.0 1.0
  outer loop
    vertex 85.81244477324609 286.1458971511617 -17.600000000000037
    vertex 85.70000000000002 292.79999999999995 -17.600000000000037
    vertex 85.70000000000002 286.99999999999994 -17.600000000000037
  endloop
endfacet
facet normal 0.0 0.0 1.0
  outer loop
    vertex 85.70000000000002 292.79999999999995 -17.600000000000037
    vertex 85.81244477324609 286.1458971511617 -17.600000000000037
    vertex 93.14999999999999 292.79999999999995 -17.600000000000037
  endloop
endfacet
facet normal 0.0 0.0 1.0
  outer loop
    vertex 93.14999999999999 292.79999999999995 -17.600000000000037
    vertex 85.81244477324609 286.1458971511617 -17.600000000000037
    vertex 88.15147186257616 287.8485281374238 -17.600000000000048
  endloop
endfacet
facet normal 0.0 0.0 1.0
  outer loop
    vertex 88.15147186257616 287.8485281374238 -17.600000000000048
    vertex 85.81244477324609 286.1458971511617 -17.600000000000037
    vertex 86.14211616751138 285.34999999999997 -17.600000000000037
  endloop
endfacet
facet normal 0.0 0.0 1.0
  outer loop
    vertex 88.15147186257616 287.8485281374238 -17.600000000000048
    vertex 86.14211616751138 285.34999999999997 -17.600000000000037
    vertex 87.96076951545868 287.59999999999997 -17.600000000000048
  endloop
endfacet
facet normal 0.0 0.0 1.0
  outer loop
    vertex 87.96076951545868 287.59999999999997 -17.600000000000048
    vertex 86.14211616751138 285.34999999999997 -17.600000000000037
    vertex 86.6665476220844 284.6665476220844 -17.600000000000037
  endloop
endfacet
facet normal 0.0 0.0 1.0
  outer loop
    vertex 87.96076951545868 287.59999999999997 -17.600000000000048
    vertex 86.6665476220844 284.6665476220844 -17.600000000000037
    vertex 87.84088900845312 287.310582854123 -17.600000000000048
  endloop
endfacet
facet normal 0.0 0.0 1.0
  outer loop
    vertex 87.84088900845312 287.310582854123 -17.600000000000048
    vertex 86.6665476220844 284.6665476220844 -17.600000000000037
    vertex 87.35000000000001 284.14211616751135 -17.600000000000037
  endloop
endfacet
facet normal 0.0 0.0 1.0
  outer loop
    vertex 87.84088900845312 287.310582854123 -17.600000000000048
    vertex 87.35000000000001 284.14211616751135 -17.600000000000037
    vertex 87.80000000000001 286.99999999999994 -17.600000000000048
  endloop
endfacet
facet normal 0.0 0.0 1.0
  outer loop
    vertex 93.14999999999999 292.79999999999995 -17.600000000000037
    vertex 88.15147186257616 287.8485281374238 -17.600000000000048
    vertex 88.4 288.0392304845413 -17.600000000000048
  endloop
endfacet
facet normal 0.0 0.0 1.0
  outer loop
    vertex 93.14999999999999 292.79999999999995 -17.600000000000037
    vertex 88.4 288.0392304845413 -17.600000000000048
    vertex 88.68941714587697 288.15911099154687 -17.600000000000048
  endloop
endfacet
facet normal 0.0 0.0 1.0
  outer loop
    vertex 93.14999999999999 292.79999999999995 -17.600000000000037
    vertex 88.68941714587697 288.15911099154687 -17.600000000000048
    vertex 89.0 288.2 -17.600000000000048
  endloop
endfacet
facet normal 0.0 0.0 1.0
  outer loop
    vertex 93.14999999999999 292.79999999999995 -17.600000000000037
    vertex 89.0 288.2 -17.600000000000048
    vertex 89.31058285412304 288.15911099154687 -17.600000000000048
  endloop
endfacet
facet normal 0.0 0.0 1.0
  outer loop
    vertex 93.14999999999999 292.79999999999995 -17.600000000000037
    vertex 89.31058285412304 288.15911099154687 -17.600000000000048
    vertex 89.60000000000001 288.0392304845413 -17.600000000000048
  endloop
endfacet
facet normal 0.0 0.0 1.0
  outer loop
    vertex 93.14999999999999 292.79999999999995 -17.600000000000037
    vertex 89.60000000000001 288.0392304845413 -17.600000000000048
    vertex 89.84852813742386 287.8485281374238 -17.600000000000048
  endloop
endfacet
facet normal 0.0 0.0 1.0
  outer loop
    vertex 93.14999999999999 292.79999999999995 -17.600000000000037
    vertex 89.84852813742386 287.8485281374238 -17.600000000000048
    vertex 90.03923048454133 287.59999999999997 -17.600000000000048
  endloop
endfacet
facet normal 0.0 0.0 1.0
  outer loop
    vertex 93.14999999999999 292.79999999999995 -17.600000000000037
    vertex 90.03923048454133 287.59999999999997 -17.600000000000048
    vertex 90.15911099154688 287.310582854123 -17.600000000000048
  endloop
endfacet
facet normal 0.0 0.0 1.0
  outer loop
    vertex 93.14999999999999 292.79999999999995 -17.600000000000037
    vertex 90.15911099154688 287.310582854123 -17.600000000000048
    vertex 90.2 286.99999999999994 -17.600000000000048
  endloop
endfacet
facet normal 0.0 0.0 1.0
  outer loop
    vertex 93.14999999999999 292.79999999999995 -17.600000000000037
    vertex 90.2 286.99999999999994 -17.600000000000048
    vertex 93.14999999999999 283.7 -17.600000000000037
  endloop
endfacet
facet normal -0.9914448613738096 -0.1305261922200577 0.0
  outer loop
    vertex 85.70000000000002 286.99999999999994 -17.600000000000037
    vertex 85.81244477324609 286.1458971511617 -30.1
    vertex 85.81244477324609 286.1458971511617 -17.600000000000037
  endloop
endfacet
facet normal -0.9914448613738096 -0.1305261922200577 0.0
  outer loop
    vertex 85.81244477324609 286.1458971511617 -30.1
    vertex 85.70000000000002 286.99999999999994 -17.600000000000037
    vertex 85.70000000000002 286.99999999999994 -30.1
  endloop
endfacet
facet normal 0.6087614290087221 -0.7933533402912343 0.0
  outer loop
    vertex 5.133452377915605 284.6665476220844 -17.60000000000001
    vertex 4.45 284.14211616751135 -30.1
    vertex 5.133452377915605 284.6665476220844 -30.1
  endloop
endfacet
facet normal 0.6087614290087221 -0.7933533402912343 0.0
  outer loop
    vertex 4.45 284.14211616751135 -30.1
    vertex 5.133452377915605 284.6665476220844 -17.60000000000001
    vertex 4.45 284.14211616751135 -17.60000000000001
  endloop
endfacet
facet normal 0.0 0.0 1.0
  outer loop
    vertex 2.8 283.7 -17.60000000000001
    vertex -1.3499999999999936 292.79999999999995 -17.60000000000001
    vertex -1.349999999999994 283.7 -17.60000000000001
  endloop
endfacet
facet normal 0.0 0.0 1.0
  outer loop
    vertex -1.3499999999999936 292.79999999999995 -17.60000000000001
    vertex 2.8 283.7 -17.60000000000001
    vertex 1.64088900845312 286.6894171458769 -17.600000000000012
  endloop
endfacet
facet normal 0.0 0.0 1.0
  outer loop
    vertex -1.3499999999999936 292.79999999999995 -17.60000000000001
    vertex 1.64088900845312 286.6894171458769 -17.600000000000012
    vertex 1.600000000000002 286.99999999999994 -17.600000000000012
  endloop
endfacet
facet normal 0.0 0.0 1.0
  outer loop
    vertex 1.64088900845312 286.6894171458769 -17.600000000000012
    vertex 2.8 283.7 -17.60000000000001
    vertex 1.7607695154586758 286.4 -17.600000000000012
  endloop
endfacet
facet normal 0.0 0.0 1.0
  outer loop
    vertex 1.7607695154586758 286.4 -17.600000000000012
    vertex 2.8 283.7 -17.60000000000001
    vertex 1.9514718625761447 286.1514718625761 -17.600000000000012
  endloop
endfacet
facet normal 0.0 0.0 1.0
  outer loop
    vertex 1.9514718625761447 286.1514718625761 -17.600000000000012
    vertex 2.8 283.7 -17.60000000000001
    vertex 2.2000000000000015 285.96076951545865 -17.600000000000012
  endloop
endfacet
facet normal 0.0 0.0 1.0
  outer loop
    vertex 2.2000000000000015 285.96076951545865 -17.600000000000012
    vertex 2.8 283.7 -17.60000000000001
    vertex 2.489417145876976 285.8408890084531 -17.600000000000012
  endloop
endfacet
facet normal 0.0 0.0 1.0
  outer loop
    vertex 2.489417145876976 285.8408890084531 -17.600000000000012
    vertex 2.8 283.7 -17.60000000000001
    vertex 2.8 285.79999999999995 -17.600000000000012
  endloop
endfacet
facet normal 0.0 0.0 1.0
  outer loop
    vertex 2.8 285.79999999999995 -17.600000000000012
    vertex 2.8 283.7 -17.60000000000001
    vertex 3.654102848838322 283.8124447732461 -17.60000000000001
  endloop
endfacet
facet normal 0.0 0.0 1.0
  outer loop
    vertex 2.8 285.79999999999995 -17.600000000000012
    vertex 3.654102848838322 283.8124447732461 -17.60000000000001
    vertex 3.1105828541230243 285.8408890084531 -17.600000000000012
  endloop
endfacet
facet normal 0.0 0.0 1.0
  outer loop
    vertex 3.1105828541230243 285.8408890084531 -17.600000000000012
    vertex 3.654102848838322 283.8124447732461 -17.60000000000001
    vertex 3.3999999999999995 285.96076951545865 -17.600000000000012
  endloop
endfacet
facet normal 0.0 0.0 1.0
  outer loop
    vertex 3.3999999999999995 285.96076951545865 -17.600000000000012
    vertex 3.654102848838322 283.8124447732461 -17.60000000000001
    vertex 3.6485281374238556 286.1514718625761 -17.600000000000012
  endloop
endfacet
facet normal 0.0 0.0 1.0
  outer loop
    vertex 3.6485281374238556 286.1514718625761 -17.600000000000012
    vertex 3.654102848838322 283.8124447732461 -17.60000000000001
    vertex 3.8392304845413254 286.4 -17.600000000000012
  endloop
endfacet
facet normal 0.0 0.0 1.0
  outer loop
    vertex 3.8392304845413254 286.4 -17.600000000000012
    vertex 3.654102848838322 283.8124447732461 -17.60000000000001
    vertex 4.45 284.14211616751135 -17.60000000000001
  endloop
endfacet
facet normal 0.0 0.0 1.0
  outer loop
    vertex 3.8392304845413254 286.4 -17.600000000000012
    vertex 4.45 284.14211616751135 -17.60000000000001
    vertex 3.9591109915468796 286.6894171458769 -17.600000000000012
  endloop
endfacet
facet normal 0.0 0.0 1.0
  outer loop
    vertex 3.9591109915468796 286.6894171458769 -17.600000000000012
    vertex 4.45 284.14211616751135 -17.60000000000001
    vertex 3.9999999999999982 286.99999999999994 -17.600000000000012
  endloop
endfacet
facet normal 0.0 0.0 1.0
  outer loop
    vertex -1.3499999999999936 292.79999999999995 -17.60000000000001
    vertex 1.9514718625761438 287.8485281374238 -17.600000000000012
    vertex 6.099999999999993 292.79999999999995 -17.60000000000001
  endloop
endfacet
facet normal 0.0 0.0 1.0
  outer loop
    vertex 1.9514718625761438 287.8485281374238 -17.600000000000012
    vertex -1.3499999999999936 292.79999999999995 -17.60000000000001
    vertex 1.760769515458675 287.59999999999997 -17.600000000000012
  endloop
endfacet
facet normal 0.0 0.0 1.0
  outer loop
    vertex 1.760769515458675 287.59999999999997 -17.600000000000012
    vertex -1.3499999999999936 292.79999999999995 -17.60000000000001
    vertex 1.64088900845312 287.310582854123 -17.600000000000012
  endloop
endfacet
facet normal 0.0 0.0 1.0
  outer loop
    vertex 1.64088900845312 287.310582854123 -17.600000000000012
    vertex -1.3499999999999936 292.79999999999995 -17.60000000000001
    vertex 1.600000000000002 286.99999999999994 -17.600000000000012
  endloop
endfacet
facet normal 0.0 0.0 1.0
  outer loop
    vertex 6.099999999999993 292.79999999999995 -17.60000000000001
    vertex 1.9514718625761438 287.8485281374238 -17.600000000000012
    vertex 2.2 288.0392304845413 -17.600000000000012
  endloop
endfacet
facet normal 0.0 0.0 1.0
  outer loop
    vertex 6.099999999999993 292.79999999999995 -17.60000000000001
    vertex 2.2 288.0392304845413 -17.600000000000012
    vertex 2.4894171458769745 288.15911099154687 -17.600000000000012
  endloop
endfacet
facet normal 0.0 0.0 1.0
  outer loop
    vertex 6.099999999999993 292.79999999999995 -17.60000000000001
    vertex 2.4894171458769745 288.15911099154687 -17.600000000000012
    vertex 2.8 288.2 -17.600000000000012
  endloop
endfacet
facet normal 0.0 0.0 1.0
  outer loop
    vertex 6.099999999999993 292.79999999999995 -17.60000000000001
    vertex 2.8 288.2 -17.600000000000012
    vertex 3.1105828541230243 288.15911099154687 -17.600000000000012
  endloop
endfacet
facet normal 0.0 0.0 1.0
  outer loop
    vertex 6.099999999999993 292.79999999999995 -17.60000000000001
    vertex 3.1105828541230243 288.15911099154687 -17.600000000000012
    vertex 3.3999999999999995 288.0392304845413 -17.600000000000012
  endloop
endfacet
facet normal 0.0 0.0 1.0
  outer loop
    vertex 6.099999999999993 292.79999999999995 -17.60000000000001
    vertex 3.3999999999999995 288.0392304845413 -17.600000000000012
    vertex 3.6485281374238556 287.8485281374238 -17.600000000000012
  endloop
endfacet
facet normal 0.0 0.0 1.0
  outer loop
    vertex 6.099999999999993 292.79999999999995 -17.60000000000001
    vertex 3.6485281374238556 287.8485281374238 -17.600000000000012
    vertex 3.8392304845413237 287.59999999999997 -17.600000000000012
  endloop
endfacet
facet normal 0.0 0.0 1.0
  outer loop
    vertex 6.099999999999993 292.79999999999995 -17.60000000000001
    vertex 3.8392304845413237 287.59999999999997 -17.600000000000012
    vertex 3.9591109915468796 287.310582854123 -17.600000000000012
  endloop
endfacet
facet normal 0.0 0.0 1.0
  outer loop
    vertex 6.099999999999993 292.79999999999995 -17.60000000000001
    vertex 3.9591109915468796 287.310582854123 -17.600000000000012
    vertex 3.9999999999999982 286.99999999999994 -17.600000000000012
  endloop
endfacet
facet normal 0.0 0.0 1.0
  outer loop
    vertex 6.099999999999993 292.79999999999995 -17.60000000000001
    vertex 3.9999999999999982 286.99999999999994 -17.600000000000012
    vertex 4.45 284.14211616751135 -17.60000000000001
  endloop
endfacet
facet normal 0.0 0.0 1.0
  outer loop
    vertex 6.099999999999993 292.79999999999995 -17.60000000000001
    vertex 4.45 284.14211616751135 -17.60000000000001
    vertex 5.133452377915605 284.6665476220844 -17.60000000000001
  endloop
endfacet
facet normal 0.0 0.0 1.0
  outer loop
    vertex 6.099999999999993 292.79999999999995 -17.60000000000001
    vertex 5.133452377915605 284.6665476220844 -17.60000000000001
    vertex 5.657883832488643 285.34999999999997 -17.60000000000001
  endloop
endfacet
facet normal 0.0 0.0 1.0
  outer loop
    vertex 6.099999999999993 292.79999999999995 -17.60000000000001
    vertex 5.657883832488643 285.34999999999997 -17.60000000000001
    vertex 5.987555226753919 286.1458971511617 -17.60000000000001
  endloop
endfacet
facet normal 0.0 0.0 1.0
  outer loop
    vertex 6.099999999999993 292.79999999999995 -17.60000000000001
    vertex 5.987555226753919 286.1458971511617 -17.60000000000001
    vertex 6.099999999999993 286.99999999999994 -17.60000000000001
  endloop
endfacet
facet normal 0.9238795325112866 0.3826834323650902 0.0
  outer loop
    vertex 5.657883832488646 204.45000000000002 -30.1
    vertex 5.9875552267539245 203.6541028488383 -17.59999999999999
    vertex 5.9875552267539245 203.6541028488383 -30.1
  endloop
endfacet
facet normal 0.9238795325112866 0.3826834323650902 0.0
  outer loop
    vertex 5.9875552267539245 203.6541028488383 -17.59999999999999
    vertex 5.657883832488646 204.45000000000002 -30.1
    vertex 5.657883832488646 204.45000000000002 -17.59999999999999
  endloop
endfacet
facet normal -0.7933533402912435 -0.6087614290087099 0.0
  outer loop
    vertex 86.14211616751138 285.34999999999997 -17.600000000000037
    vertex 86.6665476220844 284.6665476220844 -30.1
    vertex 86.6665476220844 284.6665476220844 -17.600000000000037
  endloop
endfacet
facet normal -0.7933533402912435 -0.6087614290087099 0.0
  outer loop
    vertex 86.6665476220844 284.6665476220844 -30.1
    vertex 86.14211616751138 285.34999999999997 -17.600000000000037
    vertex 86.14211616751138 285.34999999999997 -30.1
  endloop
endfacet
facet normal 0.7933533402912332 -0.6087614290087234 0.0
  outer loop
    vertex 5.657883832488643 285.34999999999997 -30.1
    vertex 5.133452377915605 284.6665476220844 -17.60000000000001
    vertex 5.133452377915605 284.6665476220844 -30.1
  endloop
endfacet
facet normal 0.7933533402912332 -0.6087614290087234 0.0
  outer loop
    vertex 5.133452377915605 284.6665476220844 -17.60000000000001
    vertex 5.657883832488643 285.34999999999997 -30.1
    vertex 5.657883832488643 285.34999999999997 -17.60000000000001
  endloop
endfacet
facet normal 0.7933533402912362 0.6087614290087195 0.0
  outer loop
    vertex 5.133452377915607 205.1334523779156 -30.1
    vertex 5.657883832488646 204.45000000000002 -17.59999999999999
    vertex 5.657883832488646 204.45000000000002 -30.1
  endloop
endfacet
facet normal 0.7933533402912362 0.6087614290087195 0.0
  outer loop
    vertex 5.657883832488646 204.45000000000002 -17.59999999999999
    vertex 5.133452377915607 205.1334523779156 -30.1
    vertex 5.133452377915607 205.1334523779156 -17.59999999999999
  endloop
endfacet
facet normal 1.0 -4.593490078961723e-16 -5.998561233103322e-18
  outer loop
    vertex 6.099999999999999 200.29999999999998 -30.1
    vertex 6.099999999999997 198.29999999999998 -17.59999999999999
    vertex 6.099999999999996 198.29999999999998 -28.099999999999998
  endloop
endfacet
facet normal 1.0 -4.593490078961723e-16 -5.998561233103322e-18
  outer loop
    vertex 6.099999999999997 198.29999999999998 -17.59999999999999
    vertex 6.099999999999999 200.29999999999998 -30.1
    vertex 6.099999999999999 202.79999999999998 -17.59999999999999
  endloop
endfacet
facet normal 1.0 -4.593490078961723e-16 -5.998561233103322e-18
  outer loop
    vertex 6.099999999999999 202.79999999999998 -17.59999999999999
    vertex 6.099999999999999 200.29999999999998 -30.1
    vertex 6.099999999999999 202.79999999999998 -30.1
  endloop
endfacet
facet normal 0.0 0.0 1.0
  outer loop
    vertex 93.14999999999999 198.29999999999998 -17.60000000000001
    vertex 85.7 202.79999999999998 -17.60000000000001
    vertex 85.7 198.29999999999998 -17.60000000000001
  endloop
endfacet
facet normal 0.0 0.0 1.0
  outer loop
    vertex 85.7 202.79999999999998 -17.60000000000001
    vertex 93.14999999999999 198.29999999999998 -17.60000000000001
    vertex 88.4 201.76076951545866 -17.599999999999994
  endloop
endfacet
facet normal 0.0 0.0 1.0
  outer loop
    vertex 85.7 202.79999999999998 -17.60000000000001
    vertex 88.4 201.76076951545866 -17.599999999999994
    vertex 85.81244477324609 203.6541028488383 -17.60000000000001
  endloop
endfacet
facet normal 0.0 0.0 1.0
  outer loop
    vertex 85.81244477324609 203.6541028488383 -17.60000000000001
    vertex 88.4 201.76076951545866 -17.599999999999994
    vertex 88.15147186257616 201.9514718625761 -17.599999999999994
  endloop
endfacet
facet normal 0.0 0.0 1.0
  outer loop
    vertex 85.81244477324609 203.6541028488383 -17.60000000000001
    vertex 88.15147186257616 201.9514718625761 -17.599999999999994
    vertex 86.14211616751136 204.45 -17.60000000000001
  endloop
endfacet
facet normal 0.0 0.0 1.0
  outer loop
    vertex 86.14211616751136 204.45 -17.60000000000001
    vertex 88.15147186257616 201.9514718625761 -17.599999999999994
    vertex 87.96076951545868 202.2 -17.599999999999994
  endloop
endfacet
facet normal 0.0 0.0 1.0
  outer loop
    vertex 86.14211616751136 204.45 -17.60000000000001
    vertex 87.96076951545868 202.2 -17.599999999999994
    vertex 86.6665476220844 205.1334523779156 -17.60000000000001
  endloop
endfacet
facet normal 0.0 0.0 1.0
  outer loop
    vertex 86.6665476220844 205.1334523779156 -17.60000000000001
    vertex 87.96076951545868 202.2 -17.599999999999994
    vertex 87.84088900845312 202.48941714587698 -17.599999999999994
  endloop
endfacet
facet normal 0.0 0.0 1.0
  outer loop
    vertex 86.6665476220844 205.1334523779156 -17.60000000000001
    vertex 87.84088900845312 202.48941714587698 -17.599999999999994
    vertex 87.35 205.65788383248866 -17.60000000000001
  endloop
endfacet
facet normal 0.0 0.0 1.0
  outer loop
    vertex 87.35 205.65788383248866 -17.60000000000001
    vertex 87.84088900845312 202.48941714587698 -17.599999999999994
    vertex 87.80000000000001 202.79999999999998 -17.599999999999994
  endloop
endfacet
facet normal 0.0 0.0 1.0
  outer loop
    vertex 88.4 201.76076951545866 -17.599999999999994
    vertex 93.14999999999999 198.29999999999998 -17.60000000000001
    vertex 88.68941714587699 201.64088900845312 -17.599999999999994
  endloop
endfacet
facet normal 0.0 0.0 1.0
  outer loop
    vertex 88.68941714587699 201.64088900845312 -17.599999999999994
    vertex 93.14999999999999 198.29999999999998 -17.60000000000001
    vertex 89.0 201.6 -17.599999999999994
  endloop
endfacet
facet normal 0.0 0.0 1.0
  outer loop
    vertex 89.0 201.6 -17.599999999999994
    vertex 93.14999999999999 198.29999999999998 -17.60000000000001
    vertex 89.31058285412304 201.64088900845312 -17.599999999999994
  endloop
endfacet
facet normal 0.0 0.0 1.0
  outer loop
    vertex 89.31058285412304 201.64088900845312 -17.599999999999994
    vertex 93.14999999999999 198.29999999999998 -17.60000000000001
    vertex 89.60000000000001 201.76076951545866 -17.599999999999994
  endloop
endfacet
facet normal 0.0 0.0 1.0
  outer loop
    vertex 89.60000000000001 201.76076951545866 -17.599999999999994
    vertex 93.14999999999999 198.29999999999998 -17.60000000000001
    vertex 89.84852813742386 201.9514718625761 -17.599999999999994
  endloop
endfacet
facet normal 0.0 0.0 1.0
  outer loop
    vertex 89.84852813742386 201.9514718625761 -17.599999999999994
    vertex 93.14999999999999 198.29999999999998 -17.60000000000001
    vertex 90.03923048454133 202.2 -17.599999999999994
  endloop
endfacet
facet normal 0.0 0.0 1.0
  outer loop
    vertex 90.03923048454133 202.2 -17.599999999999994
    vertex 93.14999999999999 198.29999999999998 -17.60000000000001
    vertex 90.15911099154688 202.48941714587698 -17.599999999999994
  endloop
endfacet
facet normal 0.0 0.0 1.0
  outer loop
    vertex 90.15911099154688 202.48941714587698 -17.599999999999994
    vertex 93.14999999999999 198.29999999999998 -17.60000000000001
    vertex 90.2 202.79999999999998 -17.599999999999994
  endloop
endfacet
facet normal 0.0 0.0 1.0
  outer loop
    vertex 87.80000000000001 202.79999999999998 -17.599999999999994
    vertex 88.14589715116168 205.98755522675393 -17.60000000000001
    vertex 87.35 205.65788383248866 -17.60000000000001
  endloop
endfacet
facet normal 0.0 0.0 1.0
  outer loop
    vertex 88.14589715116168 205.98755522675393 -17.60000000000001
    vertex 87.80000000000001 202.79999999999998 -17.599999999999994
    vertex 87.84088900845312 203.110582854123 -17.599999999999994
  endloop
endfacet
facet normal 0.0 0.0 1.0
  outer loop
    vertex 88.14589715116168 205.98755522675393 -17.60000000000001
    vertex 87.84088900845312 203.110582854123 -17.599999999999994
    vertex 87.96076951545868 203.39999999999998 -17.599999999999994
  endloop
endfacet
facet normal 0.0 0.0 1.0
  outer loop
    vertex 88.14589715116168 205.98755522675393 -17.60000000000001
    vertex 87.96076951545868 203.39999999999998 -17.599999999999994
    vertex 88.15147186257616 203.64852813742382 -17.599999999999994
  endloop
endfacet
facet normal 0.0 0.0 1.0
  outer loop
    vertex 88.14589715116168 205.98755522675393 -17.60000000000001
    vertex 88.15147186257616 203.64852813742382 -17.599999999999994
    vertex 89.0 206.1 -17.60000000000001
  endloop
endfacet
facet normal 0.0 0.0 1.0
  outer loop
    vertex 89.0 206.1 -17.60000000000001
    vertex 88.15147186257616 203.64852813742382 -17.599999999999994
    vertex 88.4 203.8392304845413 -17.599999999999994
  endloop
endfacet
facet normal 0.0 0.0 1.0
  outer loop
    vertex 89.0 206.1 -17.60000000000001
    vertex 88.4 203.8392304845413 -17.599999999999994
    vertex 88.68941714587697 203.95911099154688 -17.599999999999994
  endloop
endfacet
facet normal 0.0 0.0 1.0
  outer loop
    vertex 89.0 206.1 -17.60000000000001
    vertex 88.68941714587697 203.95911099154688 -17.599999999999994
    vertex 89.0 204.0 -17.599999999999994
  endloop
endfacet
facet normal 0.0 0.0 1.0
  outer loop
    vertex 89.0 206.1 -17.60000000000001
    vertex 89.0 204.0 -17.599999999999994
    vertex 89.31058285412304 203.95911099154688 -17.599999999999994
  endloop
endfacet
facet normal 0.0 0.0 1.0
  outer loop
    vertex 89.0 206.1 -17.60000000000001
    vertex 89.31058285412304 203.95911099154688 -17.599999999999994
    vertex 93.14999999999999 206.1 -17.60000000000001
  endloop
endfacet
facet normal 0.0 0.0 1.0
  outer loop
    vertex 93.14999999999999 206.1 -17.60000000000001
    vertex 89.31058285412304 203.95911099154688 -17.599999999999994
    vertex 89.60000000000001 203.8392304845413 -17.599999999999994
  endloop
endfacet
facet normal 0.0 0.0 1.0
  outer loop
    vertex 93.14999999999999 206.1 -17.60000000000001
    vertex 89.60000000000001 203.8392304845413 -17.599999999999994
    vertex 89.84852813742386 203.64852813742382 -17.599999999999994
  endloop
endfacet
facet normal 0.0 0.0 1.0
  outer loop
    vertex 93.14999999999999 206.1 -17.60000000000001
    vertex 89.84852813742386 203.64852813742382 -17.599999999999994
    vertex 90.03923048454133 203.39999999999998 -17.599999999999994
  endloop
endfacet
facet normal 0.0 0.0 1.0
  outer loop
    vertex 93.14999999999999 206.1 -17.60000000000001
    vertex 90.03923048454133 203.39999999999998 -17.599999999999994
    vertex 90.15911099154688 203.110582854123 -17.599999999999994
  endloop
endfacet
facet normal 0.0 0.0 1.0
  outer loop
    vertex 93.14999999999999 206.1 -17.60000000000001
    vertex 90.15911099154688 203.110582854123 -17.599999999999994
    vertex 90.2 202.79999999999998 -17.599999999999994
  endloop
endfacet
facet normal 0.0 0.0 1.0
  outer loop
    vertex 93.14999999999999 206.1 -17.60000000000001
    vertex 90.2 202.79999999999998 -17.599999999999994
    vertex 93.14999999999999 198.29999999999998 -17.60000000000001
  endloop
endfacet
facet normal -0.9914448613738096 0.1305261922200577 0.0
  outer loop
    vertex 85.81244477324609 203.6541028488383 -17.60000000000001
    vertex 85.7 202.79999999999998 -30.1
    vertex 85.7 202.79999999999998 -17.60000000000001
  endloop
endfacet
facet normal -0.9914448613738096 0.1305261922200577 0.0
  outer loop
    vertex 85.7 202.79999999999998 -30.1
    vertex 85.81244477324609 203.6541028488383 -17.60000000000001
    vertex 85.81244477324609 203.6541028488383 -30.1
  endloop
endfacet
facet normal 0.1305261922200512 0.9914448613738106 0.0
  outer loop
    vertex 2.8 206.1 -17.59999999999999
    vertex 3.654102848838318 205.98755522675393 -30.1
    vertex 2.8 206.1 -30.1
  endloop
endfacet
facet normal 0.1305261922200512 0.9914448613738106 0.0
  outer loop
    vertex 3.654102848838318 205.98755522675393 -30.1
    vertex 2.8 206.1 -17.59999999999999
    vertex 3.654102848838318 205.98755522675393 -17.59999999999999
  endloop
endfacet
facet normal -0.9238795325112871 -0.38268343236508945 0.0
  outer loop
    vertex 85.81244477324609 286.1458971511617 -17.600000000000037
    vertex 86.14211616751138 285.34999999999997 -30.1
    vertex 86.14211616751138 285.34999999999997 -17.600000000000037
  endloop
endfacet
facet normal -0.9238795325112871 -0.38268343236508945 0.0
  outer loop
    vertex 86.14211616751138 285.34999999999997 -30.1
    vertex 85.81244477324609 286.1458971511617 -17.600000000000037
    vertex 85.81244477324609 286.1458971511617 -30.1
  endloop
endfacet
facet normal 0.0 -1.0 0.0
  outer loop
    vertex 2.8 283.7 -17.60000000000001
    vertex 0.6500000000000059 283.7 -30.1
    vertex 2.8 283.7 -30.1
  endloop
endfacet
facet normal 0.0 -1.0 0.0
  outer loop
    vertex 0.6500000000000059 283.7 -30.1
    vertex 2.8 283.7 -17.60000000000001
    vertex -1.349999999999994 283.7 -28.099999999999998
  endloop
endfacet
facet normal 0.0 -1.0 0.0
  outer loop
    vertex -1.349999999999994 283.7 -28.099999999999998
    vertex 2.8 283.7 -17.60000000000001
    vertex -1.349999999999994 283.7 -17.60000000000001
  endloop
endfacet
facet normal -1.0 0.0 0.0
  outer loop
    vertex 85.7 202.79999999999998 -17.60000000000001
    vertex 85.7 198.29999999999998 -28.099999999999998
    vertex 85.7 198.29999999999998 -17.60000000000001
  endloop
endfacet
facet normal -1.0 0.0 0.0
  outer loop
    vertex 85.7 198.29999999999998 -28.099999999999998
    vertex 85.7 202.79999999999998 -17.60000000000001
    vertex 85.7 200.29999999999998 -30.1
  endloop
endfacet
facet normal -1.0 0.0 0.0
  outer loop
    vertex 85.7 200.29999999999998 -30.1
    vertex 85.7 202.79999999999998 -17.60000000000001
    vertex 85.7 202.79999999999998 -30.1
  endloop
endfacet
facet normal -0.3826834323650908 0.9238795325112863 0.0
  outer loop
    vertex 87.35 205.65788383248866 -17.60000000000001
    vertex 88.14589715116168 205.98755522675393 -30.1
    vertex 87.35 205.65788383248866 -30.1
  endloop
endfacet
facet normal -0.3826834323650908 0.9238795325112863 0.0
  outer loop
    vertex 88.14589715116168 205.98755522675393 -30.1
    vertex 87.35 205.65788383248866 -17.60000000000001
    vertex 88.14589715116168 205.98755522675393 -17.60000000000001
  endloop
endfacet
facet normal -0.7933533402912353 0.6087614290087205 0.0
  outer loop
    vertex 86.6665476220844 205.1334523779156 -17.60000000000001
    vertex 86.14211616751136 204.45 -30.1
    vertex 86.14211616751136 204.45 -17.60000000000001
  endloop
endfacet
facet normal -0.7933533402912353 0.6087614290087205 0.0
  outer loop
    vertex 86.14211616751136 204.45 -30.1
    vertex 86.6665476220844 205.1334523779156 -17.60000000000001
    vertex 86.6665476220844 205.1334523779156 -30.1
  endloop
endfacet
facet normal 0.6087614290087198 0.793353340291236 0.0
  outer loop
    vertex 4.449999999999999 205.65788383248866 -17.59999999999999
    vertex 5.133452377915607 205.1334523779156 -30.1
    vertex 4.449999999999999 205.65788383248866 -30.1
  endloop
endfacet
facet normal 0.6087614290087198 0.793353340291236 0.0
  outer loop
    vertex 5.133452377915607 205.1334523779156 -30.1
    vertex 4.449999999999999 205.65788383248866 -17.59999999999999
    vertex 5.133452377915607 205.1334523779156 -17.59999999999999
  endloop
endfacet
facet normal 0.0 1.0 0.0
  outer loop
    vertex 89.0 206.1 -17.60000000000001
    vertex 91.15 206.1 -30.1
    vertex 89.0 206.1 -30.1
  endloop
endfacet
facet normal 0.0 1.0 0.0
  outer loop
    vertex 91.15 206.1 -30.1
    vertex 89.0 206.1 -17.60000000000001
    vertex 93.14999999999999 206.1 -28.099999999999998
  endloop
endfacet
facet normal 0.0 1.0 0.0
  outer loop
    vertex 93.14999999999999 206.1 -28.099999999999998
    vertex 89.0 206.1 -17.60000000000001
    vertex 93.14999999999999 206.1 -17.60000000000001
  endloop
endfacet
facet normal -0.1305261922200512 0.9914448613738105 0.0
  outer loop
    vertex 88.14589715116168 205.98755522675393 -17.60000000000001
    vertex 89.0 206.1 -30.1
    vertex 88.14589715116168 205.98755522675393 -30.1
  endloop
endfacet
facet normal -0.1305261922200512 0.9914448613738105 0.0
  outer loop
    vertex 89.0 206.1 -30.1
    vertex 88.14589715116168 205.98755522675393 -17.60000000000001
    vertex 89.0 206.1 -17.60000000000001
  endloop
endfacet
facet normal -0.7525766947068779 1.3191058874729817e-31 -0.658504607868518
  outer loop
    vertex -3.4499999999999935 228.0 -8.099999999999996
    vertex -2.749999999999994 221.8 -8.899999999999999
    vertex -3.4499999999999935 221.0 -8.099999999999996
  endloop
endfacet
facet normal -0.7525766947068779 1.3191058874729817e-31 -0.658504607868518
  outer loop
    vertex -2.749999999999994 221.8 -8.899999999999999
    vertex -3.4499999999999935 228.0 -8.099999999999996
    vertex -2.749999999999994 227.2 -8.899999999999999
  endloop
endfacet
facet normal -0.7525766947068786 0.6585046078685175 -2.8797333785295207e-18
  outer loop
    vertex -2.749999999999994 221.8 -8.899999999999999
    vertex -3.4499999999999935 221.0 -13.100000000000001
    vertex -3.4499999999999935 221.0 -8.099999999999996
  endloop
endfacet
facet normal -0.7525766947068786 0.6585046078685175 -2.8797333785295207e-18
  outer loop
    vertex -3.4499999999999935 221.0 -13.100000000000001
    vertex -2.749999999999994 221.8 -8.899999999999999
    vertex -2.749999999999994 221.8 -12.3
  endloop
endfacet
facet normal -0.9238795325112872 0.3826834323650888 0.0
  outer loop
    vertex 86.14211616751136 204.45 -17.60000000000001
    vertex 85.81244477324609 203.6541028488383 -30.1
    vertex 85.81244477324609 203.6541028488383 -17.60000000000001
  endloop
endfacet
facet normal -0.9238795325112872 0.3826834323650888 0.0
  outer loop
    vertex 85.81244477324609 203.6541028488383 -30.1
    vertex 86.14211616751136 204.45 -17.60000000000001
    vertex 86.14211616751136 204.45 -30.1
  endloop
endfacet
facet normal -0.6087614290087245 0.7933533402912324 0.0
  outer loop
    vertex 86.6665476220844 205.1334523779156 -17.60000000000001
    vertex 87.35 205.65788383248866 -30.1
    vertex 86.6665476220844 205.1334523779156 -30.1
  endloop
endfacet
facet normal -0.6087614290087245 0.7933533402912324 0.0
  outer loop
    vertex 87.35 205.65788383248866 -30.1
    vertex 86.6665476220844 205.1334523779156 -17.60000000000001
    vertex 87.35 205.65788383248866 -17.60000000000001
  endloop
endfacet
facet normal -0.7525766947068775 -0.6585046078685188 2.879733378529612e-18
  outer loop
    vertex -3.4499999999999935 228.0 -8.099999999999996
    vertex -2.749999999999994 227.2 -12.3
    vertex -2.749999999999994 227.2 -8.899999999999999
  endloop
endfacet
facet normal -0.7525766947068775 -0.6585046078685188 2.879733378529612e-18
  outer loop
    vertex -2.749999999999994 227.2 -12.3
    vertex -3.4499999999999935 228.0 -8.099999999999996
    vertex -3.4499999999999935 228.0 -13.100000000000001
  endloop
endfacet
facet normal 1.0 0.0 0.0
  outer loop
    vertex 94.55 251.67867965644035 -25.599999999999998
    vertex 94.55 250.29999999999998 -19.978679656440356
    vertex 94.55 250.29999999999998 -24.22132034355964
  endloop
endfacet
facet normal 1.0 0.0 0.0
  outer loop
    vertex 94.55 250.29999999999998 -19.978679656440356
    vertex 94.55 251.67867965644035 -25.599999999999998
    vertex 94.55 251.67867965644035 -18.6
  endloop
endfacet
facet normal 1.0 0.0 0.0
  outer loop
    vertex 94.55 251.67867965644035 -18.6
    vertex 94.55 251.67867965644035 -25.599999999999998
    vertex 94.55 251.79999999999995 -23.599999999999998
  endloop
endfacet
facet normal 1.0 0.0 0.0
  outer loop
    vertex 94.55 251.79999999999995 -23.599999999999998
    vertex 94.55 251.67867965644035 -25.599999999999998
    vertex 94.55 252.29999999999995 -24.099999999999998
  endloop
endfacet
facet normal 1.0 0.0 0.0
  outer loop
    vertex 94.55 252.29999999999995 -24.099999999999998
    vertex 94.55 251.67867965644035 -25.599999999999998
    vertex 94.55 261.9213203435596 -25.599999999999998
  endloop
endfacet
facet normal 1.0 0.0 0.0
  outer loop
    vertex 94.55 252.29999999999995 -24.099999999999998
    vertex 94.55 261.9213203435596 -25.599999999999998
    vertex 94.55 261.29999999999995 -24.099999999999998
  endloop
endfacet
facet normal 1.0 0.0 0.0
  outer loop
    vertex 94.55 261.29999999999995 -24.099999999999998
    vertex 94.55 261.9213203435596 -25.599999999999998
    vertex 94.55 261.79999999999995 -23.599999999999998
  endloop
endfacet
facet normal 1.0 0.0 0.0
  outer loop
    vertex 94.55 261.79999999999995 -23.599999999999998
    vertex 94.55 261.9213203435596 -25.599999999999998
    vertex 94.55 261.79999999999995 -20.599999999999998
  endloop
endfacet
facet normal 1.0 0.0 0.0
  outer loop
    vertex 94.55 251.67867965644035 -18.6
    vertex 94.55 252.29999999999995 -20.1
    vertex 94.55 261.9213203435596 -18.6
  endloop
endfacet
facet normal 1.0 0.0 0.0
  outer loop
    vertex 94.55 252.29999999999995 -20.1
    vertex 94.55 251.67867965644035 -18.6
    vertex 94.55 251.79999999999995 -20.599999999999998
  endloop
endfacet
facet normal 1.0 0.0 0.0
  outer loop
    vertex 94.55 251.79999999999995 -20.599999999999998
    vertex 94.55 251.67867965644035 -18.6
    vertex 94.55 251.79999999999995 -23.599999999999998
  endloop
endfacet
facet normal 1.0 0.0 0.0
  outer loop
    vertex 94.55 261.9213203435596 -18.6
    vertex 94.55 252.29999999999995 -20.1
    vertex 94.55 261.29999999999995 -20.1
  endloop
endfacet
facet normal 1.0 0.0 0.0
  outer loop
    vertex 94.55 261.9213203435596 -18.6
    vertex 94.55 261.29999999999995 -20.1
    vertex 94.55 261.79999999999995 -20.599999999999998
  endloop
endfacet
facet normal 1.0 0.0 0.0
  outer loop
    vertex 94.55 261.9213203435596 -18.6
    vertex 94.55 261.79999999999995 -20.599999999999998
    vertex 94.55 261.9213203435596 -25.599999999999998
  endloop
endfacet
facet normal 1.0 0.0 0.0
  outer loop
    vertex 94.55 261.9213203435596 -18.6
    vertex 94.55 261.9213203435596 -25.599999999999998
    vertex 94.55 263.29999999999995 -24.22132034355964
  endloop
endfacet
facet normal 1.0 0.0 0.0
  outer loop
    vertex 94.55 261.9213203435596 -18.6
    vertex 94.55 263.29999999999995 -24.22132034355964
    vertex 94.55 263.29999999999995 -19.978679656440356
  endloop
endfacet
facet normal 0.0 -0.7071067811865476 -0.7071067811865476
  outer loop
    vertex 94.55 261.29999999999995 -20.1
    vertex 93.14999999999999 261.79999999999995 -20.599999999999998
    vertex 94.55 261.79999999999995 -20.599999999999998
  endloop
endfacet
facet normal 0.0 -0.7071067811865476 -0.7071067811865476
  outer loop
    vertex 93.14999999999999 261.79999999999995 -20.599999999999998
    vertex 94.55 261.29999999999995 -20.1
    vertex 93.14999999999999 261.29999999999995 -20.1
  endloop
endfacet
facet normal -0.7525766947068784 9.18663028775824e-32 0.6585046078685175
  outer loop
    vertex -2.749999999999994 221.8 -12.3
    vertex -3.4499999999999935 228.0 -13.100000000000001
    vertex -3.4499999999999935 221.0 -13.100000000000001
  endloop
endfacet
facet normal -0.7525766947068784 9.18663028775824e-32 0.6585046078685175
  outer loop
    vertex -3.4499999999999935 228.0 -13.100000000000001
    vertex -2.749999999999994 221.8 -12.3
    vertex -2.749999999999994 227.2 -12.3
  endloop
endfacet
facet normal 0.0 -0.7071067811865476 0.7071067811865476
  outer loop
    vertex 94.55 261.79999999999995 -23.599999999999998
    vertex 93.14999999999999 261.29999999999995 -24.099999999999998
    vertex 94.55 261.29999999999995 -24.099999999999998
  endloop
endfacet
facet normal 0.0 -0.7071067811865476 0.7071067811865476
  outer loop
    vertex 93.14999999999999 261.29999999999995 -24.099999999999998
    vertex 94.55 261.79999999999995 -23.599999999999998
    vertex 93.14999999999999 261.79999999999995 -23.599999999999998
  endloop
endfacet
facet normal 0.0 0.7071067811865476 -0.7071067811865476
  outer loop
    vertex 93.14999999999999 252.29999999999995 -20.1
    vertex 94.55 251.79999999999995 -20.599999999999998
    vertex 93.14999999999999 251.79999999999995 -20.599999999999998
  endloop
endfacet
facet normal 0.0 0.7071067811865476 -0.7071067811865476
  outer loop
    vertex 94.55 251.79999999999995 -20.599999999999998
    vertex 93.14999999999999 252.29999999999995 -20.1
    vertex 94.55 252.29999999999995 -20.1
  endloop
endfacet
facet normal 0.0 0.7071067811865476 0.7071067811865476
  outer loop
    vertex 93.14999999999999 251.79999999999995 -23.599999999999998
    vertex 94.55 252.29999999999995 -24.099999999999998
    vertex 93.14999999999999 252.29999999999995 -24.099999999999998
  endloop
endfacet
facet normal 0.0 0.7071067811865476 0.7071067811865476
  outer loop
    vertex 94.55 252.29999999999995 -24.099999999999998
    vertex 93.14999999999999 251.79999999999995 -23.599999999999998
    vertex 94.55 251.79999999999995 -23.599999999999998
  endloop
endfacet
facet normal -2.1209318782950805e-18 2.8129843472102473e-18 1.0
  outer loop
    vertex 85.7 200.29999999999998 -30.1
    vertex 6.099999999999999 202.79999999999998 -30.1
    vertex 6.099999999999999 200.29999999999998 -30.1
  endloop
endfacet
facet normal -2.1209318782950805e-18 2.8129843472102473e-18 1.0
  outer loop
    vertex 6.099999999999999 202.79999999999998 -30.1
    vertex 85.7 200.29999999999998 -30.1
    vertex 7.1499999999999995 284.2 -30.099999999999994
  endloop
endfacet
facet normal -2.1209318782950805e-18 2.8129843472102473e-18 1.0
  outer loop
    vertex 7.1499999999999995 284.2 -30.099999999999994
    vertex 85.7 200.29999999999998 -30.1
    vertex 8.149999999999999 284.2 -30.099999999999994
  endloop
endfacet
facet normal -2.1209318782950805e-18 2.8129843472102473e-18 1.0
  outer loop
    vertex 8.149999999999999 284.2 -30.099999999999994
    vertex 85.7 200.29999999999998 -30.1
    vertex 9.649999999999999 284.2 -30.10000000000001
  endloop
endfacet
facet normal -2.1209318782950805e-18 2.8129843472102473e-18 1.0
  outer loop
    vertex 8.149999999999999 284.2 -30.099999999999994
    vertex 9.649999999999999 284.2 -30.10000000000001
    vertex 8.149999999999999 290.79999999999995 -30.1
  endloop
endfacet
facet normal -2.1209318782950805e-18 2.8129843472102473e-18 1.0
  outer loop
    vertex 9.649999999999999 284.2 -30.10000000000001
    vertex 85.7 200.29999999999998 -30.1
    vertex 10.649999999999997 284.2 -30.10000000000001
  endloop
endfacet
facet normal -2.1209318782950805e-18 2.8129843472102473e-18 1.0
  outer loop
    vertex 10.649999999999997 284.2 -30.10000000000001
    vertex 85.7 200.29999999999998 -30.1
    vertex 12.15 284.2 -30.10000000000001
  endloop
endfacet
facet normal -2.1209318782950805e-18 2.8129843472102473e-18 1.0
  outer loop
    vertex 10.649999999999997 284.2 -30.10000000000001
    vertex 12.15 284.2 -30.10000000000001
    vertex 10.649999999999997 290.79999999999995 -30.1
  endloop
endfacet
facet normal -2.1209318782950805e-18 2.8129843472102473e-18 1.0
  outer loop
    vertex 12.15 284.2 -30.10000000000001
    vertex 85.7 200.29999999999998 -30.1
    vertex 13.149999999999999 284.2 -30.10000000000001
  endloop
endfacet
facet normal -2.1209318782950805e-18 2.8129843472102473e-18 1.0
  outer loop
    vertex 13.149999999999999 284.2 -30.10000000000001
    vertex 85.7 200.29999999999998 -30.1
    vertex 14.649999999999995 284.2 -30.1
  endloop
endfacet
facet normal -2.1209318782950805e-18 2.8129843472102473e-18 1.0
  outer loop
    vertex 13.149999999999999 284.2 -30.10000000000001
    vertex 14.649999999999995 284.2 -30.1
    vertex 13.149999999999999 290.79999999999995 -30.1
  endloop
endfacet
facet normal -2.1209318782950805e-18 2.8129843472102473e-18 1.0
  outer loop
    vertex 14.649999999999995 284.2 -30.1
    vertex 85.7 200.29999999999998 -30.1
    vertex 15.65 284.2 -30.1
  endloop
endfacet
facet normal -2.1209318782950805e-18 2.8129843472102473e-18 1.0
  outer loop
    vertex 15.65 284.2 -30.1
    vertex 85.7 200.29999999999998 -30.1
    vertex 17.149999999999995 284.2 -30.1
  endloop
endfacet
facet normal -2.1209318782950805e-18 2.8129843472102473e-18 1.0
  outer loop
    vertex 15.65 284.2 -30.1
    vertex 17.149999999999995 284.2 -30.1
    vertex 15.65 290.79999999999995 -30.1
  endloop
endfacet
facet normal -2.1209318782950805e-18 2.8129843472102473e-18 1.0
  outer loop
    vertex 17.149999999999995 284.2 -30.1
    vertex 85.7 200.29999999999998 -30.1
    vertex 18.150000000000002 284.2 -30.1
  endloop
endfacet
facet normal -2.1209318782950805e-18 2.8129843472102473e-18 1.0
  outer loop
    vertex 85.81244477324609 203.6541028488383 -30.1
    vertex 85.70000000000002 286.99999999999994 -30.1
    vertex 85.7 202.79999999999998 -30.1
  endloop
endfacet
facet normal -2.1209318782950805e-18 2.8129843472102473e-18 1.0
  outer loop
    vertex 85.70000000000002 286.99999999999994 -30.1
    vertex 85.81244477324609 203.6541028488383 -30.1
    vertex 85.81244477324609 286.1458971511617 -30.1
  endloop
endfacet
facet normal -2.1209318782950805e-18 2.8129843472102473e-18 1.0
  outer loop
    vertex 85.81244477324609 286.1458971511617 -30.1
    vertex 85.81244477324609 203.6541028488383 -30.1
    vertex 86.14211616751136 204.45 -30.1
  endloop
endfacet
facet normal -2.1209318782950805e-18 2.8129843472102473e-18 1.0
  outer loop
    vertex 85.81244477324609 286.1458971511617 -30.1
    vertex 86.14211616751136 204.45 -30.1
    vertex 86.14211616751138 285.34999999999997 -30.1
  endloop
endfacet
facet normal -2.1209318782950805e-18 2.8129843472102473e-18 1.0
  outer loop
    vertex 86.14211616751138 285.34999999999997 -30.1
    vertex 86.14211616751136 204.45 -30.1
    vertex 86.6665476220844 205.1334523779156 -30.1
  endloop
endfacet
facet normal -2.1209318782950805e-18 2.8129843472102473e-18 1.0
  outer loop
    vertex 86.14211616751138 285.34999999999997 -30.1
    vertex 86.6665476220844 205.1334523779156 -30.1
    vertex 86.6665476220844 284.6665476220844 -30.1
  endloop
endfacet
facet normal -2.1209318782950805e-18 2.8129843472102473e-18 1.0
  outer loop
    vertex 86.6665476220844 284.6665476220844 -30.1
    vertex 86.6665476220844 205.1334523779156 -30.1
    vertex 87.35 205.65788383248866 -30.1
  endloop
endfacet
facet normal -2.1209318782950805e-18 2.8129843472102473e-18 1.0
  outer loop
    vertex 86.6665476220844 284.6665476220844 -30.1
    vertex 87.35 205.65788383248866 -30.1
    vertex 87.35000000000001 284.14211616751135 -30.1
  endloop
endfacet
facet normal -2.1209318782950805e-18 2.8129843472102473e-18 1.0
  outer loop
    vertex 87.35000000000001 284.14211616751135 -30.1
    vertex 87.35 205.65788383248866 -30.1
    vertex 88.14589715116168 205.98755522675393 -30.1
  endloop
endfacet
facet normal -2.1209318782950805e-18 2.8129843472102473e-18 1.0
  outer loop
    vertex 87.35000000000001 284.14211616751135 -30.1
    vertex 88.14589715116168 205.98755522675393 -30.1
    vertex 88.14589715116169 283.81244477324606 -30.1
  endloop
endfacet
facet normal -2.1209318782950805e-18 2.8129843472102473e-18 1.0
  outer loop
    vertex 88.14589715116169 283.81244477324606 -30.1
    vertex 88.14589715116168 205.98755522675393 -30.1
    vertex 89.0 206.1 -30.1
  endloop
endfacet
facet normal -2.1209318782950805e-18 2.8129843472102473e-18 1.0
  outer loop
    vertex 88.14589715116169 283.81244477324606 -30.1
    vertex 89.0 206.1 -30.1
    vertex 89.0 283.7 -30.1
  endloop
endfacet
facet normal -2.1209318782950805e-18 2.8129843472102473e-18 1.0
  outer loop
    vertex 89.0 283.7 -30.1
    vertex 89.0 206.1 -30.1
    vertex 91.15 206.1 -30.1
  endloop
endfacet
facet normal -2.1209318782950805e-18 2.8129843472102473e-18 1.0
  outer loop
    vertex 89.0 283.7 -30.1
    vertex 91.15 206.1 -30.1
    vertex 91.15 283.7 -30.1
  endloop
endfacet
facet normal -2.1209318782950805e-18 2.8129843472102473e-18 1.0
  outer loop
    vertex 18.150000000000002 284.2 -30.1
    vertex 85.70000000000002 290.79999999999995 -30.1
    vertex 18.149999999999995 290.79999999999995 -30.1
  endloop
endfacet
facet normal -2.1209318782950805e-18 2.8129843472102473e-18 1.0
  outer loop
    vertex 85.70000000000002 290.79999999999995 -30.1
    vertex 18.150000000000002 284.2 -30.1
    vertex 85.7 202.79999999999998 -30.1
  endloop
endfacet
facet normal -2.1209318782950805e-18 2.8129843472102473e-18 1.0
  outer loop
    vertex 85.7 202.79999999999998 -30.1
    vertex 18.150000000000002 284.2 -30.1
    vertex 85.7 200.29999999999998 -30.1
  endloop
endfacet
facet normal -2.1209318782950805e-18 2.8129843472102473e-18 1.0
  outer loop
    vertex 85.70000000000002 290.79999999999995 -30.1
    vertex 85.7 202.79999999999998 -30.1
    vertex 85.70000000000002 286.99999999999994 -30.1
  endloop
endfacet
facet normal -2.1209318782950805e-18 2.8129843472102473e-18 1.0
  outer loop
    vertex 17.150000000000002 290.79999999999995 -30.1
    vertex 15.65 290.79999999999995 -30.1
    vertex 17.149999999999995 284.2 -30.1
  endloop
endfacet
facet normal -2.1209318782950805e-18 2.8129843472102473e-18 1.0
  outer loop
    vertex 14.649999999999995 290.79999999999995 -30.1
    vertex 13.149999999999999 290.79999999999995 -30.1
    vertex 14.649999999999995 284.2 -30.1
  endloop
endfacet
facet normal -2.1209318782950805e-18 2.8129843472102473e-18 1.0
  outer loop
    vertex 12.15 290.79999999999995 -30.1
    vertex 10.649999999999997 290.79999999999995 -30.1
    vertex 12.15 284.2 -30.10000000000001
  endloop
endfacet
facet normal -2.1209318782950805e-18 2.8129843472102473e-18 1.0
  outer loop
    vertex 9.649999999999999 290.79999999999995 -30.1
    vertex 8.149999999999999 290.79999999999995 -30.1
    vertex 9.649999999999999 284.2 -30.10000000000001
  endloop
endfacet
facet normal -2.1209318782950805e-18 2.8129843472102473e-18 1.0
  outer loop
    vertex 2.8 206.1 -30.1
    vertex 0.6500000000000059 283.7 -30.1
    vertex 0.6500000000000059 206.1 -30.1
  endloop
endfacet
facet normal -2.1209318782950805e-18 2.8129843472102473e-18 1.0
  outer loop
    vertex 0.6500000000000059 283.7 -30.1
    vertex 2.8 206.1 -30.1
    vertex 2.8 283.7 -30.1
  endloop
endfacet
facet normal -2.1209318782950805e-18 2.8129843472102473e-18 1.0
  outer loop
    vertex 2.8 283.7 -30.1
    vertex 2.8 206.1 -30.1
    vertex 3.654102848838318 205.98755522675393 -30.1
  endloop
endfacet
facet normal -2.1209318782950805e-18 2.8129843472102473e-18 1.0
  outer loop
    vertex 2.8 283.7 -30.1
    vertex 3.654102848838318 205.98755522675393 -30.1
    vertex 3.654102848838322 283.8124447732461 -30.1
  endloop
endfacet
facet normal -2.1209318782950805e-18 2.8129843472102473e-18 1.0
  outer loop
    vertex 3.654102848838322 283.8124447732461 -30.1
    vertex 3.654102848838318 205.98755522675393 -30.1
    vertex 4.449999999999999 205.65788383248866 -30.1
  endloop
endfacet
facet normal -2.1209318782950805e-18 2.8129843472102473e-18 1.0
  outer loop
    vertex 3.654102848838322 283.8124447732461 -30.1
    vertex 4.449999999999999 205.65788383248866 -30.1
    vertex 4.45 284.14211616751135 -30.1
  endloop
endfacet
facet normal -2.1209318782950805e-18 2.8129843472102473e-18 1.0
  outer loop
    vertex 4.45 284.14211616751135 -30.1
    vertex 4.449999999999999 205.65788383248866 -30.1
    vertex 5.133452377915607 205.1334523779156 -30.1
  endloop
endfacet
facet normal -2.1209318782950805e-18 2.8129843472102473e-18 1.0
  outer loop
    vertex 4.45 284.14211616751135 -30.1
    vertex 5.133452377915607 205.1334523779156 -30.1
    vertex 5.133452377915605 284.6665476220844 -30.1
  endloop
endfacet
facet normal -2.1209318782950805e-18 2.8129843472102473e-18 1.0
  outer loop
    vertex 5.133452377915605 284.6665476220844 -30.1
    vertex 5.133452377915607 205.1334523779156 -30.1
    vertex 5.657883832488643 285.34999999999997 -30.1
  endloop
endfacet
facet normal -2.1209318782950805e-18 2.8129843472102473e-18 1.0
  outer loop
    vertex 5.657883832488643 285.34999999999997 -30.1
    vertex 5.133452377915607 205.1334523779156 -30.1
    vertex 5.657883832488646 204.45000000000002 -30.1
  endloop
endfacet
facet normal -2.1209318782950805e-18 2.8129843472102473e-18 1.0
  outer loop
    vertex 5.657883832488643 285.34999999999997 -30.1
    vertex 5.657883832488646 204.45000000000002 -30.1
    vertex 5.987555226753919 286.1458971511617 -30.1
  endloop
endfacet
facet normal -2.1209318782950805e-18 2.8129843472102473e-18 1.0
  outer loop
    vertex 5.987555226753919 286.1458971511617 -30.1
    vertex 5.657883832488646 204.45000000000002 -30.1
    vertex 5.9875552267539245 203.6541028488383 -30.1
  endloop
endfacet
facet normal -2.1209318782950805e-18 2.8129843472102473e-18 1.0
  outer loop
    vertex 5.987555226753919 286.1458971511617 -30.1
    vertex 5.9875552267539245 203.6541028488383 -30.1
    vertex 6.099999999999993 286.99999999999994 -30.1
  endloop
endfacet
facet normal -2.1209318782950805e-18 2.8129843472102473e-18 1.0
  outer loop
    vertex 6.099999999999993 286.99999999999994 -30.1
    vertex 5.9875552267539245 203.6541028488383 -30.1
    vertex 6.099999999999999 202.79999999999998 -30.1
  endloop
endfacet
facet normal -2.1209318782950805e-18 2.8129843472102473e-18 1.0
  outer loop
    vertex 6.099999999999993 286.99999999999994 -30.1
    vertex 6.099999999999999 202.79999999999998 -30.1
    vertex 6.099999999999993 290.79999999999995 -30.1
  endloop
endfacet
facet normal -2.1209318782950805e-18 2.8129843472102473e-18 1.0
  outer loop
    vertex 6.099999999999993 290.79999999999995 -30.1
    vertex 6.099999999999999 202.79999999999998 -30.1
    vertex 7.1499999999999995 290.79999999999995 -30.1
  endloop
endfacet
facet normal -2.1209318782950805e-18 2.8129843472102473e-18 1.0
  outer loop
    vertex 7.1499999999999995 290.79999999999995 -30.1
    vertex 6.099999999999999 202.79999999999998 -30.1
    vertex 7.1499999999999995 284.2 -30.099999999999994
  endloop
endfacet
facet normal 0.0 1.0 0.0
  outer loop
    vertex 94.55 250.29999999999998 -19.978679656440356
    vertex 94.75 250.29999999999998 -24.22132034355962
    vertex 94.55 250.29999999999998 -24.22132034355964
  endloop
endfacet
facet normal 0.0 1.0 0.0
  outer loop
    vertex 94.75 250.29999999999998 -24.22132034355962
    vertex 94.55 250.29999999999998 -19.978679656440356
    vertex 94.75 250.29999999999998 -19.97867965644038
  endloop
endfacet
facet normal 0.0 -1.0 0.0
  outer loop
    vertex 94.75 263.29999999999995 -19.978679656440356
    vertex 94.55 263.29999999999995 -24.22132034355964
    vertex 94.75 263.29999999999995 -24.22132034355964
  endloop
endfacet
facet normal 0.0 -1.0 0.0
  outer loop
    vertex 94.55 263.29999999999995 -24.22132034355964
    vertex 94.75 263.29999999999995 -19.978679656440356
    vertex 94.55 263.29999999999995 -19.978679656440356
  endloop
endfacet
facet normal 0.0 0.0 1.0
  outer loop
    vertex 94.75 251.67867965644038 -25.599999999999998
    vertex 94.55 261.9213203435596 -25.599999999999998
    vertex 94.55 251.67867965644035 -25.599999999999998
  endloop
endfacet
facet normal 0.0 0.0 1.0
  outer loop
    vertex 94.55 261.9213203435596 -25.599999999999998
    vertex 94.75 251.67867965644038 -25.599999999999998
    vertex 94.75 261.9213203435596 -25.599999999999998
  endloop
endfacet
facet normal 0.0 -1.0 0.0
  outer loop
    vertex 93.25 196.2 -7.600000000000023
    vertex -1.4499999999999929 196.2 -30.1
    vertex 93.25 196.2 -30.1
  endloop
endfacet
facet normal 0.0 -1.0 0.0
  outer loop
    vertex -1.4499999999999929 196.2 -30.1
    vertex 93.25 196.2 -7.600000000000023
    vertex -1.4499999999999955 196.2 -7.600000000000023
  endloop
endfacet
facet normal -1.0 0.0 0.0
  outer loop
    vertex -3.4499999999999935 198.2 -7.600000000000023
    vertex -3.4499999999999935 221.0 -8.099999999999996
    vertex -3.4499999999999935 198.2 -30.1
  endloop
endfacet
facet normal -1.0 0.0 0.0
  outer loop
    vertex -3.4499999999999935 221.0 -8.099999999999996
    vertex -3.4499999999999935 198.2 -7.600000000000023
    vertex -3.4499999999999935 292.9 -7.600000000000023
  endloop
endfacet
facet normal -1.0 0.0 0.0
  outer loop
    vertex -3.4499999999999935 221.0 -8.099999999999996
    vertex -3.4499999999999935 292.9 -7.600000000000023
    vertex -3.4499999999999935 228.0 -8.099999999999996
  endloop
endfacet
facet normal -1.0 0.0 0.0
  outer loop
    vertex -3.4499999999999935 228.0 -8.099999999999996
    vertex -3.4499999999999935 292.9 -7.600000000000023
    vertex -3.4499999999999935 228.0 -13.100000000000001
  endloop
endfacet
facet normal -1.0 0.0 0.0
  outer loop
    vertex -3.4499999999999935 198.2 -30.1
    vertex -3.4499999999999935 221.0 -13.100000000000001
    vertex -3.4499999999999935 292.9 -30.1
  endloop
endfacet
facet normal -1.0 0.0 0.0
  outer loop
    vertex -3.4499999999999935 221.0 -13.100000000000001
    vertex -3.4499999999999935 198.2 -30.1
    vertex -3.4499999999999935 221.0 -8.099999999999996
  endloop
endfacet
facet normal -1.0 0.0 0.0
  outer loop
    vertex -3.4499999999999935 292.9 -30.1
    vertex -3.4499999999999935 221.0 -13.100000000000001
    vertex -3.4499999999999935 228.0 -13.100000000000001
  endloop
endfacet
facet normal -1.0 0.0 0.0
  outer loop
    vertex -3.4499999999999935 292.9 -30.1
    vertex -3.4499999999999935 228.0 -13.100000000000001
    vertex -3.4499999999999935 292.9 -7.600000000000023
  endloop
endfacet
facet normal 1.0 0.0 0.0
  outer loop
    vertex 95.25 198.2 -30.1
    vertex 95.25 251.47157287525386 -26.099999999999998
    vertex 95.25 198.2 -7.600000000000023
  endloop
endfacet
facet normal 1.0 0.0 0.0
  outer loop
    vertex 95.25 251.47157287525386 -26.099999999999998
    vertex 95.25 198.2 -30.1
    vertex 95.25 292.9 -30.1
  endloop
endfacet
facet normal 1.0 0.0 0.0
  outer loop
    vertex 95.25 198.2 -7.600000000000023
    vertex 95.25 251.47157287525386 -26.099999999999998
    vertex 95.25 249.79999999999995 -24.428427124746122
  endloop
endfacet
facet normal 1.0 0.0 0.0
  outer loop
    vertex 95.25 251.47157287525386 -26.099999999999998
    vertex 95.25 292.9 -30.1
    vertex 95.25 262.12842712474617 -26.099999999999998
  endloop
endfacet
facet normal 1.0 0.0 0.0
  outer loop
    vertex 95.25 262.12842712474617 -26.099999999999998
    vertex 95.25 292.9 -30.1
    vertex 95.25 263.79999999999995 -24.428427124746182
  endloop
endfacet
facet normal 1.0 0.0 0.0
  outer loop
    vertex 95.25 263.79999999999995 -24.428427124746182
    vertex 95.25 292.9 -30.1
    vertex 95.25 263.79999999999995 -19.771572875253813
  endloop
endfacet
facet normal 1.0 0.0 0.0
  outer loop
    vertex 95.25 198.2 -7.600000000000023
    vertex 95.25 251.47157287525386 -18.1
    vertex 95.25 292.9 -7.600000000000023
  endloop
endfacet
facet normal 1.0 0.0 0.0
  outer loop
    vertex 95.25 251.47157287525386 -18.1
    vertex 95.25 198.2 -7.600000000000023
    vertex 95.25 249.79999999999995 -19.771572875253874
  endloop
endfacet
facet normal 1.0 0.0 0.0
  outer loop
    vertex 95.25 249.79999999999995 -19.771572875253874
    vertex 95.25 198.2 -7.600000000000023
    vertex 95.25 249.79999999999995 -24.428427124746122
  endloop
endfacet
facet normal 1.0 0.0 0.0
  outer loop
    vertex 95.25 292.9 -7.600000000000023
    vertex 95.25 251.47157287525386 -18.1
    vertex 95.25 262.12842712474617 -18.1
  endloop
endfacet
facet normal 1.0 0.0 0.0
  outer loop
    vertex 95.25 292.9 -7.600000000000023
    vertex 95.25 262.12842712474617 -18.1
    vertex 95.25 263.79999999999995 -19.771572875253813
  endloop
endfacet
facet normal 1.0 0.0 0.0
  outer loop
    vertex 95.25 292.9 -7.600000000000023
    vertex 95.25 263.79999999999995 -19.771572875253813
    vertex 95.25 292.9 -30.1
  endloop
endfacet
facet normal -4.441080189461543e-31 1.0 6.2422612678612315e-31
  outer loop
    vertex 13.149999999999999 294.9 -19.600000000000005
    vertex 14.649999999999995 294.9 -30.1
    vertex 13.149999999999999 294.9 -30.1
  endloop
endfacet
facet normal -4.441080189461543e-31 1.0 6.2422612678612315e-31
  outer loop
    vertex 14.649999999999995 294.9 -30.1
    vertex 13.149999999999999 294.9 -19.600000000000005
    vertex 14.649999999999995 294.9 -19.600000000000005
  endloop
endfacet
facet normal -4.441080189461543e-31 1.0 6.2422612678612315e-31
  outer loop
    vertex 14.649999999999995 294.9 -19.600000000000005
    vertex 13.149999999999999 294.9 -19.600000000000005
    vertex 15.65 294.9 -19.600000000000005
  endloop
endfacet
facet normal -4.441080189461543e-31 1.0 6.2422612678612315e-31
  outer loop
    vertex 8.149999999999999 294.9 -19.6
    vertex 9.649999999999999 294.9 -30.1
    vertex 8.149999999999999 294.9 -30.1
  endloop
endfacet
facet normal -4.441080189461543e-31 1.0 6.2422612678612315e-31
  outer loop
    vertex 9.649999999999999 294.9 -30.1
    vertex 8.149999999999999 294.9 -19.6
    vertex 9.649999999999999 294.9 -19.600000000000005
  endloop
endfacet
facet normal -4.441080189461543e-31 1.0 6.2422612678612315e-31
  outer loop
    vertex 9.649999999999999 294.9 -19.600000000000005
    vertex 8.149999999999999 294.9 -19.6
    vertex 10.649999999999997 294.9 -19.600000000000005
  endloop
endfacet
facet normal -4.441080189461543e-31 1.0 6.2422612678612315e-31
  outer loop
    vertex 10.649999999999997 294.9 -19.600000000000005
    vertex 8.149999999999999 294.9 -19.6
    vertex 12.15 294.9 -19.600000000000005
  endloop
endfacet
facet normal -4.441080189461543e-31 1.0 6.2422612678612315e-31
  outer loop
    vertex 12.15 294.9 -19.600000000000005
    vertex 8.149999999999999 294.9 -19.6
    vertex 13.149999999999999 294.9 -19.600000000000005
  endloop
endfacet
facet normal -4.441080189461543e-31 1.0 6.2422612678612315e-31
  outer loop
    vertex 13.149999999999999 294.9 -19.600000000000005
    vertex 8.149999999999999 294.9 -19.6
    vertex 17.149999999999995 294.9 -19.600000000000005
  endloop
endfacet
facet normal -4.441080189461543e-31 1.0 6.2422612678612315e-31
  outer loop
    vertex 17.149999999999995 294.9 -19.600000000000005
    vertex 8.149999999999999 294.9 -19.6
    vertex 18.150000000000002 294.9 -19.600000000000005
  endloop
endfacet
facet normal -4.441080189461543e-31 1.0 6.2422612678612315e-31
  outer loop
    vertex -1.4499999999999937 294.9 -7.600000000000023
    vertex 7.1499999999999995 294.9 -30.09999999999999
    vertex -1.4499999999999937 294.9 -30.099999999999994
  endloop
endfacet
facet normal -4.441080189461543e-31 1.0 6.2422612678612315e-31
  outer loop
    vertex 7.1499999999999995 294.9 -30.09999999999999
    vertex -1.4499999999999937 294.9 -7.600000000000023
    vertex 7.1499999999999995 294.9 -19.6
  endloop
endfacet
facet normal -4.441080189461543e-31 1.0 6.2422612678612315e-31
  outer loop
    vertex 7.1499999999999995 294.9 -19.6
    vertex -1.4499999999999937 294.9 -7.600000000000023
    vertex 8.149999999999999 294.9 -19.6
  endloop
endfacet
facet normal -4.441080189461543e-31 1.0 6.2422612678612315e-31
  outer loop
    vertex 18.150000000000002 294.9 -19.600000000000005
    vertex 93.25 294.9 -30.1
    vertex 18.150000000000002 294.9 -30.1
  endloop
endfacet
facet normal -4.441080189461543e-31 1.0 6.2422612678612315e-31
  outer loop
    vertex 93.25 294.9 -30.1
    vertex 18.150000000000002 294.9 -19.600000000000005
    vertex 73.24999999999999 294.9 -19.600000000000023
  endloop
endfacet
facet normal -4.441080189461543e-31 1.0 6.2422612678612315e-31
  outer loop
    vertex 73.24999999999999 294.9 -19.600000000000023
    vertex 18.150000000000002 294.9 -19.600000000000005
    vertex 72.64999999999999 294.9 -19.60000000000002
  endloop
endfacet
facet normal -4.441080189461543e-31 1.0 6.2422612678612315e-31
  outer loop
    vertex 72.64999999999999 294.9 -19.60000000000002
    vertex 18.150000000000002 294.9 -19.600000000000005
    vertex 72.64999999999999 294.9 -7.600000000000023
  endloop
endfacet
facet normal -4.441080189461543e-31 1.0 6.2422612678612315e-31
  outer loop
    vertex 72.64999999999999 294.9 -7.600000000000023
    vertex 18.150000000000002 294.9 -19.600000000000005
    vertex 8.149999999999999 294.9 -19.6
  endloop
endfacet
facet normal -4.441080189461543e-31 1.0 6.2422612678612315e-31
  outer loop
    vertex 72.64999999999999 294.9 -7.600000000000023
    vertex 8.149999999999999 294.9 -19.6
    vertex -1.4499999999999937 294.9 -7.600000000000023
  endloop
endfacet
facet normal -4.441080189461543e-31 1.0 6.2422612678612315e-31
  outer loop
    vertex 15.65 294.9 -19.600000000000005
    vertex 17.149999999999995 294.9 -30.1
    vertex 15.649999999999993 294.9 -30.1
  endloop
endfacet
facet normal -4.441080189461543e-31 1.0 6.2422612678612315e-31
  outer loop
    vertex 17.149999999999995 294.9 -30.1
    vertex 15.65 294.9 -19.600000000000005
    vertex 17.149999999999995 294.9 -19.600000000000005
  endloop
endfacet
facet normal -4.441080189461543e-31 1.0 6.2422612678612315e-31
  outer loop
    vertex 17.149999999999995 294.9 -19.600000000000005
    vertex 15.65 294.9 -19.600000000000005
    vertex 13.149999999999999 294.9 -19.600000000000005
  endloop
endfacet
facet normal -4.441080189461543e-31 1.0 6.2422612678612315e-31
  outer loop
    vertex 10.649999999999997 294.9 -19.600000000000005
    vertex 12.15 294.9 -30.1
    vertex 10.649999999999997 294.9 -30.1
  endloop
endfacet
facet normal -4.441080189461543e-31 1.0 6.2422612678612315e-31
  outer loop
    vertex 12.15 294.9 -30.1
    vertex 10.649999999999997 294.9 -19.600000000000005
    vertex 12.15 294.9 -19.600000000000005
  endloop
endfacet
facet normal -4.441080189461543e-31 1.0 6.2422612678612315e-31
  outer loop
    vertex 73.24999999999999 294.9 -15.000000000000023
    vertex 82.25 294.9 -19.600000000000023
    vertex 73.24999999999999 294.9 -19.600000000000023
  endloop
endfacet
facet normal -4.441080189461543e-31 1.0 6.2422612678612315e-31
  outer loop
    vertex 82.25 294.9 -19.600000000000023
    vertex 73.24999999999999 294.9 -15.000000000000023
    vertex 82.25 294.9 -15.000000000000023
  endloop
endfacet
facet normal -4.441080189461543e-31 1.0 6.2422612678612315e-31
  outer loop
    vertex 93.25 294.9 -30.1
    vertex 82.85 294.9 -19.60000000000002
    vertex 93.25 294.9 -7.600000000000023
  endloop
endfacet
facet normal -4.441080189461543e-31 1.0 6.2422612678612315e-31
  outer loop
    vertex 82.85 294.9 -19.60000000000002
    vertex 93.25 294.9 -30.1
    vertex 82.25 294.9 -19.600000000000023
  endloop
endfacet
facet normal -4.441080189461543e-31 1.0 6.2422612678612315e-31
  outer loop
    vertex 82.25 294.9 -19.600000000000023
    vertex 93.25 294.9 -30.1
    vertex 73.24999999999999 294.9 -19.600000000000023
  endloop
endfacet
facet normal -4.441080189461543e-31 1.0 6.2422612678612315e-31
  outer loop
    vertex 93.25 294.9 -7.600000000000023
    vertex 82.85 294.9 -19.60000000000002
    vertex 82.85 294.9 -7.600000000000023
  endloop
endfacet
facet normal 1.0 -1.5327967881111308e-20 -1.7189318742448957e-17
  outer loop
    vertex -1.349999999999994 283.7 -28.099999999999998
    vertex -1.349999999999994 206.1 -17.59999999999999
    vertex -1.349999999999994 206.1 -28.099999999999998
  endloop
endfacet
facet normal 1.0 -1.5327967881111308e-20 -1.7189318742448957e-17
  outer loop
    vertex -1.349999999999994 206.1 -17.59999999999999
    vertex -1.349999999999994 283.7 -28.099999999999998
    vertex -1.3499999999999936 221.8 -12.3
  endloop
endfacet
facet normal 1.0 -1.5327967881111308e-20 -1.7189318742448957e-17
  outer loop
    vertex -1.3499999999999936 221.8 -12.3
    vertex -1.349999999999994 283.7 -28.099999999999998
    vertex -1.3499999999999936 227.2 -12.3
  endloop
endfacet
facet normal 1.0 -1.5327967881111308e-20 -1.7189318742448957e-17
  outer loop
    vertex -1.3499999999999936 227.2 -12.3
    vertex -1.349999999999994 283.7 -28.099999999999998
    vertex -1.3499999999999936 227.2 -8.899999999999999
  endloop
endfacet
facet normal 1.0 -1.5327967881111308e-20 -1.7189318742448957e-17
  outer loop
    vertex -1.349999999999994 206.1 -17.59999999999999
    vertex -1.3499999999999936 198.29999999999998 -7.600000000000023
    vertex -1.3499999999999936 198.29999999999998 -17.59999999999999
  endloop
endfacet
facet normal 1.0 -1.5327967881111308e-20 -1.7189318742448957e-17
  outer loop
    vertex -1.3499999999999936 198.29999999999998 -7.600000000000023
    vertex -1.349999999999994 206.1 -17.59999999999999
    vertex -1.3499999999999936 221.8 -8.899999999999999
  endloop
endfacet
facet normal 1.0 -1.5327967881111308e-20 -1.7189318742448957e-17
  outer loop
    vertex -1.3499999999999936 198.29999999999998 -7.600000000000023
    vertex -1.3499999999999936 221.8 -8.899999999999999
    vertex -1.3499999999999936 292.79999999999995 -7.600000000000023
  endloop
endfacet
facet normal 1.0 -1.5327967881111308e-20 -1.7189318742448957e-17
  outer loop
    vertex -1.3499999999999936 221.8 -8.899999999999999
    vertex -1.349999999999994 206.1 -17.59999999999999
    vertex -1.3499999999999936 221.8 -12.3
  endloop
endfacet
facet normal 1.0 -1.5327967881111308e-20 -1.7189318742448957e-17
  outer loop
    vertex -1.3499999999999936 292.79999999999995 -7.600000000000023
    vertex -1.3499999999999936 221.8 -8.899999999999999
    vertex -1.3499999999999936 227.2 -8.899999999999999
  endloop
endfacet
facet normal 1.0 -1.5327967881111308e-20 -1.7189318742448957e-17
  outer loop
    vertex -1.3499999999999936 292.79999999999995 -7.600000000000023
    vertex -1.3499999999999936 227.2 -8.899999999999999
    vertex -1.349999999999994 283.7 -17.60000000000001
  endloop
endfacet
facet normal 1.0 -1.5327967881111308e-20 -1.7189318742448957e-17
  outer loop
    vertex -1.349999999999994 283.7 -17.60000000000001
    vertex -1.3499999999999936 227.2 -8.899999999999999
    vertex -1.349999999999994 283.7 -28.099999999999998
  endloop
endfacet
facet normal 1.0 -1.5327967881111308e-20 -1.7189318742448957e-17
  outer loop
    vertex -1.3499999999999936 292.79999999999995 -7.600000000000023
    vertex -1.349999999999994 283.7 -17.60000000000001
    vertex -1.3499999999999936 292.79999999999995 -17.60000000000001
  endloop
endfacet
facet normal -1.0 0.0 0.0
  outer loop
    vertex 93.14999999999999 292.79999999999995 -7.600000000000023
    vertex 93.14999999999999 198.29999999999998 -17.60000000000001
    vertex 93.14999999999999 198.29999999999998 -7.600000000000023
  endloop
endfacet
facet normal -1.0 0.0 0.0
  outer loop
    vertex 93.14999999999999 198.29999999999998 -17.60000000000001
    vertex 93.14999999999999 292.79999999999995 -7.600000000000023
    vertex 93.14999999999999 206.1 -17.60000000000001
  endloop
endfacet
facet normal -1.0 0.0 0.0
  outer loop
    vertex 93.14999999999999 206.1 -17.60000000000001
    vertex 93.14999999999999 292.79999999999995 -7.600000000000023
    vertex 93.14999999999999 206.1 -28.099999999999998
  endloop
endfacet
facet normal -1.0 0.0 0.0
  outer loop
    vertex 93.14999999999999 206.1 -28.099999999999998
    vertex 93.14999999999999 292.79999999999995 -7.600000000000023
    vertex 93.14999999999999 252.29999999999995 -20.1
  endloop
endfacet
facet normal -1.0 0.0 0.0
  outer loop
    vertex 93.14999999999999 206.1 -28.099999999999998
    vertex 93.14999999999999 252.29999999999995 -20.1
    vertex 93.14999999999999 251.79999999999995 -20.599999999999998
  endloop
endfacet
facet normal -1.0 0.0 0.0
  outer loop
    vertex 93.14999999999999 252.29999999999995 -20.1
    vertex 93.14999999999999 292.79999999999995 -7.600000000000023
    vertex 93.14999999999999 261.29999999999995 -20.1
  endloop
endfacet
facet normal -1.0 0.0 0.0
  outer loop
    vertex 93.14999999999999 261.29999999999995 -20.1
    vertex 93.14999999999999 292.79999999999995 -7.600000000000023
    vertex 93.14999999999999 261.79999999999995 -20.599999999999998
  endloop
endfacet
facet normal -1.0 0.0 0.0
  outer loop
    vertex 93.14999999999999 261.79999999999995 -20.599999999999998
    vertex 93.14999999999999 292.79999999999995 -7.600000000000023
    vertex 93.14999999999999 261.79999999999995 -23.599999999999998
  endloop
endfacet
facet normal -1.0 0.0 0.0
  outer loop
    vertex 93.14999999999999 261.79999999999995 -23.599999999999998
    vertex 93.14999999999999 292.79999999999995 -7.600000000000023
    vertex 93.14999999999999 283.7 -17.600000000000037
  endloop
endfacet
facet normal -1.0 0.0 0.0
  outer loop
    vertex 93.14999999999999 283.7 -17.600000000000037
    vertex 93.14999999999999 292.79999999999995 -7.600000000000023
    vertex 93.14999999999999 292.79999999999995 -17.600000000000037
  endloop
endfacet
facet normal -1.0 0.0 0.0
  outer loop
    vertex 93.14999999999999 206.1 -28.099999999999998
    vertex 93.14999999999999 252.29999999999995 -24.099999999999998
    vertex 93.14999999999999 283.7 -28.099999999999998
  endloop
endfacet
facet normal -1.0 0.0 0.0
  outer loop
    vertex 93.14999999999999 252.29999999999995 -24.099999999999998
    vertex 93.14999999999999 206.1 -28.099999999999998
    vertex 93.14999999999999 251.79999999999995 -23.599999999999998
  endloop
endfacet
facet normal -1.0 0.0 0.0
  outer loop
    vertex 93.14999999999999 251.79999999999995 -23.599999999999998
    vertex 93.14999999999999 206.1 -28.099999999999998
    vertex 93.14999999999999 251.79999999999995 -20.599999999999998
  endloop
endfacet
facet normal -1.0 0.0 0.0
  outer loop
    vertex 93.14999999999999 283.7 -28.099999999999998
    vertex 93.14999999999999 252.29999999999995 -24.099999999999998
    vertex 93.14999999999999 261.29999999999995 -24.099999999999998
  endloop
endfacet
facet normal -1.0 0.0 0.0
  outer loop
    vertex 93.14999999999999 283.7 -28.099999999999998
    vertex 93.14999999999999 261.29999999999995 -24.099999999999998
    vertex 93.14999999999999 261.79999999999995 -23.599999999999998
  endloop
endfacet
facet normal -1.0 0.0 0.0
  outer loop
    vertex 93.14999999999999 283.7 -28.099999999999998
    vertex 93.14999999999999 261.79999999999995 -23.599999999999998
    vertex 93.14999999999999 283.7 -17.600000000000037
  endloop
endfacet
facet normal 0.0 -1.0 0.0
  outer loop
    vertex 93.14999999999999 292.79999999999995 -7.600000000000023
    vertex 85.70000000000002 292.79999999999995 -17.600000000000037
    vertex 93.14999999999999 292.79999999999995 -17.600000000000037
  endloop
endfacet
facet normal 0.0 -1.0 0.0
  outer loop
    vertex 85.70000000000002 292.79999999999995 -28.099999999999998
    vertex 82.85 292.79999999999995 -19.60000000000002
    vertex 18.149999999999995 292.79999999999995 -28.099999999999998
  endloop
endfacet
facet normal 0.0 -1.0 0.0
  outer loop
    vertex 82.85 292.79999999999995 -19.60000000000002
    vertex 85.70000000000002 292.79999999999995 -28.099999999999998
    vertex 85.70000000000002 292.79999999999995 -17.600000000000037
  endloop
endfacet
facet normal 0.0 -1.0 0.0
  outer loop
    vertex 82.85 292.79999999999995 -19.60000000000002
    vertex 85.70000000000002 292.79999999999995 -17.600000000000037
    vertex 82.85 292.79999999999995 -7.600000000000023
  endloop
endfacet
facet normal 0.0 -1.0 0.0
  outer loop
    vertex 82.85 292.79999999999995 -7.600000000000023
    vertex 85.70000000000002 292.79999999999995 -17.600000000000037
    vertex 93.14999999999999 292.79999999999995 -7.600000000000023
  endloop
endfacet
facet normal 0.0 -1.0 0.0
  outer loop
    vertex 17.149999999999995 292.79999999999995 -19.600000000000005
    vertex 15.65 292.79999999999995 -28.099999999999998
    vertex 17.150000000000002 292.79999999999995 -28.099999999999998
  endloop
endfacet
facet normal 0.0 -1.0 0.0
  outer loop
    vertex 15.65 292.79999999999995 -28.099999999999998
    vertex 17.149999999999995 292.79999999999995 -19.600000000000005
    vertex 15.65 292.79999999999995 -19.600000000000005
  endloop
endfacet
facet normal 0.0 -1.0 0.0
  outer loop
    vertex 15.65 292.79999999999995 -19.600000000000005
    vertex 17.149999999999995 292.79999999999995 -19.600000000000005
    vertex 14.649999999999995 292.79999999999995 -19.600000000000005
  endloop
endfacet
facet normal 0.0 -1.0 0.0
  outer loop
    vertex 18.149999999999995 292.79999999999995 -28.099999999999998
    vertex 72.64999999999999 292.79999999999995 -19.60000000000002
    vertex 18.150000000000002 292.79999999999995 -19.600000000000005
  endloop
endfacet
facet normal 0.0 -1.0 0.0
  outer loop
    vertex 72.64999999999999 292.79999999999995 -19.60000000000002
    vertex 18.149999999999995 292.79999999999995 -28.099999999999998
    vertex 82.85 292.79999999999995 -19.60000000000002
  endloop
endfacet
facet normal 0.0 -1.0 0.0
  outer loop
    vertex 18.150000000000002 292.79999999999995 -19.600000000000005
    vertex 72.64999999999999 292.79999999999995 -19.60000000000002
    vertex 72.64999999999999 292.79999999999995 -7.600000000000023
  endloop
endfacet
facet normal 0.0 -1.0 0.0
  outer loop
    vertex 18.150000000000002 292.79999999999995 -19.600000000000005
    vertex 72.64999999999999 292.79999999999995 -7.600000000000023
    vertex 17.149999999999995 292.79999999999995 -19.600000000000005
  endloop
endfacet
facet normal 0.0 -1.0 0.0
  outer loop
    vertex 17.149999999999995 292.79999999999995 -19.600000000000005
    vertex 72.64999999999999 292.79999999999995 -7.600000000000023
    vertex 13.149999999999999 292.79999999999995 -19.600000000000005
  endloop
endfacet
facet normal 0.0 -1.0 0.0
  outer loop
    vertex 13.149999999999999 292.79999999999995 -19.600000000000005
    vertex 72.64999999999999 292.79999999999995 -7.600000000000023
    vertex 12.15 292.79999999999995 -19.600000000000005
  endloop
endfacet
facet normal 0.0 -1.0 0.0
  outer loop
    vertex 12.15 292.79999999999995 -19.600000000000005
    vertex 72.64999999999999 292.79999999999995 -7.600000000000023
    vertex 10.649999999999997 292.79999999999995 -19.600000000000005
  endloop
endfacet
facet normal 0.0 -1.0 0.0
  outer loop
    vertex 10.649999999999997 292.79999999999995 -19.600000000000005
    vertex 72.64999999999999 292.79999999999995 -7.600000000000023
    vertex 9.649999999999999 292.79999999999995 -19.600000000000005
  endloop
endfacet
facet normal 0.0 -1.0 0.0
  outer loop
    vertex 9.649999999999999 292.79999999999995 -19.600000000000005
    vertex 72.64999999999999 292.79999999999995 -7.600000000000023
    vertex 8.149999999999999 292.79999999999995 -19.6
  endloop
endfacet
facet normal 0.0 -1.0 0.0
  outer loop
    vertex 8.149999999999999 292.79999999999995 -19.6
    vertex 72.64999999999999 292.79999999999995 -7.600000000000023
    vertex 7.1499999999999995 292.79999999999995 -19.6
  endloop
endfacet
facet normal 0.0 -1.0 0.0
  outer loop
    vertex 7.1499999999999995 292.79999999999995 -19.6
    vertex 72.64999999999999 292.79999999999995 -7.600000000000023
    vertex 6.099999999999993 292.79999999999995 -17.60000000000001
  endloop
endfacet
facet normal 0.0 -1.0 0.0
  outer loop
    vertex 6.099999999999993 292.79999999999995 -17.60000000000001
    vertex 72.64999999999999 292.79999999999995 -7.600000000000023
    vertex -1.3499999999999936 292.79999999999995 -17.60000000000001
  endloop
endfacet
facet normal 0.0 -1.0 0.0
  outer loop
    vertex -1.3499999999999936 292.79999999999995 -17.60000000000001
    vertex 72.64999999999999 292.79999999999995 -7.600000000000023
    vertex -1.3499999999999936 292.79999999999995 -7.600000000000023
  endloop
endfacet
facet normal 0.0 -1.0 0.0
  outer loop
    vertex 7.1499999999999995 292.79999999999995 -19.6
    vertex 6.099999999999993 292.79999999999995 -28.099999999999998
    vertex 7.1499999999999995 292.79999999999995 -28.099999999999998
  endloop
endfacet
facet normal 0.0 -1.0 0.0
  outer loop
    vertex 6.099999999999993 292.79999999999995 -28.099999999999998
    vertex 7.1499999999999995 292.79999999999995 -19.6
    vertex 6.099999999999993 292.79999999999995 -17.60000000000001
  endloop
endfacet
facet normal 0.0 -1.0 0.0
  outer loop
    vertex 9.649999999999999 292.79999999999995 -19.600000000000005
    vertex 8.149999999999999 292.79999999999995 -28.099999999999998
    vertex 9.649999999999999 292.79999999999995 -28.099999999999998
  endloop
endfacet
facet normal 0.0 -1.0 0.0
  outer loop
    vertex 8.149999999999999 292.79999999999995 -28.099999999999998
    vertex 9.649999999999999 292.79999999999995 -19.600000000000005
    vertex 8.149999999999999 292.79999999999995 -19.6
  endloop
endfacet
facet normal 0.0 -1.0 0.0
  outer loop
    vertex 12.15 292.79999999999995 -19.600000000000005
    vertex 10.649999999999997 292.79999999999995 -28.099999999999998
    vertex 12.15 292.79999999999995 -28.099999999999998
  endloop
endfacet
facet normal 0.0 -1.0 0.0
  outer loop
    vertex 10.649999999999997 292.79999999999995 -28.099999999999998
    vertex 12.15 292.79999999999995 -19.600000000000005
    vertex 10.649999999999997 292.79999999999995 -19.600000000000005
  endloop
endfacet
facet normal 0.0 -1.0 0.0
  outer loop
    vertex 14.649999999999995 292.79999999999995 -19.600000000000005
    vertex 13.149999999999999 292.79999999999995 -28.099999999999998
    vertex 14.649999999999995 292.79999999999995 -28.099999999999998
  endloop
endfacet
facet normal 0.0 -1.0 0.0
  outer loop
    vertex 13.149999999999999 292.79999999999995 -28.099999999999998
    vertex 14.649999999999995 292.79999999999995 -19.600000000000005
    vertex 13.149999999999999 292.79999999999995 -19.600000000000005
  endloop
endfacet
facet normal 0.0 -1.0 0.0
  outer loop
    vertex 13.149999999999999 292.79999999999995 -19.600000000000005
    vertex 14.649999999999995 292.79999999999995 -19.600000000000005
    vertex 17.149999999999995 292.79999999999995 -19.600000000000005
  endloop
endfacet
facet normal 0.0 1.0 0.0
  outer loop
    vertex -1.3499999999999936 198.29999999999998 -7.600000000000023
    vertex 6.099999999999997 198.29999999999998 -17.59999999999999
    vertex -1.3499999999999936 198.29999999999998 -17.59999999999999
  endloop
endfacet
facet normal 0.0 1.0 0.0
  outer loop
    vertex 6.099999999999997 198.29999999999998 -17.59999999999999
    vertex 85.7 198.29999999999998 -28.099999999999998
    vertex 6.099999999999996 198.29999999999998 -28.099999999999998
  endloop
endfacet
facet normal 0.0 1.0 0.0
  outer loop
    vertex 85.7 198.29999999999998 -28.099999999999998
    vertex 6.099999999999997 198.29999999999998 -17.59999999999999
    vertex 85.7 198.29999999999998 -17.60000000000001
  endloop
endfacet
facet normal 0.0 1.0 0.0
  outer loop
    vertex 85.7 198.29999999999998 -17.60000000000001
    vertex 6.099999999999997 198.29999999999998 -17.59999999999999
    vertex 93.14999999999999 198.29999999999998 -17.60000000000001
  endloop
endfacet
facet normal 0.0 1.0 0.0
  outer loop
    vertex 93.14999999999999 198.29999999999998 -17.60000000000001
    vertex 6.099999999999997 198.29999999999998 -17.59999999999999
    vertex 93.14999999999999 198.29999999999998 -7.600000000000023
  endloop
endfacet
facet normal 0.0 1.0 0.0
  outer loop
    vertex 93.14999999999999 198.29999999999998 -7.600000000000023
    vertex 6.099999999999997 198.29999999999998 -17.59999999999999
    vertex -1.3499999999999936 198.29999999999998 -7.600000000000023
  endloop
endfacet
facet normal 0.7071067811865476 -0.7071067811865476 0.0
  outer loop
    vertex 95.25 198.2 -30.1
    vertex 93.25 196.2 -7.600000000000023
    vertex 93.25 196.2 -30.1
  endloop
endfacet
facet normal 0.7071067811865476 -0.7071067811865476 0.0
  outer loop
    vertex 93.25 196.2 -7.600000000000023
    vertex 95.25 198.2 -30.1
    vertex 95.25 198.2 -7.600000000000023
  endloop
endfacet
facet normal -7.059480130694124e-19 -0.7071067811865486 -0.7071067811865466
  outer loop
    vertex 93.25 196.2 -30.1
    vertex -1.4499999999999929 198.2 -32.1
    vertex 93.25 198.2 -32.1
  endloop
endfacet
facet normal -7.059480130694124e-19 -0.7071067811865486 -0.7071067811865466
  outer loop
    vertex -1.4499999999999929 198.2 -32.1
    vertex 93.25 196.2 -30.1
    vertex -1.4499999999999929 196.2 -30.1
  endloop
endfacet
facet normal 0.7071067811865486 1.0032124650214908e-32 -0.7071067811865466
  outer loop
    vertex 93.25 292.9 -32.1
    vertex 95.25 198.2 -30.1
    vertex 93.25 198.2 -32.1
  endloop
endfacet
facet normal 0.7071067811865486 1.0032124650214908e-32 -0.7071067811865466
  outer loop
    vertex 95.25 198.2 -30.1
    vertex 93.25 292.9 -32.1
    vertex 95.25 292.9 -30.1
  endloop
endfacet
facet normal -0.707106781186547 -0.707106781186548 -4.376991329945048e-17
  outer loop
    vertex -1.4499999999999955 196.2 -7.600000000000023
    vertex -3.4499999999999935 198.2 -30.1
    vertex -1.4499999999999929 196.2 -30.1
  endloop
endfacet
facet normal -0.707106781186547 -0.707106781186548 -4.376991329945048e-17
  outer loop
    vertex -3.4499999999999935 198.2 -30.1
    vertex -1.4499999999999955 196.2 -7.600000000000023
    vertex -3.4499999999999935 198.2 -7.600000000000023
  endloop
endfacet
facet normal 2.3005106528080117e-16 0.707106781186549 -0.707106781186546
  outer loop
    vertex -1.4499999999999937 294.9 -30.099999999999994
    vertex 7.1499999999999995 292.9 -32.099999999999994
    vertex -1.4499999999999937 292.9 -32.099999999999994
  endloop
endfacet
facet normal 2.3005106528080117e-16 0.707106781186549 -0.707106781186546
  outer loop
    vertex 7.1499999999999995 292.9 -32.099999999999994
    vertex -1.4499999999999937 294.9 -30.099999999999994
    vertex 7.1499999999999995 294.9 -30.09999999999999
  endloop
endfacet
facet normal 0.0 0.7071067811865486 -0.7071067811865466
  outer loop
    vertex 10.649999999999997 294.9 -30.1
    vertex 12.15 292.9 -32.1
    vertex 10.649999999999997 292.9 -32.1
  endloop
endfacet
facet normal 0.0 0.7071067811865486 -0.7071067811865466
  outer loop
    vertex 12.15 292.9 -32.1
    vertex 10.649999999999997 294.9 -30.1
    vertex 12.15 294.9 -30.1
  endloop
endfacet
facet normal 0.7071067811865476 0.7071067811865476 0.0
  outer loop
    vertex 93.25 294.9 -30.1
    vertex 95.25 292.9 -7.600000000000023
    vertex 95.25 292.9 -30.1
  endloop
endfacet
facet normal 0.7071067811865476 0.7071067811865476 0.0
  outer loop
    vertex 95.25 292.9 -7.600000000000023
    vertex 93.25 294.9 -30.1
    vertex 93.25 294.9 -7.600000000000023
  endloop
endfacet
facet normal -0.7071067811865486 5.256773199635392e-19 0.7071067811865466
  outer loop
    vertex 93.14999999999999 283.7 -28.099999999999998
    vertex 91.15 206.1 -30.1
    vertex 93.14999999999999 206.1 -28.099999999999998
  endloop
endfacet
facet normal -0.7071067811865486 5.256773199635392e-19 0.7071067811865466
  outer loop
    vertex 91.15 206.1 -30.1
    vertex 93.14999999999999 283.7 -28.099999999999998
    vertex 91.15 283.7 -30.1
  endloop
endfacet
facet normal 0.707106781186548 5.256773199635397e-19 0.7071067811865471
  outer loop
    vertex 0.6500000000000059 283.7 -30.1
    vertex -1.349999999999994 206.1 -28.099999999999998
    vertex 0.6500000000000059 206.1 -30.1
  endloop
endfacet
facet normal 0.707106781186548 5.256773199635397e-19 0.7071067811865471
  outer loop
    vertex -1.349999999999994 206.1 -28.099999999999998
    vertex 0.6500000000000059 283.7 -30.1
    vertex -1.349999999999994 283.7 -28.099999999999998
  endloop
endfacet
facet normal -4.9982775974636556e-30 0.7071067811865485 -0.7071067811865466
  outer loop
    vertex 8.149999999999999 294.9 -30.1
    vertex 9.649999999999999 292.9 -32.1
    vertex 8.149999999999999 292.9 -32.1
  endloop
endfacet
facet normal -4.9982775974636556e-30 0.7071067811865485 -0.7071067811865466
  outer loop
    vertex 9.649999999999999 292.9 -32.1
    vertex 8.149999999999999 294.9 -30.1
    vertex 9.649999999999999 294.9 -30.1
  endloop
endfacet
facet normal 0.0 -0.7071067811865485 0.7071067811865466
  outer loop
    vertex 7.1499999999999995 292.79999999999995 -28.099999999999998
    vertex 6.099999999999993 290.79999999999995 -30.1
    vertex 7.1499999999999995 290.79999999999995 -30.1
  endloop
endfacet
facet normal 0.0 -0.7071067811865485 0.7071067811865466
  outer loop
    vertex 6.099999999999993 290.79999999999995 -30.1
    vertex 7.1499999999999995 292.79999999999995 -28.099999999999998
    vertex 6.099999999999993 292.79999999999995 -28.099999999999998
  endloop
endfacet
facet normal 0.0 0.7071067811865486 -0.7071067811865465
  outer loop
    vertex 18.150000000000002 294.9 -30.1
    vertex 93.25 292.9 -32.1
    vertex 18.150000000000002 292.9 -32.1
  endloop
endfacet
facet normal 0.0 0.7071067811865486 -0.7071067811865465
  outer loop
    vertex 93.25 292.9 -32.1
    vertex 18.150000000000002 294.9 -30.1
    vertex 93.25 294.9 -30.1
  endloop
endfacet
facet normal -0.7071067811865474 1.6942752313665866e-17 -0.7071067811865477
  outer loop
    vertex -1.4499999999999937 292.9 -32.099999999999994
    vertex -3.4499999999999935 198.2 -30.1
    vertex -3.4499999999999935 292.9 -30.1
  endloop
endfacet
facet normal -0.7071067811865474 1.6942752313665866e-17 -0.7071067811865477
  outer loop
    vertex -3.4499999999999935 198.2 -30.1
    vertex -1.4499999999999937 292.9 -32.099999999999994
    vertex -1.4499999999999929 198.2 -32.1
  endloop
endfacet
facet normal 0.0 0.7071067811865486 -0.7071067811865466
  outer loop
    vertex 15.649999999999993 294.9 -30.1
    vertex 17.149999999999995 292.9 -32.1
    vertex 15.649999999999993 292.9 -32.1
  endloop
endfacet
facet normal 0.0 0.7071067811865486 -0.7071067811865466
  outer loop
    vertex 17.149999999999995 292.9 -32.1
    vertex 15.649999999999993 294.9 -30.1
    vertex 17.149999999999995 294.9 -30.1
  endloop
endfacet
facet normal 0.0 0.7071067811865486 -0.7071067811865466
  outer loop
    vertex 13.149999999999999 294.9 -30.1
    vertex 14.649999999999995 292.9 -32.1
    vertex 13.149999999999999 292.9 -32.1
  endloop
endfacet
facet normal 0.0 0.7071067811865486 -0.7071067811865466
  outer loop
    vertex 14.649999999999995 292.9 -32.1
    vertex 13.149999999999999 294.9 -30.1
    vertex 14.649999999999995 294.9 -30.1
  endloop
endfacet
facet normal -0.7071067811865469 0.7071067811865481 -1.1371786586408329e-32
  outer loop
    vertex -3.4499999999999935 292.9 -7.600000000000023
    vertex -1.4499999999999937 294.9 -30.099999999999994
    vertex -3.4499999999999935 292.9 -30.1
  endloop
endfacet
facet normal -0.7071067811865469 0.7071067811865481 -1.1371786586408329e-32
  outer loop
    vertex -1.4499999999999937 294.9 -30.099999999999994
    vertex -3.4499999999999935 292.9 -7.600000000000023
    vertex -1.4499999999999937 294.9 -7.600000000000023
  endloop
endfacet
facet normal -4.929265146926051e-33 -0.7071067811865486 0.7071067811865466
  outer loop
    vertex 85.70000000000002 292.79999999999995 -28.099999999999998
    vertex 18.149999999999995 290.79999999999995 -30.1
    vertex 85.70000000000002 290.79999999999995 -30.1
  endloop
endfacet
facet normal -4.929265146926051e-33 -0.7071067811865486 0.7071067811865466
  outer loop
    vertex 18.149999999999995 290.79999999999995 -30.1
    vertex 85.70000000000002 292.79999999999995 -28.099999999999998
    vertex 18.149999999999995 292.79999999999995 -28.099999999999998
  endloop
endfacet
facet normal -9.784807472709599e-34 0.7071067811865486 0.7071067811865466
  outer loop
    vertex 6.099999999999996 198.29999999999998 -28.099999999999998
    vertex 85.7 200.29999999999998 -30.1
    vertex 6.099999999999999 200.29999999999998 -30.1
  endloop
endfacet
facet normal -9.784807472709599e-34 0.7071067811865486 0.7071067811865466
  outer loop
    vertex 85.7 200.29999999999998 -30.1
    vertex 6.099999999999996 198.29999999999998 -28.099999999999998
    vertex 85.7 198.29999999999998 -28.099999999999998
  endloop
endfacet
facet normal -4.9982775974636556e-30 -0.7071067811865485 0.7071067811865466
  outer loop
    vertex 9.649999999999999 292.79999999999995 -28.099999999999998
    vertex 8.149999999999999 290.79999999999995 -30.1
    vertex 9.649999999999999 290.79999999999995 -30.1
  endloop
endfacet
facet normal -4.9982775974636556e-30 -0.7071067811865485 0.7071067811865466
  outer loop
    vertex 8.149999999999999 290.79999999999995 -30.1
    vertex 9.649999999999999 292.79999999999995 -28.099999999999998
    vertex 8.149999999999999 292.79999999999995 -28.099999999999998
  endloop
endfacet
facet normal -0.5773502691896255 -0.5773502691896267 -0.5773502691896251
  outer loop
    vertex -3.4499999999999935 198.2 -30.1
    vertex -1.4499999999999929 198.2 -32.1
    vertex -1.4499999999999929 196.2 -30.1
  endloop
endfacet
facet normal 0.0 -0.7071067811865486 0.7071067811865466
  outer loop
    vertex 12.15 292.79999999999995 -28.099999999999998
    vertex 10.649999999999997 290.79999999999995 -30.1
    vertex 12.15 290.79999999999995 -30.1
  endloop
endfacet
facet normal 0.0 -0.7071067811865486 0.7071067811865466
  outer loop
    vertex 10.649999999999997 290.79999999999995 -30.1
    vertex 12.15 292.79999999999995 -28.099999999999998
    vertex 10.649999999999997 292.79999999999995 -28.099999999999998
  endloop
endfacet
facet normal 0.0 -0.7071067811865486 0.7071067811865466
  outer loop
    vertex 14.649999999999995 292.79999999999995 -28.099999999999998
    vertex 13.149999999999999 290.79999999999995 -30.1
    vertex 14.649999999999995 290.79999999999995 -30.1
  endloop
endfacet
facet normal 0.0 -0.7071067811865486 0.7071067811865466
  outer loop
    vertex 13.149999999999999 290.79999999999995 -30.1
    vertex 14.649999999999995 292.79999999999995 -28.099999999999998
    vertex 13.149999999999999 292.79999999999995 -28.099999999999998
  endloop
endfacet
facet normal -0.5773502691896246 0.5773502691896272 -0.5773502691896256
  outer loop
    vertex -1.4499999999999937 294.9 -30.099999999999994
    vertex -1.4499999999999937 292.9 -32.099999999999994
    vertex -3.4499999999999935 292.9 -30.1
  endloop
endfacet
facet normal 0.0 -0.7071067811865486 0.7071067811865466
  outer loop
    vertex 17.150000000000002 292.79999999999995 -28.099999999999998
    vertex 15.65 290.79999999999995 -30.1
    vertex 17.150000000000002 290.79999999999995 -30.1
  endloop
endfacet
facet normal 0.0 -0.7071067811865486 0.7071067811865466
  outer loop
    vertex 15.65 290.79999999999995 -30.1
    vertex 17.150000000000002 292.79999999999995 -28.099999999999998
    vertex 15.65 292.79999999999995 -28.099999999999998
  endloop
endfacet
facet normal 0.5773502691896264 -0.5773502691896264 -0.5773502691896247
  outer loop
    vertex 95.25 198.2 -30.1
    vertex 93.25 196.2 -30.1
    vertex 93.25 198.2 -32.1
  endloop
endfacet
facet normal 0.5773502691896264 0.5773502691896264 -0.5773502691896247
  outer loop
    vertex 93.25 294.9 -30.1
    vertex 95.25 292.9 -30.1
    vertex 93.25 292.9 -32.1
  endloop
endfacet
facet normal 0.0 0.0 1.0
  outer loop
    vertex -1.4499999999999955 196.2 -7.600000000000023
    vertex -3.4499999999999935 292.9 -7.600000000000023
    vertex -3.4499999999999935 198.2 -7.600000000000023
  endloop
endfacet
facet normal 0.0 0.0 1.0
  outer loop
    vertex -3.4499999999999935 292.9 -7.600000000000023
    vertex -1.4499999999999955 196.2 -7.600000000000023
    vertex -1.4499999999999937 294.9 -7.600000000000023
  endloop
endfacet
facet normal 0.0 0.0 1.0
  outer loop
    vertex -1.4499999999999937 294.9 -7.600000000000023
    vertex -1.4499999999999955 196.2 -7.600000000000023
    vertex -1.3499999999999936 198.29999999999998 -7.600000000000023
  endloop
endfacet
facet normal 0.0 0.0 1.0
  outer loop
    vertex -1.3499999999999936 198.29999999999998 -7.600000000000023
    vertex -1.4499999999999955 196.2 -7.600000000000023
    vertex 93.25 196.2 -7.600000000000023
  endloop
endfacet
facet normal 0.0 0.0 1.0
  outer loop
    vertex -1.3499999999999936 198.29999999999998 -7.600000000000023
    vertex 93.25 196.2 -7.600000000000023
    vertex 93.14999999999999 198.29999999999998 -7.600000000000023
  endloop
endfacet
facet normal 0.0 0.0 1.0
  outer loop
    vertex 93.14999999999999 198.29999999999998 -7.600000000000023
    vertex 93.25 196.2 -7.600000000000023
    vertex 93.14999999999999 292.79999999999995 -7.600000000000023
  endloop
endfacet
facet normal 0.0 0.0 1.0
  outer loop
    vertex 93.14999999999999 292.79999999999995 -7.600000000000023
    vertex 82.85 294.9 -7.600000000000023
    vertex 82.85 292.79999999999995 -7.600000000000023
  endloop
endfacet
facet normal 0.0 0.0 1.0
  outer loop
    vertex 82.85 294.9 -7.600000000000023
    vertex 93.14999999999999 292.79999999999995 -7.600000000000023
    vertex 93.25 294.9 -7.600000000000023
  endloop
endfacet
facet normal 0.0 0.0 1.0
  outer loop
    vertex 93.25 294.9 -7.600000000000023
    vertex 93.14999999999999 292.79999999999995 -7.600000000000023
    vertex 93.25 196.2 -7.600000000000023
  endloop
endfacet
facet normal 0.0 0.0 1.0
  outer loop
    vertex 93.25 294.9 -7.600000000000023
    vertex 93.25 196.2 -7.600000000000023
    vertex 95.25 198.2 -7.600000000000023
  endloop
endfacet
facet normal 0.0 0.0 1.0
  outer loop
    vertex 93.25 294.9 -7.600000000000023
    vertex 95.25 198.2 -7.600000000000023
    vertex 95.25 292.9 -7.600000000000023
  endloop
endfacet
facet normal 0.0 0.0 1.0
  outer loop
    vertex -1.4499999999999937 294.9 -7.600000000000023
    vertex -1.3499999999999936 292.79999999999995 -7.600000000000023
    vertex 72.64999999999999 294.9 -7.600000000000023
  endloop
endfacet
facet normal 0.0 0.0 1.0
  outer loop
    vertex -1.3499999999999936 292.79999999999995 -7.600000000000023
    vertex -1.4499999999999937 294.9 -7.600000000000023
    vertex -1.3499999999999936 198.29999999999998 -7.600000000000023
  endloop
endfacet
facet normal 0.0 0.0 1.0
  outer loop
    vertex 72.64999999999999 294.9 -7.600000000000023
    vertex -1.3499999999999936 292.79999999999995 -7.600000000000023
    vertex 72.64999999999999 292.79999999999995 -7.600000000000023
  endloop
endfacet
facet normal 1.0 0.0 0.0
  outer loop
    vertex 14.649999999999995 292.9 -32.1
    vertex 14.649999999999995 284.2 -30.1
    vertex 14.649999999999995 284.2 -32.1
  endloop
endfacet
facet normal 1.0 0.0 0.0
  outer loop
    vertex 14.649999999999995 284.2 -30.1
    vertex 14.649999999999995 292.9 -32.1
    vertex 14.649999999999995 290.79999999999995 -30.1
  endloop
endfacet
facet normal 1.0 0.0 0.0
  outer loop
    vertex 14.649999999999995 290.79999999999995 -30.1
    vertex 14.649999999999995 292.9 -32.1
    vertex 14.649999999999995 292.79999999999995 -30.1
  endloop
endfacet
facet normal 1.0 0.0 0.0
  outer loop
    vertex 14.649999999999995 292.79999999999995 -30.1
    vertex 14.649999999999995 292.9 -32.1
    vertex 14.649999999999995 292.79999999999995 -28.099999999999998
  endloop
endfacet
facet normal 1.0 0.0 0.0
  outer loop
    vertex 14.649999999999995 292.79999999999995 -28.099999999999998
    vertex 14.649999999999995 292.9 -32.1
    vertex 14.649999999999995 292.79999999999995 -19.600000000000005
  endloop
endfacet
facet normal 1.0 0.0 0.0
  outer loop
    vertex 14.649999999999995 292.79999999999995 -19.600000000000005
    vertex 14.649999999999995 292.9 -32.1
    vertex 14.649999999999995 294.9 -19.600000000000005
  endloop
endfacet
facet normal 1.0 0.0 0.0
  outer loop
    vertex 14.649999999999995 294.9 -19.600000000000005
    vertex 14.649999999999995 292.9 -32.1
    vertex 14.649999999999995 294.9 -30.1
  endloop
endfacet
facet normal -1.0 0.0 0.0
  outer loop
    vertex 8.149999999999999 294.9 -19.6
    vertex 8.149999999999999 292.79999999999995 -28.099999999999998
    vertex 8.149999999999999 292.79999999999995 -19.6
  endloop
endfacet
facet normal -1.0 0.0 0.0
  outer loop
    vertex 8.149999999999999 292.79999999999995 -28.099999999999998
    vertex 8.149999999999999 294.9 -19.6
    vertex 8.149999999999999 292.79999999999995 -30.1
  endloop
endfacet
facet normal -1.0 0.0 0.0
  outer loop
    vertex 8.149999999999999 292.79999999999995 -30.1
    vertex 8.149999999999999 294.9 -19.6
    vertex 8.149999999999999 292.9 -32.1
  endloop
endfacet
facet normal -1.0 0.0 0.0
  outer loop
    vertex 8.149999999999999 292.9 -32.1
    vertex 8.149999999999999 294.9 -19.6
    vertex 8.149999999999999 294.9 -30.1
  endloop
endfacet
facet normal -1.0 0.0 0.0
  outer loop
    vertex 8.149999999999999 290.79999999999995 -30.1
    vertex 8.149999999999999 284.2 -32.1
    vertex 8.149999999999999 284.2 -30.099999999999994
  endloop
endfacet
facet normal -1.0 0.0 0.0
  outer loop
    vertex 8.149999999999999 284.2 -32.1
    vertex 8.149999999999999 290.79999999999995 -30.1
    vertex 8.149999999999999 292.9 -32.1
  endloop
endfacet
facet normal -1.0 0.0 0.0
  outer loop
    vertex 8.149999999999999 292.9 -32.1
    vertex 8.149999999999999 290.79999999999995 -30.1
    vertex 8.149999999999999 292.79999999999995 -30.1
  endloop
endfacet
facet normal -1.0 -3.985980226005335e-16 3.284820221117719e-16
  outer loop
    vertex 15.65 294.9 -19.600000000000005
    vertex 15.65 292.79999999999995 -28.099999999999998
    vertex 15.65 292.79999999999995 -19.600000000000005
  endloop
endfacet
facet normal -1.0 -3.985980226005335e-16 3.284820221117719e-16
  outer loop
    vertex 15.65 292.79999999999995 -28.099999999999998
    vertex 15.65 294.9 -19.600000000000005
    vertex 15.65 292.79999999999995 -30.1
  endloop
endfacet
facet normal -1.0 -3.985980226005335e-16 3.284820221117719e-16
  outer loop
    vertex 15.65 292.79999999999995 -30.1
    vertex 15.65 294.9 -19.600000000000005
    vertex 15.649999999999993 292.9 -32.1
  endloop
endfacet
facet normal -1.0 -3.985980226005335e-16 3.284820221117719e-16
  outer loop
    vertex 15.649999999999993 292.9 -32.1
    vertex 15.65 294.9 -19.600000000000005
    vertex 15.649999999999993 294.9 -30.1
  endloop
endfacet
facet normal -1.0 -3.985980226005335e-16 3.284820221117719e-16
  outer loop
    vertex 15.65 290.79999999999995 -30.1
    vertex 15.65 284.2 -32.1
    vertex 15.65 284.2 -30.1
  endloop
endfacet
facet normal -1.0 -3.985980226005335e-16 3.284820221117719e-16
  outer loop
    vertex 15.65 284.2 -32.1
    vertex 15.65 290.79999999999995 -30.1
    vertex 15.649999999999993 292.9 -32.1
  endloop
endfacet
facet normal -1.0 -3.985980226005335e-16 3.284820221117719e-16
  outer loop
    vertex 15.649999999999993 292.9 -32.1
    vertex 15.65 290.79999999999995 -30.1
    vertex 15.65 292.79999999999995 -30.1
  endloop
endfacet
facet normal -1.0 0.0 0.0
  outer loop
    vertex 10.649999999999997 294.9 -19.600000000000005
    vertex 10.649999999999997 292.79999999999995 -28.099999999999998
    vertex 10.649999999999997 292.79999999999995 -19.600000000000005
  endloop
endfacet
facet normal -1.0 0.0 0.0
  outer loop
    vertex 10.649999999999997 292.79999999999995 -28.099999999999998
    vertex 10.649999999999997 294.9 -19.600000000000005
    vertex 10.649999999999997 292.79999999999995 -30.1
  endloop
endfacet
facet normal -1.0 0.0 0.0
  outer loop
    vertex 10.649999999999997 292.79999999999995 -30.1
    vertex 10.649999999999997 294.9 -19.600000000000005
    vertex 10.649999999999997 292.9 -32.1
  endloop
endfacet
facet normal -1.0 0.0 0.0
  outer loop
    vertex 10.649999999999997 292.9 -32.1
    vertex 10.649999999999997 294.9 -19.600000000000005
    vertex 10.649999999999997 294.9 -30.1
  endloop
endfacet
facet normal -1.0 0.0 0.0
  outer loop
    vertex 10.649999999999997 290.79999999999995 -30.1
    vertex 10.649999999999997 284.2 -32.1
    vertex 10.649999999999997 284.2 -30.10000000000001
  endloop
endfacet
facet normal -1.0 0.0 0.0
  outer loop
    vertex 10.649999999999997 284.2 -32.1
    vertex 10.649999999999997 290.79999999999995 -30.1
    vertex 10.649999999999997 292.9 -32.1
  endloop
endfacet
facet normal -1.0 0.0 0.0
  outer loop
    vertex 10.649999999999997 292.9 -32.1
    vertex 10.649999999999997 290.79999999999995 -30.1
    vertex 10.649999999999997 292.79999999999995 -30.1
  endloop
endfacet
facet normal 1.0 0.0 0.0
  outer loop
    vertex 12.15 292.9 -32.1
    vertex 12.15 284.2 -30.10000000000001
    vertex 12.15 284.2 -32.1
  endloop
endfacet
facet normal 1.0 0.0 0.0
  outer loop
    vertex 12.15 284.2 -30.10000000000001
    vertex 12.15 292.9 -32.1
    vertex 12.15 290.79999999999995 -30.1
  endloop
endfacet
facet normal 1.0 0.0 0.0
  outer loop
    vertex 12.15 290.79999999999995 -30.1
    vertex 12.15 292.9 -32.1
    vertex 12.15 292.79999999999995 -30.1
  endloop
endfacet
facet normal 1.0 0.0 0.0
  outer loop
    vertex 12.15 292.79999999999995 -30.1
    vertex 12.15 292.9 -32.1
    vertex 12.15 292.79999999999995 -28.099999999999998
  endloop
endfacet
facet normal 1.0 0.0 0.0
  outer loop
    vertex 12.15 292.79999999999995 -28.099999999999998
    vertex 12.15 292.9 -32.1
    vertex 12.15 292.79999999999995 -19.600000000000005
  endloop
endfacet
facet normal 1.0 0.0 0.0
  outer loop
    vertex 12.15 292.79999999999995 -19.600000000000005
    vertex 12.15 292.9 -32.1
    vertex 12.15 294.9 -19.600000000000005
  endloop
endfacet
facet normal 1.0 0.0 0.0
  outer loop
    vertex 12.15 294.9 -19.600000000000005
    vertex 12.15 292.9 -32.1
    vertex 12.15 294.9 -30.1
  endloop
endfacet
facet normal 1.0 -2.3301385427395546e-16 2.1242640881794635e-16
  outer loop
    vertex 17.149999999999995 292.9 -32.1
    vertex 17.149999999999995 284.2 -30.1
    vertex 17.149999999999995 284.2 -32.1
  endloop
endfacet
facet normal 1.0 -2.3301385427395546e-16 2.1242640881794635e-16
  outer loop
    vertex 17.149999999999995 284.2 -30.1
    vertex 17.149999999999995 292.9 -32.1
    vertex 17.150000000000002 290.79999999999995 -30.1
  endloop
endfacet
facet normal 1.0 -2.3301385427395546e-16 2.1242640881794635e-16
  outer loop
    vertex 17.150000000000002 290.79999999999995 -30.1
    vertex 17.149999999999995 292.9 -32.1
    vertex 17.150000000000002 292.79999999999995 -30.1
  endloop
endfacet
facet normal 1.0 -2.3301385427395546e-16 2.1242640881794635e-16
  outer loop
    vertex 17.150000000000002 292.79999999999995 -30.1
    vertex 17.149999999999995 292.9 -32.1
    vertex 17.150000000000002 292.79999999999995 -28.099999999999998
  endloop
endfacet
facet normal 1.0 -2.3301385427395546e-16 2.1242640881794635e-16
  outer loop
    vertex 17.150000000000002 292.79999999999995 -28.099999999999998
    vertex 17.149999999999995 292.9 -32.1
    vertex 17.149999999999995 292.79999999999995 -19.600000000000005
  endloop
endfacet
facet normal 1.0 -2.3301385427395546e-16 2.1242640881794635e-16
  outer loop
    vertex 17.149999999999995 292.79999999999995 -19.600000000000005
    vertex 17.149999999999995 292.9 -32.1
    vertex 17.149999999999995 294.9 -19.600000000000005
  endloop
endfacet
facet normal 1.0 -2.3301385427395546e-16 2.1242640881794635e-16
  outer loop
    vertex 17.149999999999995 294.9 -19.600000000000005
    vertex 17.149999999999995 292.9 -32.1
    vertex 17.149999999999995 294.9 -30.1
  endloop
endfacet
facet normal -1.0 0.0 0.0
  outer loop
    vertex 13.149999999999999 294.9 -19.600000000000005
    vertex 13.149999999999999 292.79999999999995 -28.099999999999998
    vertex 13.149999999999999 292.79999999999995 -19.600000000000005
  endloop
endfacet
facet normal -1.0 0.0 0.0
  outer loop
    vertex 13.149999999999999 292.79999999999995 -28.099999999999998
    vertex 13.149999999999999 294.9 -19.600000000000005
    vertex 13.149999999999999 292.79999999999995 -30.1
  endloop
endfacet
facet normal -1.0 0.0 0.0
  outer loop
    vertex 13.149999999999999 292.79999999999995 -30.1
    vertex 13.149999999999999 294.9 -19.600000000000005
    vertex 13.149999999999999 292.9 -32.1
  endloop
endfacet
facet normal -1.0 0.0 0.0
  outer loop
    vertex 13.149999999999999 292.9 -32.1
    vertex 13.149999999999999 294.9 -19.600000000000005
    vertex 13.149999999999999 294.9 -30.1
  endloop
endfacet
facet normal -1.0 0.0 0.0
  outer loop
    vertex 13.149999999999999 290.79999999999995 -30.1
    vertex 13.149999999999999 284.2 -32.1
    vertex 13.149999999999999 284.2 -30.10000000000001
  endloop
endfacet
facet normal -1.0 0.0 0.0
  outer loop
    vertex 13.149999999999999 284.2 -32.1
    vertex 13.149999999999999 290.79999999999995 -30.1
    vertex 13.149999999999999 292.9 -32.1
  endloop
endfacet
facet normal -1.0 0.0 0.0
  outer loop
    vertex 13.149999999999999 292.9 -32.1
    vertex 13.149999999999999 290.79999999999995 -30.1
    vertex 13.149999999999999 292.79999999999995 -30.1
  endloop
endfacet
facet normal 1.0 0.0 0.0
  outer loop
    vertex 9.649999999999999 292.9 -32.1
    vertex 9.649999999999999 284.2 -30.10000000000001
    vertex 9.649999999999999 284.2 -32.1
  endloop
endfacet
facet normal 1.0 0.0 0.0
  outer loop
    vertex 9.649999999999999 284.2 -30.10000000000001
    vertex 9.649999999999999 292.9 -32.1
    vertex 9.649999999999999 290.79999999999995 -30.1
  endloop
endfacet
facet normal 1.0 0.0 0.0
  outer loop
    vertex 9.649999999999999 290.79999999999995 -30.1
    vertex 9.649999999999999 292.9 -32.1
    vertex 9.649999999999999 292.79999999999995 -30.1
  endloop
endfacet
facet normal 1.0 0.0 0.0
  outer loop
    vertex 9.649999999999999 292.79999999999995 -30.1
    vertex 9.649999999999999 292.9 -32.1
    vertex 9.649999999999999 292.79999999999995 -28.099999999999998
  endloop
endfacet
facet normal 1.0 0.0 0.0
  outer loop
    vertex 9.649999999999999 292.79999999999995 -28.099999999999998
    vertex 9.649999999999999 292.9 -32.1
    vertex 9.649999999999999 292.79999999999995 -19.600000000000005
  endloop
endfacet
facet normal 1.0 0.0 0.0
  outer loop
    vertex 9.649999999999999 292.79999999999995 -19.600000000000005
    vertex 9.649999999999999 292.9 -32.1
    vertex 9.649999999999999 294.9 -19.600000000000005
  endloop
endfacet
facet normal 1.0 0.0 0.0
  outer loop
    vertex 9.649999999999999 294.9 -19.600000000000005
    vertex 9.649999999999999 292.9 -32.1
    vertex 9.649999999999999 294.9 -30.1
  endloop
endfacet
facet normal -1.0 0.0 0.0
  outer loop
    vertex 18.149999999999995 292.79999999999995 -30.1
    vertex 18.149999999999995 290.79999999999995 -30.1
    vertex 18.149999999999995 292.79999999999995 -28.099999999999998
  endloop
endfacet
facet normal 1.0 0.0 0.0
  outer loop
    vertex 7.1499999999999995 292.79999999999995 -28.099999999999998
    vertex 7.1499999999999995 290.79999999999995 -30.1
    vertex 7.1499999999999995 292.79999999999995 -30.1
  endloop
endfacet
facet normal 1.0 0.0 0.0
  outer loop
    vertex 9.649999999999999 292.79999999999995 -28.099999999999998
    vertex 9.649999999999999 290.79999999999995 -30.1
    vertex 9.649999999999999 292.79999999999995 -30.1
  endloop
endfacet
facet normal -1.0 0.0 0.0
  outer loop
    vertex 8.149999999999999 292.79999999999995 -30.1
    vertex 8.149999999999999 290.79999999999995 -30.1
    vertex 8.149999999999999 292.79999999999995 -28.099999999999998
  endloop
endfacet
facet normal 1.0 0.0 0.0
  outer loop
    vertex 12.15 292.79999999999995 -28.099999999999998
    vertex 12.15 290.79999999999995 -30.1
    vertex 12.15 292.79999999999995 -30.1
  endloop
endfacet
facet normal -1.0 0.0 0.0
  outer loop
    vertex 10.649999999999997 292.79999999999995 -30.1
    vertex 10.649999999999997 290.79999999999995 -30.1
    vertex 10.649999999999997 292.79999999999995 -28.099999999999998
  endloop
endfacet
facet normal 1.0 0.0 0.0
  outer loop
    vertex 14.649999999999995 292.79999999999995 -28.099999999999998
    vertex 14.649999999999995 290.79999999999995 -30.1
    vertex 14.649999999999995 292.79999999999995 -30.1
  endloop
endfacet
facet normal -1.0 0.0 0.0
  outer loop
    vertex 13.149999999999999 292.79999999999995 -30.1
    vertex 13.149999999999999 290.79999999999995 -30.1
    vertex 13.149999999999999 292.79999999999995 -28.099999999999998
  endloop
endfacet
facet normal 1.0 0.0 0.0
  outer loop
    vertex 17.150000000000002 292.79999999999995 -28.099999999999998
    vertex 17.150000000000002 290.79999999999995 -30.1
    vertex 17.150000000000002 292.79999999999995 -30.1
  endloop
endfacet
facet normal -1.0 0.0 0.0
  outer loop
    vertex 15.65 292.79999999999995 -30.1
    vertex 15.65 290.79999999999995 -30.1
    vertex 15.65 292.79999999999995 -28.099999999999998
  endloop
endfacet
facet normal 0.7071067811865583 -0.4999999999999988 -0.49999999999998623
  outer loop
    vertex 94.75 263.29999999999995 -19.978679656440356
    vertex 95.25 262.12842712474617 -18.1
    vertex 94.75 261.9213203435596 -18.6
  endloop
endfacet
facet normal 0.7071067811865583 -0.4999999999999988 -0.49999999999998623
  outer loop
    vertex 95.25 262.12842712474617 -18.1
    vertex 94.75 263.29999999999995 -19.978679656440356
    vertex 95.25 263.79999999999995 -19.771572875253813
  endloop
endfacet
facet normal 0.7071067811865476 0.0 -0.7071067811865476
  outer loop
    vertex 94.75 251.67867965644038 -18.6
    vertex 95.25 262.12842712474617 -18.1
    vertex 95.25 251.47157287525386 -18.1
  endloop
endfacet
facet normal 0.7071067811865476 0.0 -0.7071067811865476
  outer loop
    vertex 95.25 262.12842712474617 -18.1
    vertex 94.75 251.67867965644038 -18.6
    vertex 94.75 261.9213203435596 -18.6
  endloop
endfacet
facet normal 0.7071067811865636 -0.7071067811865316 0.0
  outer loop
    vertex 95.25 263.79999999999995 -24.428427124746182
    vertex 94.75 263.29999999999995 -19.978679656440356
    vertex 94.75 263.29999999999995 -24.22132034355964
  endloop
endfacet
facet normal 0.7071067811865636 -0.7071067811865316 0.0
  outer loop
    vertex 94.75 263.29999999999995 -19.978679656440356
    vertex 95.25 263.79999999999995 -24.428427124746182
    vertex 95.25 263.79999999999995 -19.771572875253813
  endloop
endfacet
facet normal 0.7071067811865378 0.5000000000000013 -0.5000000000000124
  outer loop
    vertex 94.75 250.29999999999998 -19.97867965644038
    vertex 95.25 251.47157287525386 -18.1
    vertex 95.25 249.79999999999995 -19.771572875253874
  endloop
endfacet
facet normal 0.7071067811865378 0.5000000000000013 -0.5000000000000124
  outer loop
    vertex 95.25 251.47157287525386 -18.1
    vertex 94.75 250.29999999999998 -19.97867965644038
    vertex 94.75 251.67867965644038 -18.6
  endloop
endfacet
facet normal 0.7071067811865476 0.0 0.7071067811865476
  outer loop
    vertex 95.25 262.12842712474617 -26.099999999999998
    vertex 94.75 251.67867965644038 -25.599999999999998
    vertex 95.25 251.47157287525386 -26.099999999999998
  endloop
endfacet
facet normal 0.7071067811865476 0.0 0.7071067811865476
  outer loop
    vertex 94.75 251.67867965644038 -25.599999999999998
    vertex 95.25 262.12842712474617 -26.099999999999998
    vertex 94.75 261.9213203435596 -25.599999999999998
  endloop
endfacet
facet normal 0.7071067811865636 0.7071067811865316 0.0
  outer loop
    vertex 94.75 250.29999999999998 -24.22132034355962
    vertex 95.25 249.79999999999995 -19.771572875253874
    vertex 95.25 249.79999999999995 -24.428427124746122
  endloop
endfacet
facet normal 0.7071067811865636 0.7071067811865316 0.0
  outer loop
    vertex 95.25 249.79999999999995 -19.771572875253874
    vertex 94.75 250.29999999999998 -24.22132034355962
    vertex 94.75 250.29999999999998 -19.97867965644038
  endloop
endfacet
facet normal 0.707106781186558 -0.4999999999999989 0.49999999999998634
  outer loop
    vertex 95.25 262.12842712474617 -26.099999999999998
    vertex 94.75 263.29999999999995 -24.22132034355964
    vertex 94.75 261.9213203435596 -25.599999999999998
  endloop
endfacet
facet normal 0.707106781186558 -0.4999999999999989 0.49999999999998634
  outer loop
    vertex 94.75 263.29999999999995 -24.22132034355964
    vertex 95.25 262.12842712474617 -26.099999999999998
    vertex 95.25 263.79999999999995 -24.428427124746182
  endloop
endfacet
facet normal 0.707106781186538 0.5000000000000012 0.5000000000000122
  outer loop
    vertex 95.25 251.47157287525386 -26.099999999999998
    vertex 94.75 250.29999999999998 -24.22132034355962
    vertex 95.25 249.79999999999995 -24.428427124746122
  endloop
endfacet
facet normal 0.707106781186538 0.5000000000000012 0.5000000000000122
  outer loop
    vertex 94.75 250.29999999999998 -24.22132034355962
    vertex 95.25 251.47157287525386 -26.099999999999998
    vertex 94.75 251.67867965644038 -25.599999999999998
  endloop
endfacet
facet normal 0.0 -0.7071067811865562 0.7071067811865389
  outer loop
    vertex 94.75 263.29999999999995 -24.22132034355964
    vertex 94.55 261.9213203435596 -25.599999999999998
    vertex 94.75 261.9213203435596 -25.599999999999998
  endloop
endfacet
facet normal 0.0 -0.7071067811865562 0.7071067811865389
  outer loop
    vertex 94.55 261.9213203435596 -25.599999999999998
    vertex 94.75 263.29999999999995 -24.22132034355964
    vertex 94.55 263.29999999999995 -24.22132034355964
  endloop
endfacet
facet normal 0.0 -0.7071067811865562 -0.7071067811865389
  outer loop
    vertex 94.75 261.9213203435596 -18.6
    vertex 94.55 263.29999999999995 -19.978679656440356
    vertex 94.75 263.29999999999995 -19.978679656440356
  endloop
endfacet
facet normal 0.0 -0.7071067811865562 -0.7071067811865389
  outer loop
    vertex 94.55 263.29999999999995 -19.978679656440356
    vertex 94.75 261.9213203435596 -18.6
    vertex 94.55 261.9213203435596 -18.6
  endloop
endfacet
facet normal -1.1963374304180683e-13 0.7071067811865418 0.7071067811865533
  outer loop
    vertex 94.75 250.29999999999998 -24.22132034355962
    vertex 94.55 251.67867965644035 -25.599999999999998
    vertex 94.55 250.29999999999998 -24.22132034355964
  endloop
endfacet
facet normal -1.1963374304180683e-13 0.7071067811865418 0.7071067811865533
  outer loop
    vertex 94.55 251.67867965644035 -25.599999999999998
    vertex 94.75 250.29999999999998 -24.22132034355962
    vertex 94.75 251.67867965644038 -25.599999999999998
  endloop
endfacet
facet normal -1.1963374304180683e-13 0.7071067811865418 -0.7071067811865533
  outer loop
    vertex 94.75 251.67867965644038 -18.6
    vertex 94.55 250.29999999999998 -19.978679656440356
    vertex 94.55 251.67867965644035 -18.6
  endloop
endfacet
facet normal -1.1963374304180683e-13 0.7071067811865418 -0.7071067811865533
  outer loop
    vertex 94.55 250.29999999999998 -19.978679656440356
    vertex 94.75 251.67867965644038 -18.6
    vertex 94.75 250.29999999999998 -19.97867965644038
  endloop
endfacet
facet normal 0.0 0.0 1.0
  outer loop
    vertex 1.7607695154586758 286.4 -30.1
    vertex 1.8340741737109334 286.74118095489746 -30.1
    vertex 1.8000000000000016 286.99999999999994 -30.1
  endloop
endfacet
facet normal 0.0 0.0 1.0
  outer loop
    vertex 1.8340741737109334 286.74118095489746 -30.1
    vertex 1.7607695154586758 286.4 -30.1
    vertex 1.9514718625761447 286.1514718625761 -30.1
  endloop
endfacet
facet normal 0.0 0.0 1.0
  outer loop
    vertex 1.8340741737109334 286.74118095489746 -30.1
    vertex 1.9514718625761447 286.1514718625761 -30.1
    vertex 1.9339745962155628 286.5 -30.1
  endloop
endfacet
facet normal 0.0 0.0 1.0
  outer loop
    vertex 1.9339745962155628 286.5 -30.1
    vertex 1.9514718625761447 286.1514718625761 -30.1
    vertex 2.092893218813454 286.29289321881345 -30.1
  endloop
endfacet
facet normal 0.0 0.0 1.0
  outer loop
    vertex 2.092893218813454 286.29289321881345 -30.1
    vertex 1.9514718625761447 286.1514718625761 -30.1
    vertex 2.2000000000000015 285.96076951545865 -30.1
  endloop
endfacet
facet normal 0.0 0.0 1.0
  outer loop
    vertex 2.092893218813454 286.29289321881345 -30.1
    vertex 2.2000000000000015 285.96076951545865 -30.1
    vertex 2.3000000000000016 286.1339745962156 -30.1
  endloop
endfacet
facet normal 0.0 0.0 1.0
  outer loop
    vertex 2.3000000000000016 286.1339745962156 -30.1
    vertex 2.2000000000000015 285.96076951545865 -30.1
    vertex 2.489417145876976 285.8408890084531 -30.1
  endloop
endfacet
facet normal 0.0 0.0 1.0
  outer loop
    vertex 2.3000000000000016 286.1339745962156 -30.1
    vertex 2.489417145876976 285.8408890084531 -30.1
    vertex 2.54118095489748 286.0340741737109 -30.1
  endloop
endfacet
facet normal 0.0 0.0 1.0
  outer loop
    vertex 2.54118095489748 286.0340741737109 -30.1
    vertex 2.489417145876976 285.8408890084531 -30.1
    vertex 2.8 285.79999999999995 -30.1
  endloop
endfacet
facet normal 0.0 0.0 1.0
  outer loop
    vertex 2.54118095489748 286.0340741737109 -30.1
    vertex 2.8 285.79999999999995 -30.1
    vertex 2.8 286.0 -30.1
  endloop
endfacet
facet normal 0.0 0.0 1.0
  outer loop
    vertex 2.8 286.0 -30.1
    vertex 2.8 285.79999999999995 -30.1
    vertex 3.1105828541230243 285.8408890084531 -30.1
  endloop
endfacet
facet normal 0.0 0.0 1.0
  outer loop
    vertex 2.8 286.0 -30.1
    vertex 3.1105828541230243 285.8408890084531 -30.1
    vertex 3.0588190451025206 286.0340741737109 -30.1
  endloop
endfacet
facet normal 0.0 0.0 1.0
  outer loop
    vertex 3.0588190451025206 286.0340741737109 -30.1
    vertex 3.1105828541230243 285.8408890084531 -30.1
    vertex 3.2999999999999994 286.1339745962156 -30.1
  endloop
endfacet
facet normal 0.0 0.0 1.0
  outer loop
    vertex 3.2999999999999994 286.1339745962156 -30.1
    vertex 3.1105828541230243 285.8408890084531 -30.1
    vertex 3.3999999999999995 285.96076951545865 -30.1
  endloop
endfacet
facet normal 0.0 0.0 1.0
  outer loop
    vertex 3.2999999999999994 286.1339745962156 -30.1
    vertex 3.3999999999999995 285.96076951545865 -30.1
    vertex 3.507106781186547 286.29289321881345 -30.1
  endloop
endfacet
facet normal 0.0 0.0 1.0
  outer loop
    vertex 3.507106781186547 286.29289321881345 -30.1
    vertex 3.3999999999999995 285.96076951545865 -30.1
    vertex 3.6485281374238556 286.1514718625761 -30.1
  endloop
endfacet
facet normal 0.0 0.0 1.0
  outer loop
    vertex 3.507106781186547 286.29289321881345 -30.1
    vertex 3.6485281374238556 286.1514718625761 -30.1
    vertex 3.666025403784437 286.5 -30.1
  endloop
endfacet
facet normal 0.0 0.0 1.0
  outer loop
    vertex 3.666025403784437 286.5 -30.1
    vertex 3.6485281374238556 286.1514718625761 -30.1
    vertex 3.8392304845413254 286.4 -30.1
  endloop
endfacet
facet normal 0.0 0.0 1.0
  outer loop
    vertex 3.666025403784437 286.5 -30.1
    vertex 3.8392304845413254 286.4 -30.1
    vertex 3.7659258262890654 286.74118095489746 -30.1
  endloop
endfacet
facet normal 0.0 0.0 1.0
  outer loop
    vertex 3.7659258262890654 286.74118095489746 -30.1
    vertex 3.8392304845413254 286.4 -30.1
    vertex 3.799999999999997 286.99999999999994 -30.1
  endloop
endfacet
facet normal 0.0 0.0 1.0
  outer loop
    vertex 3.799999999999997 286.99999999999994 -30.1
    vertex 3.8392304845413254 286.4 -30.1
    vertex 3.8392304845413237 287.59999999999997 -30.1
  endloop
endfacet
facet normal 0.0 0.0 1.0
  outer loop
    vertex 3.8392304845413237 287.59999999999997 -30.1
    vertex 3.8392304845413254 286.4 -30.1
    vertex 3.9591109915468796 287.310582854123 -30.1
  endloop
endfacet
facet normal 0.0 0.0 1.0
  outer loop
    vertex 3.9591109915468796 287.310582854123 -30.1
    vertex 3.8392304845413254 286.4 -30.1
    vertex 3.9591109915468796 286.6894171458769 -30.1
  endloop
endfacet
facet normal 0.0 0.0 1.0
  outer loop
    vertex 3.9591109915468796 287.310582854123 -30.1
    vertex 3.9591109915468796 286.6894171458769 -30.1
    vertex 3.9999999999999982 286.99999999999994 -30.1
  endloop
endfacet
facet normal 0.0 0.0 1.0
  outer loop
    vertex 1.64088900845312 286.6894171458769 -30.1
    vertex 1.64088900845312 287.310582854123 -30.1
    vertex 1.600000000000002 286.99999999999994 -30.1
  endloop
endfacet
facet normal 0.0 0.0 1.0
  outer loop
    vertex 1.64088900845312 287.310582854123 -30.1
    vertex 1.64088900845312 286.6894171458769 -30.1
    vertex 1.7607695154586758 286.4 -30.1
  endloop
endfacet
facet normal 0.0 0.0 1.0
  outer loop
    vertex 1.64088900845312 287.310582854123 -30.1
    vertex 1.7607695154586758 286.4 -30.1
    vertex 1.760769515458675 287.59999999999997 -30.1
  endloop
endfacet
facet normal 0.0 0.0 1.0
  outer loop
    vertex 1.760769515458675 287.59999999999997 -30.1
    vertex 1.7607695154586758 286.4 -30.1
    vertex 1.8000000000000016 286.99999999999994 -30.1
  endloop
endfacet
facet normal 0.0 0.0 1.0
  outer loop
    vertex 1.760769515458675 287.59999999999997 -30.1
    vertex 1.8000000000000016 286.99999999999994 -30.1
    vertex 1.8340741737109334 287.2588190451025 -30.1
  endloop
endfacet
facet normal 0.0 0.0 1.0
  outer loop
    vertex 1.760769515458675 287.59999999999997 -30.1
    vertex 1.8340741737109334 287.2588190451025 -30.1
    vertex 1.9514718625761438 287.8485281374238 -30.1
  endloop
endfacet
facet normal 0.0 0.0 1.0
  outer loop
    vertex 1.9514718625761438 287.8485281374238 -30.1
    vertex 1.8340741737109334 287.2588190451025 -30.1
    vertex 1.9339745962155628 287.5 -30.1
  endloop
endfacet
facet normal 0.0 0.0 1.0
  outer loop
    vertex 1.9514718625761438 287.8485281374238 -30.1
    vertex 1.9339745962155628 287.5 -30.1
    vertex 2.0928932188134532 287.70710678118655 -30.1
  endloop
endfacet
facet normal 0.0 0.0 1.0
  outer loop
    vertex 1.9514718625761438 287.8485281374238 -30.1
    vertex 2.0928932188134532 287.70710678118655 -30.1
    vertex 2.2 288.0392304845413 -30.1
  endloop
endfacet
facet normal 0.0 0.0 1.0
  outer loop
    vertex 2.2 288.0392304845413 -30.1
    vertex 2.0928932188134532 287.70710678118655 -30.1
    vertex 2.3 287.8660254037845 -30.1
  endloop
endfacet
facet normal 0.0 0.0 1.0
  outer loop
    vertex 2.2 288.0392304845413 -30.1
    vertex 2.3 287.8660254037845 -30.1
    vertex 2.4894171458769745 288.15911099154687 -30.1
  endloop
endfacet
facet normal 0.0 0.0 1.0
  outer loop
    vertex 2.4894171458769745 288.15911099154687 -30.1
    vertex 2.3 287.8660254037845 -30.1
    vertex 2.541180954897479 287.96592582628904 -30.1
  endloop
endfacet
facet normal 0.0 0.0 1.0
  outer loop
    vertex 2.4894171458769745 288.15911099154687 -30.1
    vertex 2.541180954897479 287.96592582628904 -30.1
    vertex 2.8 288.2 -30.1
  endloop
endfacet
facet normal 0.0 0.0 1.0
  outer loop
    vertex 2.8 288.2 -30.1
    vertex 2.541180954897479 287.96592582628904 -30.1
    vertex 2.8 288.0 -30.1
  endloop
endfacet
facet normal 0.0 0.0 1.0
  outer loop
    vertex 2.8 288.2 -30.1
    vertex 2.8 288.0 -30.1
    vertex 3.0588190451025206 287.9659258262891 -30.1
  endloop
endfacet
facet normal 0.0 0.0 1.0
  outer loop
    vertex 2.8 288.2 -30.1
    vertex 3.0588190451025206 287.9659258262891 -30.1
    vertex 3.1105828541230243 288.15911099154687 -30.1
  endloop
endfacet
facet normal 0.0 0.0 1.0
  outer loop
    vertex 3.1105828541230243 288.15911099154687 -30.1
    vertex 3.0588190451025206 287.9659258262891 -30.1
    vertex 3.2999999999999994 287.8660254037845 -30.1
  endloop
endfacet
facet normal 0.0 0.0 1.0
  outer loop
    vertex 3.1105828541230243 288.15911099154687 -30.1
    vertex 3.2999999999999994 287.8660254037845 -30.1
    vertex 3.3999999999999995 288.0392304845413 -30.1
  endloop
endfacet
facet normal 0.0 0.0 1.0
  outer loop
    vertex 3.3999999999999995 288.0392304845413 -30.1
    vertex 3.2999999999999994 287.8660254037845 -30.1
    vertex 3.507106781186547 287.70710678118655 -30.1
  endloop
endfacet
facet normal 0.0 0.0 1.0
  outer loop
    vertex 3.3999999999999995 288.0392304845413 -30.1
    vertex 3.507106781186547 287.70710678118655 -30.1
    vertex 3.6485281374238556 287.8485281374238 -30.1
  endloop
endfacet
facet normal 0.0 0.0 1.0
  outer loop
    vertex 3.6485281374238556 287.8485281374238 -30.1
    vertex 3.507106781186547 287.70710678118655 -30.1
    vertex 3.666025403784437 287.5 -30.1
  endloop
endfacet
facet normal 0.0 0.0 1.0
  outer loop
    vertex 3.6485281374238556 287.8485281374238 -30.1
    vertex 3.666025403784437 287.5 -30.1
    vertex 3.8392304845413237 287.59999999999997 -30.1
  endloop
endfacet
facet normal 0.0 0.0 1.0
  outer loop
    vertex 3.8392304845413237 287.59999999999997 -30.1
    vertex 3.666025403784437 287.5 -30.1
    vertex 3.7659258262890654 287.2588190451025 -30.1
  endloop
endfacet
facet normal 0.0 0.0 1.0
  outer loop
    vertex 3.8392304845413237 287.59999999999997 -30.1
    vertex 3.7659258262890654 287.2588190451025 -30.1
    vertex 3.799999999999997 286.99999999999994 -30.1
  endloop
endfacet
facet normal -0.9238795325112786 -0.38268343236510965 -0.0
  outer loop
    vertex 3.8392304845413237 287.59999999999997 -17.600000000000012
    vertex 3.9591109915468796 287.310582854123 -30.1
    vertex 3.9591109915468796 287.310582854123 -17.600000000000012
  endloop
endfacet
facet normal -0.9238795325112786 -0.38268343236510965 -0.0
  outer loop
    vertex 3.9591109915468796 287.310582854123 -30.1
    vertex 3.8392304845413237 287.59999999999997 -17.600000000000012
    vertex 3.8392304845413237 287.59999999999997 -30.1
  endloop
endfacet
facet normal -0.7933533402912195 -0.6087614290087411 -0.0
  outer loop
    vertex 3.6485281374238556 287.8485281374238 -17.600000000000012
    vertex 3.8392304845413237 287.59999999999997 -30.1
    vertex 3.8392304845413237 287.59999999999997 -17.600000000000012
  endloop
endfacet
facet normal -0.7933533402912195 -0.6087614290087411 -0.0
  outer loop
    vertex 3.8392304845413237 287.59999999999997 -30.1
    vertex 3.6485281374238556 287.8485281374238 -17.600000000000012
    vertex 3.6485281374238556 287.8485281374238 -30.1
  endloop
endfacet
facet normal -0.6087614290087041 -0.7933533402912478 -0.0
  outer loop
    vertex 3.6485281374238556 287.8485281374238 -17.600000000000012
    vertex 3.3999999999999995 288.0392304845413 -30.1
    vertex 3.6485281374238556 287.8485281374238 -30.1
  endloop
endfacet
facet normal -0.6087614290087041 -0.7933533402912478 -0.0
  outer loop
    vertex 3.3999999999999995 288.0392304845413 -30.1
    vertex 3.6485281374238556 287.8485281374238 -17.600000000000012
    vertex 3.3999999999999995 288.0392304845413 -17.600000000000012
  endloop
endfacet
facet normal -0.3826834323651563 -0.9238795325112593 -0.0
  outer loop
    vertex 3.3999999999999995 288.0392304845413 -17.600000000000012
    vertex 3.1105828541230243 288.15911099154687 -30.1
    vertex 3.3999999999999995 288.0392304845413 -30.1
  endloop
endfacet
facet normal -0.3826834323651563 -0.9238795325112593 -0.0
  outer loop
    vertex 3.1105828541230243 288.15911099154687 -30.1
    vertex 3.3999999999999995 288.0392304845413 -17.600000000000012
    vertex 3.1105828541230243 288.15911099154687 -17.600000000000012
  endloop
endfacet
facet normal -0.1305261922200449 -0.9914448613738114 -0.0
  outer loop
    vertex 3.1105828541230243 288.15911099154687 -17.600000000000012
    vertex 2.8 288.2 -30.1
    vertex 3.1105828541230243 288.15911099154687 -30.1
  endloop
endfacet
facet normal -0.1305261922200449 -0.9914448613738114 -0.0
  outer loop
    vertex 2.8 288.2 -30.1
    vertex 3.1105828541230243 288.15911099154687 -17.600000000000012
    vertex 2.8 288.2 -17.600000000000012
  endloop
endfacet
facet normal 0.1305261922200445 -0.9914448613738114 0.0
  outer loop
    vertex 2.8 288.2 -17.600000000000012
    vertex 2.4894171458769745 288.15911099154687 -30.1
    vertex 2.8 288.2 -30.1
  endloop
endfacet
facet normal 0.1305261922200445 -0.9914448613738114 0.0
  outer loop
    vertex 2.4894171458769745 288.15911099154687 -30.1
    vertex 2.8 288.2 -17.600000000000012
    vertex 2.4894171458769745 288.15911099154687 -17.600000000000012
  endloop
endfacet
facet normal 0.3826834323651567 -0.9238795325112591 0.0
  outer loop
    vertex 2.4894171458769745 288.15911099154687 -17.600000000000012
    vertex 2.2 288.0392304845413 -30.1
    vertex 2.4894171458769745 288.15911099154687 -30.1
  endloop
endfacet
facet normal 0.3826834323651567 -0.9238795325112591 0.0
  outer loop
    vertex 2.2 288.0392304845413 -30.1
    vertex 2.4894171458769745 288.15911099154687 -17.600000000000012
    vertex 2.2 288.0392304845413 -17.600000000000012
  endloop
endfacet
facet normal 0.6087614290087052 -0.7933533402912472 0.0
  outer loop
    vertex 2.2 288.0392304845413 -17.600000000000012
    vertex 1.9514718625761438 287.8485281374238 -30.1
    vertex 2.2 288.0392304845413 -30.1
  endloop
endfacet
facet normal 0.6087614290087052 -0.7933533402912472 0.0
  outer loop
    vertex 1.9514718625761438 287.8485281374238 -30.1
    vertex 2.2 288.0392304845413 -17.600000000000012
    vertex 1.9514718625761438 287.8485281374238 -17.600000000000012
  endloop
endfacet
facet normal 0.7933533402912184 -0.6087614290087425 0.0
  outer loop
    vertex 1.9514718625761438 287.8485281374238 -30.1
    vertex 1.760769515458675 287.59999999999997 -17.600000000000012
    vertex 1.760769515458675 287.59999999999997 -30.1
  endloop
endfacet
facet normal 0.7933533402912184 -0.6087614290087425 0.0
  outer loop
    vertex 1.760769515458675 287.59999999999997 -17.600000000000012
    vertex 1.9514718625761438 287.8485281374238 -30.1
    vertex 1.9514718625761438 287.8485281374238 -17.600000000000012
  endloop
endfacet
facet normal 0.9238795325112794 -0.38268343236510777 0.0
  outer loop
    vertex 1.760769515458675 287.59999999999997 -30.1
    vertex 1.64088900845312 287.310582854123 -17.600000000000012
    vertex 1.64088900845312 287.310582854123 -30.1
  endloop
endfacet
facet normal 0.9238795325112794 -0.38268343236510777 0.0
  outer loop
    vertex 1.64088900845312 287.310582854123 -17.600000000000012
    vertex 1.760769515458675 287.59999999999997 -30.1
    vertex 1.760769515458675 287.59999999999997 -17.600000000000012
  endloop
endfacet
facet normal 0.9914448613738114 -0.13052619222004472 0.0
  outer loop
    vertex 1.64088900845312 287.310582854123 -30.1
    vertex 1.600000000000002 286.99999999999994 -17.600000000000012
    vertex 1.600000000000002 286.99999999999994 -30.1
  endloop
endfacet
facet normal 0.9914448613738114 -0.13052619222004472 0.0
  outer loop
    vertex 1.600000000000002 286.99999999999994 -17.600000000000012
    vertex 1.64088900845312 287.310582854123 -30.1
    vertex 1.64088900845312 287.310582854123 -17.600000000000012
  endloop
endfacet
facet normal 0.9914448613738114 0.13052619222004472 0.0
  outer loop
    vertex 1.600000000000002 286.99999999999994 -30.1
    vertex 1.64088900845312 286.6894171458769 -17.600000000000012
    vertex 1.64088900845312 286.6894171458769 -30.1
  endloop
endfacet
facet normal 0.9914448613738114 0.13052619222004472 0.0
  outer loop
    vertex 1.64088900845312 286.6894171458769 -17.600000000000012
    vertex 1.600000000000002 286.99999999999994 -30.1
    vertex 1.600000000000002 286.99999999999994 -17.600000000000012
  endloop
endfacet
facet normal 0.9238795325112786 0.38268343236510965 0.0
  outer loop
    vertex 1.64088900845312 286.6894171458769 -30.1
    vertex 1.7607695154586758 286.4 -17.600000000000012
    vertex 1.7607695154586758 286.4 -30.1
  endloop
endfacet
facet normal 0.9238795325112786 0.38268343236510965 0.0
  outer loop
    vertex 1.7607695154586758 286.4 -17.600000000000012
    vertex 1.64088900845312 286.6894171458769 -30.1
    vertex 1.64088900845312 286.6894171458769 -17.600000000000012
  endloop
endfacet
facet normal 0.7933533402912184 0.6087614290087425 0.0
  outer loop
    vertex 1.7607695154586758 286.4 -30.1
    vertex 1.9514718625761447 286.1514718625761 -17.600000000000012
    vertex 1.9514718625761447 286.1514718625761 -30.1
  endloop
endfacet
facet normal 0.7933533402912184 0.6087614290087425 0.0
  outer loop
    vertex 1.9514718625761447 286.1514718625761 -17.600000000000012
    vertex 1.7607695154586758 286.4 -30.1
    vertex 1.7607695154586758 286.4 -17.600000000000012
  endloop
endfacet
facet normal 0.6087614290087046 0.7933533402912474 0.0
  outer loop
    vertex 1.9514718625761447 286.1514718625761 -17.600000000000012
    vertex 2.2000000000000015 285.96076951545865 -30.1
    vertex 1.9514718625761447 286.1514718625761 -30.1
  endloop
endfacet
facet normal 0.6087614290087046 0.7933533402912474 0.0
  outer loop
    vertex 2.2000000000000015 285.96076951545865 -30.1
    vertex 1.9514718625761447 286.1514718625761 -17.600000000000012
    vertex 2.2000000000000015 285.96076951545865 -17.600000000000012
  endloop
endfacet
facet normal 0.3826834323651563 0.9238795325112593 0.0
  outer loop
    vertex 2.2000000000000015 285.96076951545865 -17.600000000000012
    vertex 2.489417145876976 285.8408890084531 -30.1
    vertex 2.2000000000000015 285.96076951545865 -30.1
  endloop
endfacet
facet normal 0.3826834323651563 0.9238795325112593 0.0
  outer loop
    vertex 2.489417145876976 285.8408890084531 -30.1
    vertex 2.2000000000000015 285.96076951545865 -17.600000000000012
    vertex 2.489417145876976 285.8408890084531 -17.600000000000012
  endloop
endfacet
facet normal 0.13052619222004505 0.9914448613738113 0.0
  outer loop
    vertex 2.489417145876976 285.8408890084531 -17.600000000000012
    vertex 2.8 285.79999999999995 -30.1
    vertex 2.489417145876976 285.8408890084531 -30.1
  endloop
endfacet
facet normal 0.13052619222004505 0.9914448613738113 0.0
  outer loop
    vertex 2.8 285.79999999999995 -30.1
    vertex 2.489417145876976 285.8408890084531 -17.600000000000012
    vertex 2.8 285.79999999999995 -17.600000000000012
  endloop
endfacet
facet normal -0.13052619222004477 0.9914448613738113 0.0
  outer loop
    vertex 2.8 285.79999999999995 -17.600000000000012
    vertex 3.1105828541230243 285.8408890084531 -30.1
    vertex 2.8 285.79999999999995 -30.1
  endloop
endfacet
facet normal -0.13052619222004477 0.9914448613738113 0.0
  outer loop
    vertex 3.1105828541230243 285.8408890084531 -30.1
    vertex 2.8 285.79999999999995 -17.600000000000012
    vertex 3.1105828541230243 285.8408890084531 -17.600000000000012
  endloop
endfacet
facet normal -0.38268343236515584 0.9238795325112594 0.0
  outer loop
    vertex 3.1105828541230243 285.8408890084531 -17.600000000000012
    vertex 3.3999999999999995 285.96076951545865 -30.1
    vertex 3.1105828541230243 285.8408890084531 -30.1
  endloop
endfacet
facet normal -0.38268343236515584 0.9238795325112594 0.0
  outer loop
    vertex 3.3999999999999995 285.96076951545865 -30.1
    vertex 3.1105828541230243 285.8408890084531 -17.600000000000012
    vertex 3.3999999999999995 285.96076951545865 -17.600000000000012
  endloop
endfacet
facet normal -0.6087614290087052 0.7933533402912472 0.0
  outer loop
    vertex 3.3999999999999995 285.96076951545865 -17.600000000000012
    vertex 3.6485281374238556 286.1514718625761 -30.1
    vertex 3.3999999999999995 285.96076951545865 -30.1
  endloop
endfacet
facet normal -0.6087614290087052 0.7933533402912472 0.0
  outer loop
    vertex 3.6485281374238556 286.1514718625761 -30.1
    vertex 3.3999999999999995 285.96076951545865 -17.600000000000012
    vertex 3.6485281374238556 286.1514718625761 -17.600000000000012
  endloop
endfacet
facet normal -0.7933533402912184 0.6087614290087425 0.0
  outer loop
    vertex 3.8392304845413254 286.4 -17.600000000000012
    vertex 3.6485281374238556 286.1514718625761 -30.1
    vertex 3.6485281374238556 286.1514718625761 -17.600000000000012
  endloop
endfacet
facet normal -0.7933533402912184 0.6087614290087425 0.0
  outer loop
    vertex 3.6485281374238556 286.1514718625761 -30.1
    vertex 3.8392304845413254 286.4 -17.600000000000012
    vertex 3.8392304845413254 286.4 -30.1
  endloop
endfacet
facet normal -0.9238795325112794 0.38268343236510777 0.0
  outer loop
    vertex 3.9591109915468796 286.6894171458769 -17.600000000000012
    vertex 3.8392304845413254 286.4 -30.1
    vertex 3.8392304845413254 286.4 -17.600000000000012
  endloop
endfacet
facet normal -0.9238795325112794 0.38268343236510777 0.0
  outer loop
    vertex 3.8392304845413254 286.4 -30.1
    vertex 3.9591109915468796 286.6894171458769 -17.600000000000012
    vertex 3.9591109915468796 286.6894171458769 -30.1
  endloop
endfacet
facet normal -0.9914448613738114 0.13052619222004472 0.0
  outer loop
    vertex 3.9999999999999982 286.99999999999994 -17.600000000000012
    vertex 3.9591109915468796 286.6894171458769 -30.1
    vertex 3.9591109915468796 286.6894171458769 -17.600000000000012
  endloop
endfacet
facet normal -0.9914448613738114 0.13052619222004472 0.0
  outer loop
    vertex 3.9591109915468796 286.6894171458769 -30.1
    vertex 3.9999999999999982 286.99999999999994 -17.600000000000012
    vertex 3.9999999999999982 286.99999999999994 -30.1
  endloop
endfacet
facet normal -0.9914448613738114 -0.13052619222004472 -0.0
  outer loop
    vertex 3.9591109915468796 287.310582854123 -17.600000000000012
    vertex 3.9999999999999982 286.99999999999994 -30.1
    vertex 3.9999999999999982 286.99999999999994 -17.600000000000012
  endloop
endfacet
facet normal -0.9914448613738114 -0.13052619222004472 -0.0
  outer loop
    vertex 3.9999999999999982 286.99999999999994 -30.1
    vertex 3.9591109915468796 287.310582854123 -17.600000000000012
    vertex 3.9591109915468796 287.310582854123 -30.1
  endloop
endfacet
facet normal 0.0 0.0 1.0
  outer loop
    vertex 1.7607695154586758 202.2 -30.100000000000012
    vertex 1.8340741737109312 202.54118095489747 -30.100000000000012
    vertex 1.7999999999999996 202.79999999999998 -30.100000000000012
  endloop
endfacet
facet normal 0.0 0.0 1.0
  outer loop
    vertex 1.8340741737109312 202.54118095489747 -30.100000000000012
    vertex 1.7607695154586758 202.2 -30.100000000000012
    vertex 1.9514718625761447 201.9514718625761 -30.100000000000012
  endloop
endfacet
facet normal 0.0 0.0 1.0
  outer loop
    vertex 1.8340741737109312 202.54118095489747 -30.100000000000012
    vertex 1.9514718625761447 201.9514718625761 -30.100000000000012
    vertex 1.9339745962155614 202.29999999999998 -30.100000000000012
  endloop
endfacet
facet normal 0.0 0.0 1.0
  outer loop
    vertex 1.9339745962155614 202.29999999999998 -30.100000000000012
    vertex 1.9514718625761447 201.9514718625761 -30.100000000000012
    vertex 2.092893218813453 202.09289321881343 -30.100000000000012
  endloop
endfacet
facet normal 0.0 0.0 1.0
  outer loop
    vertex 2.092893218813453 202.09289321881343 -30.100000000000012
    vertex 1.9514718625761447 201.9514718625761 -30.100000000000012
    vertex 2.2000000000000015 201.76076951545866 -30.100000000000012
  endloop
endfacet
facet normal 0.0 0.0 1.0
  outer loop
    vertex 2.092893218813453 202.09289321881343 -30.100000000000012
    vertex 2.2000000000000015 201.76076951545866 -30.100000000000012
    vertex 2.3 201.93397459621556 -30.100000000000012
  endloop
endfacet
facet normal 0.0 0.0 1.0
  outer loop
    vertex 2.3 201.93397459621556 -30.100000000000012
    vertex 2.2000000000000015 201.76076951545866 -30.100000000000012
    vertex 2.489417145876976 201.64088900845312 -30.100000000000012
  endloop
endfacet
facet normal 0.0 0.0 1.0
  outer loop
    vertex 2.3 201.93397459621556 -30.100000000000012
    vertex 2.489417145876976 201.64088900845312 -30.100000000000012
    vertex 2.541180954897479 201.83407417371092 -30.100000000000012
  endloop
endfacet
facet normal 0.0 0.0 1.0
  outer loop
    vertex 2.541180954897479 201.83407417371092 -30.100000000000012
    vertex 2.489417145876976 201.64088900845312 -30.100000000000012
    vertex 2.8 201.6 -30.100000000000012
  endloop
endfacet
facet normal 0.0 0.0 1.0
  outer loop
    vertex 2.541180954897479 201.83407417371092 -30.100000000000012
    vertex 2.8 201.6 -30.100000000000012
    vertex 2.8 201.79999999999998 -30.100000000000012
  endloop
endfacet
facet normal 0.0 0.0 1.0
  outer loop
    vertex 2.8 201.79999999999998 -30.100000000000012
    vertex 2.8 201.6 -30.100000000000012
    vertex 3.1105828541230243 201.64088900845312 -30.100000000000012
  endloop
endfacet
facet normal 0.0 0.0 1.0
  outer loop
    vertex 2.8 201.79999999999998 -30.100000000000012
    vertex 3.1105828541230243 201.64088900845312 -30.100000000000012
    vertex 3.0588190451025206 201.83407417371092 -30.100000000000012
  endloop
endfacet
facet normal 0.0 0.0 1.0
  outer loop
    vertex 3.0588190451025206 201.83407417371092 -30.100000000000012
    vertex 3.1105828541230243 201.64088900845312 -30.100000000000012
    vertex 3.2999999999999994 201.93397459621556 -30.100000000000012
  endloop
endfacet
facet normal 0.0 0.0 1.0
  outer loop
    vertex 3.2999999999999994 201.93397459621556 -30.100000000000012
    vertex 3.1105828541230243 201.64088900845312 -30.100000000000012
    vertex 3.3999999999999995 201.76076951545866 -30.100000000000012
  endloop
endfacet
facet normal 0.0 0.0 1.0
  outer loop
    vertex 3.2999999999999994 201.93397459621556 -30.100000000000012
    vertex 3.3999999999999995 201.76076951545866 -30.100000000000012
    vertex 3.507106781186547 202.09289321881346 -30.100000000000012
  endloop
endfacet
facet normal 0.0 0.0 1.0
  outer loop
    vertex 3.507106781186547 202.09289321881346 -30.100000000000012
    vertex 3.3999999999999995 201.76076951545866 -30.100000000000012
    vertex 3.6485281374238556 201.9514718625761 -30.100000000000012
  endloop
endfacet
facet normal 0.0 0.0 1.0
  outer loop
    vertex 3.507106781186547 202.09289321881346 -30.100000000000012
    vertex 3.6485281374238556 201.9514718625761 -30.100000000000012
    vertex 3.666025403784438 202.29999999999998 -30.100000000000012
  endloop
endfacet
facet normal 0.0 0.0 1.0
  outer loop
    vertex 3.666025403784438 202.29999999999998 -30.100000000000012
    vertex 3.6485281374238556 201.9514718625761 -30.100000000000012
    vertex 3.8392304845413254 202.2 -30.100000000000012
  endloop
endfacet
facet normal 0.0 0.0 1.0
  outer loop
    vertex 3.666025403784438 202.29999999999998 -30.100000000000012
    vertex 3.8392304845413254 202.2 -30.100000000000012
    vertex 3.7659258262890685 202.54118095489747 -30.100000000000012
  endloop
endfacet
facet normal 0.0 0.0 1.0
  outer loop
    vertex 3.7659258262890685 202.54118095489747 -30.100000000000012
    vertex 3.8392304845413254 202.2 -30.100000000000012
    vertex 3.8000000000000003 202.79999999999998 -30.100000000000012
  endloop
endfacet
facet normal 0.0 0.0 1.0
  outer loop
    vertex 3.8000000000000003 202.79999999999998 -30.100000000000012
    vertex 3.8392304845413254 202.2 -30.100000000000012
    vertex 3.8392304845413237 203.39999999999998 -30.100000000000012
  endloop
endfacet
facet normal 0.0 0.0 1.0
  outer loop
    vertex 3.8392304845413237 203.39999999999998 -30.100000000000012
    vertex 3.8392304845413254 202.2 -30.100000000000012
    vertex 3.9591109915468796 203.110582854123 -30.100000000000012
  endloop
endfacet
facet normal 0.0 0.0 1.0
  outer loop
    vertex 3.9591109915468796 203.110582854123 -30.100000000000012
    vertex 3.8392304845413254 202.2 -30.100000000000012
    vertex 3.9591109915468796 202.48941714587698 -30.100000000000012
  endloop
endfacet
facet normal 0.0 0.0 1.0
  outer loop
    vertex 3.9591109915468796 203.110582854123 -30.100000000000012
    vertex 3.9591109915468796 202.48941714587698 -30.100000000000012
    vertex 3.9999999999999982 202.79999999999998 -30.100000000000012
  endloop
endfacet
facet normal 0.0 0.0 1.0
  outer loop
    vertex 1.64088900845312 202.48941714587698 -30.100000000000012
    vertex 1.64088900845312 203.110582854123 -30.100000000000012
    vertex 1.600000000000002 202.79999999999998 -30.100000000000012
  endloop
endfacet
facet normal 0.0 0.0 1.0
  outer loop
    vertex 1.64088900845312 203.110582854123 -30.100000000000012
    vertex 1.64088900845312 202.48941714587698 -30.100000000000012
    vertex 1.7607695154586758 202.2 -30.100000000000012
  endloop
endfacet
facet normal 0.0 0.0 1.0
  outer loop
    vertex 1.64088900845312 203.110582854123 -30.100000000000012
    vertex 1.7607695154586758 202.2 -30.100000000000012
    vertex 1.760769515458675 203.39999999999998 -30.100000000000012
  endloop
endfacet
facet normal 0.0 0.0 1.0
  outer loop
    vertex 1.760769515458675 203.39999999999998 -30.100000000000012
    vertex 1.7607695154586758 202.2 -30.100000000000012
    vertex 1.7999999999999996 202.79999999999998 -30.100000000000012
  endloop
endfacet
facet normal 0.0 0.0 1.0
  outer loop
    vertex 1.760769515458675 203.39999999999998 -30.100000000000012
    vertex 1.7999999999999996 202.79999999999998 -30.100000000000012
    vertex 1.8340741737109312 203.05881904510252 -30.100000000000012
  endloop
endfacet
facet normal 0.0 0.0 1.0
  outer loop
    vertex 1.760769515458675 203.39999999999998 -30.100000000000012
    vertex 1.8340741737109312 203.05881904510252 -30.100000000000012
    vertex 1.9514718625761438 203.64852813742382 -30.100000000000012
  endloop
endfacet
facet normal 0.0 0.0 1.0
  outer loop
    vertex 1.9514718625761438 203.64852813742382 -30.100000000000012
    vertex 1.8340741737109312 203.05881904510252 -30.100000000000012
    vertex 1.9339745962155606 203.3 -30.100000000000012
  endloop
endfacet
facet normal 0.0 0.0 1.0
  outer loop
    vertex 1.9514718625761438 203.64852813742382 -30.100000000000012
    vertex 1.9339745962155606 203.3 -30.100000000000012
    vertex 2.092893218813452 203.50710678118654 -30.100000000000012
  endloop
endfacet
facet normal 0.0 0.0 1.0
  outer loop
    vertex 1.9514718625761438 203.64852813742382 -30.100000000000012
    vertex 2.092893218813452 203.50710678118654 -30.100000000000012
    vertex 2.2 203.8392304845413 -30.100000000000012
  endloop
endfacet
facet normal 0.0 0.0 1.0
  outer loop
    vertex 2.2 203.8392304845413 -30.100000000000012
    vertex 2.092893218813452 203.50710678118654 -30.100000000000012
    vertex 2.2999999999999994 203.66602540378443 -30.100000000000012
  endloop
endfacet
facet normal 0.0 0.0 1.0
  outer loop
    vertex 2.2 203.8392304845413 -30.100000000000012
    vertex 2.2999999999999994 203.66602540378443 -30.100000000000012
    vertex 2.4894171458769745 203.95911099154688 -30.100000000000012
  endloop
endfacet
facet normal 0.0 0.0 1.0
  outer loop
    vertex 2.4894171458769745 203.95911099154688 -30.100000000000012
    vertex 2.2999999999999994 203.66602540378443 -30.100000000000012
    vertex 2.5411809548974778 203.76592582628908 -30.100000000000012
  endloop
endfacet
facet normal 0.0 0.0 1.0
  outer loop
    vertex 2.4894171458769745 203.95911099154688 -30.100000000000012
    vertex 2.5411809548974778 203.76592582628908 -30.100000000000012
    vertex 2.8 204.0 -30.100000000000012
  endloop
endfacet
facet normal 0.0 0.0 1.0
  outer loop
    vertex 2.8 204.0 -30.100000000000012
    vertex 2.5411809548974778 203.76592582628908 -30.100000000000012
    vertex 2.8 203.79999999999998 -30.100000000000012
  endloop
endfacet
facet normal 0.0 0.0 1.0
  outer loop
    vertex 2.8 204.0 -30.100000000000012
    vertex 2.8 203.79999999999998 -30.100000000000012
    vertex 3.0588190451025206 203.76592582628908 -30.100000000000012
  endloop
endfacet
facet normal 0.0 0.0 1.0
  outer loop
    vertex 2.8 204.0 -30.100000000000012
    vertex 3.0588190451025206 203.76592582628908 -30.100000000000012
    vertex 3.1105828541230243 203.95911099154688 -30.100000000000012
  endloop
endfacet
facet normal 0.0 0.0 1.0
  outer loop
    vertex 3.1105828541230243 203.95911099154688 -30.100000000000012
    vertex 3.0588190451025206 203.76592582628908 -30.100000000000012
    vertex 3.2999999999999994 203.66602540378443 -30.100000000000012
  endloop
endfacet
facet normal 0.0 0.0 1.0
  outer loop
    vertex 3.1105828541230243 203.95911099154688 -30.100000000000012
    vertex 3.2999999999999994 203.66602540378443 -30.100000000000012
    vertex 3.3999999999999995 203.8392304845413 -30.100000000000012
  endloop
endfacet
facet normal 0.0 0.0 1.0
  outer loop
    vertex 3.3999999999999995 203.8392304845413 -30.100000000000012
    vertex 3.2999999999999994 203.66602540378443 -30.100000000000012
    vertex 3.507106781186547 203.50710678118654 -30.100000000000012
  endloop
endfacet
facet normal 0.0 0.0 1.0
  outer loop
    vertex 3.3999999999999995 203.8392304845413 -30.100000000000012
    vertex 3.507106781186547 203.50710678118654 -30.100000000000012
    vertex 3.6485281374238556 203.64852813742382 -30.100000000000012
  endloop
endfacet
facet normal 0.0 0.0 1.0
  outer loop
    vertex 3.6485281374238556 203.64852813742382 -30.100000000000012
    vertex 3.507106781186547 203.50710678118654 -30.100000000000012
    vertex 3.666025403784438 203.3 -30.100000000000012
  endloop
endfacet
facet normal 0.0 0.0 1.0
  outer loop
    vertex 3.6485281374238556 203.64852813742382 -30.100000000000012
    vertex 3.666025403784438 203.3 -30.100000000000012
    vertex 3.8392304845413237 203.39999999999998 -30.100000000000012
  endloop
endfacet
facet normal 0.0 0.0 1.0
  outer loop
    vertex 3.8392304845413237 203.39999999999998 -30.100000000000012
    vertex 3.666025403784438 203.3 -30.100000000000012
    vertex 3.7659258262890685 203.05881904510252 -30.100000000000012
  endloop
endfacet
facet normal 0.0 0.0 1.0
  outer loop
    vertex 3.8392304845413237 203.39999999999998 -30.100000000000012
    vertex 3.7659258262890685 203.05881904510252 -30.100000000000012
    vertex 3.8000000000000003 202.79999999999998 -30.100000000000012
  endloop
endfacet
facet normal -0.1305261922200449 -0.9914448613738114 -0.0
  outer loop
    vertex 3.1105828541230243 203.95911099154688 -17.600000000000012
    vertex 2.8 204.0 -30.100000000000012
    vertex 3.1105828541230243 203.95911099154688 -30.100000000000012
  endloop
endfacet
facet normal -0.1305261922200449 -0.9914448613738114 -0.0
  outer loop
    vertex 2.8 204.0 -30.100000000000012
    vertex 3.1105828541230243 203.95911099154688 -17.600000000000012
    vertex 2.8 204.0 -17.600000000000012
  endloop
endfacet
facet normal 0.1305261922200445 -0.9914448613738114 0.0
  outer loop
    vertex 2.8 204.0 -17.600000000000012
    vertex 2.4894171458769745 203.95911099154688 -30.100000000000012
    vertex 2.8 204.0 -30.100000000000012
  endloop
endfacet
facet normal 0.1305261922200445 -0.9914448613738114 0.0
  outer loop
    vertex 2.4894171458769745 203.95911099154688 -30.100000000000012
    vertex 2.8 204.0 -17.600000000000012
    vertex 2.4894171458769745 203.95911099154688 -17.600000000000012
  endloop
endfacet
facet normal 0.3826834323651567 -0.9238795325112591 0.0
  outer loop
    vertex 2.4894171458769745 203.95911099154688 -17.600000000000012
    vertex 2.2 203.8392304845413 -30.100000000000012
    vertex 2.4894171458769745 203.95911099154688 -30.100000000000012
  endloop
endfacet
facet normal 0.3826834323651567 -0.9238795325112591 0.0
  outer loop
    vertex 2.2 203.8392304845413 -30.100000000000012
    vertex 2.4894171458769745 203.95911099154688 -17.600000000000012
    vertex 2.2 203.8392304845413 -17.600000000000012
  endloop
endfacet
facet normal 0.6087614290087052 -0.7933533402912472 0.0
  outer loop
    vertex 2.2 203.8392304845413 -17.600000000000012
    vertex 1.9514718625761438 203.64852813742382 -30.100000000000012
    vertex 2.2 203.8392304845413 -30.100000000000012
  endloop
endfacet
facet normal 0.6087614290087052 -0.7933533402912472 0.0
  outer loop
    vertex 1.9514718625761438 203.64852813742382 -30.100000000000012
    vertex 2.2 203.8392304845413 -17.600000000000012
    vertex 1.9514718625761438 203.64852813742382 -17.600000000000012
  endloop
endfacet
facet normal 0.7933533402912184 -0.6087614290087425 0.0
  outer loop
    vertex 1.9514718625761438 203.64852813742382 -30.100000000000012
    vertex 1.760769515458675 203.39999999999998 -17.600000000000012
    vertex 1.760769515458675 203.39999999999998 -30.100000000000012
  endloop
endfacet
facet normal 0.7933533402912184 -0.6087614290087425 0.0
  outer loop
    vertex 1.760769515458675 203.39999999999998 -17.600000000000012
    vertex 1.9514718625761438 203.64852813742382 -30.100000000000012
    vertex 1.9514718625761438 203.64852813742382 -17.600000000000012
  endloop
endfacet
facet normal 0.92387953251129 -0.3826834323650823 0.0
  outer loop
    vertex 1.760769515458675 203.39999999999998 -30.100000000000012
    vertex 1.64088900845312 203.110582854123 -17.600000000000012
    vertex 1.64088900845312 203.110582854123 -30.100000000000012
  endloop
endfacet
facet normal 0.92387953251129 -0.3826834323650823 0.0
  outer loop
    vertex 1.64088900845312 203.110582854123 -17.600000000000012
    vertex 1.760769515458675 203.39999999999998 -30.100000000000012
    vertex 1.760769515458675 203.39999999999998 -17.600000000000012
  endloop
endfacet
facet normal 0.99144486137381 -0.13052619222005404 0.0
  outer loop
    vertex 1.64088900845312 203.110582854123 -30.100000000000012
    vertex 1.600000000000002 202.79999999999998 -17.600000000000012
    vertex 1.600000000000002 202.79999999999998 -30.100000000000012
  endloop
endfacet
facet normal 0.99144486137381 -0.13052619222005404 0.0
  outer loop
    vertex 1.600000000000002 202.79999999999998 -17.600000000000012
    vertex 1.64088900845312 203.110582854123 -30.100000000000012
    vertex 1.64088900845312 203.110582854123 -17.600000000000012
  endloop
endfacet
facet normal 0.99144486137381 0.13052619222005404 0.0
  outer loop
    vertex 1.600000000000002 202.79999999999998 -30.100000000000012
    vertex 1.64088900845312 202.48941714587698 -17.600000000000012
    vertex 1.64088900845312 202.48941714587698 -30.100000000000012
  endloop
endfacet
facet normal 0.99144486137381 0.13052619222005404 0.0
  outer loop
    vertex 1.64088900845312 202.48941714587698 -17.600000000000012
    vertex 1.600000000000002 202.79999999999998 -30.100000000000012
    vertex 1.600000000000002 202.79999999999998 -17.600000000000012
  endloop
endfacet
facet normal 0.9238795325112892 0.38268343236508423 0.0
  outer loop
    vertex 1.64088900845312 202.48941714587698 -30.100000000000012
    vertex 1.7607695154586758 202.2 -17.600000000000012
    vertex 1.7607695154586758 202.2 -30.100000000000012
  endloop
endfacet
facet normal 0.9238795325112892 0.38268343236508423 0.0
  outer loop
    vertex 1.7607695154586758 202.2 -17.600000000000012
    vertex 1.64088900845312 202.48941714587698 -30.100000000000012
    vertex 1.64088900845312 202.48941714587698 -17.600000000000012
  endloop
endfacet
facet normal 0.793353340291245 0.6087614290087077 0.0
  outer loop
    vertex 1.7607695154586758 202.2 -30.100000000000012
    vertex 1.9514718625761447 201.9514718625761 -17.600000000000012
    vertex 1.9514718625761447 201.9514718625761 -30.100000000000012
  endloop
endfacet
facet normal 0.793353340291245 0.6087614290087077 0.0
  outer loop
    vertex 1.9514718625761447 201.9514718625761 -17.600000000000012
    vertex 1.7607695154586758 202.2 -30.100000000000012
    vertex 1.7607695154586758 202.2 -17.600000000000012
  endloop
endfacet
facet normal 0.6087614290087046 0.7933533402912474 0.0
  outer loop
    vertex 1.9514718625761447 201.9514718625761 -17.600000000000012
    vertex 2.2000000000000015 201.76076951545866 -30.100000000000012
    vertex 1.9514718625761447 201.9514718625761 -30.100000000000012
  endloop
endfacet
facet normal 0.6087614290087046 0.7933533402912474 0.0
  outer loop
    vertex 2.2000000000000015 201.76076951545866 -30.100000000000012
    vertex 1.9514718625761447 201.9514718625761 -17.600000000000012
    vertex 2.2000000000000015 201.76076951545866 -17.600000000000012
  endloop
endfacet
facet normal 0.3826834323650948 0.9238795325112847 0.0
  outer loop
    vertex 2.2000000000000015 201.76076951545866 -17.600000000000012
    vertex 2.489417145876976 201.64088900845312 -30.100000000000012
    vertex 2.2000000000000015 201.76076951545866 -30.100000000000012
  endloop
endfacet
facet normal 0.3826834323650948 0.9238795325112847 0.0
  outer loop
    vertex 2.489417145876976 201.64088900845312 -30.100000000000012
    vertex 2.2000000000000015 201.76076951545866 -17.600000000000012
    vertex 2.489417145876976 201.64088900845312 -17.600000000000012
  endloop
endfacet
facet normal 0.13052619222004505 0.9914448613738113 0.0
  outer loop
    vertex 2.489417145876976 201.64088900845312 -17.600000000000012
    vertex 2.8 201.6 -30.100000000000012
    vertex 2.489417145876976 201.64088900845312 -30.100000000000012
  endloop
endfacet
facet normal 0.13052619222004505 0.9914448613738113 0.0
  outer loop
    vertex 2.8 201.6 -30.100000000000012
    vertex 2.489417145876976 201.64088900845312 -17.600000000000012
    vertex 2.8 201.6 -17.600000000000012
  endloop
endfacet
facet normal -0.13052619222004477 0.9914448613738113 0.0
  outer loop
    vertex 2.8 201.6 -17.600000000000012
    vertex 3.1105828541230243 201.64088900845312 -30.100000000000012
    vertex 2.8 201.6 -30.100000000000012
  endloop
endfacet
facet normal -0.13052619222004477 0.9914448613738113 0.0
  outer loop
    vertex 3.1105828541230243 201.64088900845312 -30.100000000000012
    vertex 2.8 201.6 -17.600000000000012
    vertex 3.1105828541230243 201.64088900845312 -17.600000000000012
  endloop
endfacet
facet normal -0.3826834323650944 0.9238795325112849 0.0
  outer loop
    vertex 3.1105828541230243 201.64088900845312 -17.600000000000012
    vertex 3.3999999999999995 201.76076951545866 -30.100000000000012
    vertex 3.1105828541230243 201.64088900845312 -30.100000000000012
  endloop
endfacet
facet normal -0.3826834323650944 0.9238795325112849 0.0
  outer loop
    vertex 3.3999999999999995 201.76076951545866 -30.100000000000012
    vertex 3.1105828541230243 201.64088900845312 -17.600000000000012
    vertex 3.3999999999999995 201.76076951545866 -17.600000000000012
  endloop
endfacet
facet normal -0.6087614290087052 0.7933533402912472 0.0
  outer loop
    vertex 3.3999999999999995 201.76076951545866 -17.600000000000012
    vertex 3.6485281374238556 201.9514718625761 -30.100000000000012
    vertex 3.3999999999999995 201.76076951545866 -30.100000000000012
  endloop
endfacet
facet normal -0.6087614290087052 0.7933533402912472 0.0
  outer loop
    vertex 3.6485281374238556 201.9514718625761 -30.100000000000012
    vertex 3.3999999999999995 201.76076951545866 -17.600000000000012
    vertex 3.6485281374238556 201.9514718625761 -17.600000000000012
  endloop
endfacet
facet normal -0.793353340291245 0.6087614290087077 0.0
  outer loop
    vertex 3.8392304845413254 202.2 -17.600000000000012
    vertex 3.6485281374238556 201.9514718625761 -30.100000000000012
    vertex 3.6485281374238556 201.9514718625761 -17.600000000000012
  endloop
endfacet
facet normal -0.793353340291245 0.6087614290087077 0.0
  outer loop
    vertex 3.6485281374238556 201.9514718625761 -30.100000000000012
    vertex 3.8392304845413254 202.2 -17.600000000000012
    vertex 3.8392304845413254 202.2 -30.100000000000012
  endloop
endfacet
facet normal -0.92387953251129 0.3826834323650823 0.0
  outer loop
    vertex 3.9591109915468796 202.48941714587698 -17.600000000000012
    vertex 3.8392304845413254 202.2 -30.100000000000012
    vertex 3.8392304845413254 202.2 -17.600000000000012
  endloop
endfacet
facet normal -0.92387953251129 0.3826834323650823 0.0
  outer loop
    vertex 3.8392304845413254 202.2 -30.100000000000012
    vertex 3.9591109915468796 202.48941714587698 -17.600000000000012
    vertex 3.9591109915468796 202.48941714587698 -30.100000000000012
  endloop
endfacet
facet normal -0.99144486137381 0.13052619222005404 0.0
  outer loop
    vertex 3.9999999999999982 202.79999999999998 -17.600000000000012
    vertex 3.9591109915468796 202.48941714587698 -30.100000000000012
    vertex 3.9591109915468796 202.48941714587698 -17.600000000000012
  endloop
endfacet
facet normal -0.99144486137381 0.13052619222005404 0.0
  outer loop
    vertex 3.9591109915468796 202.48941714587698 -30.100000000000012
    vertex 3.9999999999999982 202.79999999999998 -17.600000000000012
    vertex 3.9999999999999982 202.79999999999998 -30.100000000000012
  endloop
endfacet
facet normal -0.99144486137381 -0.13052619222005404 -0.0
  outer loop
    vertex 3.9591109915468796 203.110582854123 -17.600000000000012
    vertex 3.9999999999999982 202.79999999999998 -30.100000000000012
    vertex 3.9999999999999982 202.79999999999998 -17.600000000000012
  endloop
endfacet
facet normal -0.99144486137381 -0.13052619222005404 -0.0
  outer loop
    vertex 3.9999999999999982 202.79999999999998 -30.100000000000012
    vertex 3.9591109915468796 203.110582854123 -17.600000000000012
    vertex 3.9591109915468796 203.110582854123 -30.100000000000012
  endloop
endfacet
facet normal -0.9238795325112892 -0.38268343236508423 -0.0
  outer loop
    vertex 3.8392304845413237 203.39999999999998 -17.600000000000012
    vertex 3.9591109915468796 203.110582854123 -30.100000000000012
    vertex 3.9591109915468796 203.110582854123 -17.600000000000012
  endloop
endfacet
facet normal -0.9238795325112892 -0.38268343236508423 -0.0
  outer loop
    vertex 3.9591109915468796 203.110582854123 -30.100000000000012
    vertex 3.8392304845413237 203.39999999999998 -17.600000000000012
    vertex 3.8392304845413237 203.39999999999998 -30.100000000000012
  endloop
endfacet
facet normal -0.7933533402912195 -0.6087614290087411 -0.0
  outer loop
    vertex 3.6485281374238556 203.64852813742382 -17.600000000000012
    vertex 3.8392304845413237 203.39999999999998 -30.100000000000012
    vertex 3.8392304845413237 203.39999999999998 -17.600000000000012
  endloop
endfacet
facet normal -0.7933533402912195 -0.6087614290087411 -0.0
  outer loop
    vertex 3.8392304845413237 203.39999999999998 -30.100000000000012
    vertex 3.6485281374238556 203.64852813742382 -17.600000000000012
    vertex 3.6485281374238556 203.64852813742382 -30.100000000000012
  endloop
endfacet
facet normal -0.6087614290087041 -0.7933533402912478 -0.0
  outer loop
    vertex 3.6485281374238556 203.64852813742382 -17.600000000000012
    vertex 3.3999999999999995 203.8392304845413 -30.100000000000012
    vertex 3.6485281374238556 203.64852813742382 -30.100000000000012
  endloop
endfacet
facet normal -0.6087614290087041 -0.7933533402912478 -0.0
  outer loop
    vertex 3.3999999999999995 203.8392304845413 -30.100000000000012
    vertex 3.6485281374238556 203.64852813742382 -17.600000000000012
    vertex 3.3999999999999995 203.8392304845413 -17.600000000000012
  endloop
endfacet
facet normal -0.3826834323651563 -0.9238795325112593 -0.0
  outer loop
    vertex 3.3999999999999995 203.8392304845413 -17.600000000000012
    vertex 3.1105828541230243 203.95911099154688 -30.100000000000012
    vertex 3.3999999999999995 203.8392304845413 -30.100000000000012
  endloop
endfacet
facet normal -0.3826834323651563 -0.9238795325112593 -0.0
  outer loop
    vertex 3.1105828541230243 203.95911099154688 -30.100000000000012
    vertex 3.3999999999999995 203.8392304845413 -17.600000000000012
    vertex 3.1105828541230243 203.95911099154688 -17.600000000000012
  endloop
endfacet
facet normal 0.0 0.0 1.0
  outer loop
    vertex 87.84088900845312 202.48941714587698 -30.09999999999999
    vertex 87.84088900845312 203.110582854123 -30.09999999999999
    vertex 87.80000000000001 202.79999999999998 -30.09999999999999
  endloop
endfacet
facet normal 0.0 0.0 1.0
  outer loop
    vertex 87.84088900845312 203.110582854123 -30.09999999999999
    vertex 87.84088900845312 202.48941714587698 -30.09999999999999
    vertex 87.96076951545868 202.2 -30.09999999999999
  endloop
endfacet
facet normal 0.0 0.0 1.0
  outer loop
    vertex 87.84088900845312 203.110582854123 -30.09999999999999
    vertex 87.96076951545868 202.2 -30.09999999999999
    vertex 87.96076951545868 203.39999999999998 -30.09999999999999
  endloop
endfacet
facet normal 0.0 0.0 1.0
  outer loop
    vertex 87.96076951545868 203.39999999999998 -30.09999999999999
    vertex 87.96076951545868 202.2 -30.09999999999999
    vertex 88.00000000000001 202.79999999999998 -30.09999999999999
  endloop
endfacet
facet normal 0.0 0.0 1.0
  outer loop
    vertex 88.00000000000001 202.79999999999998 -30.09999999999999
    vertex 87.96076951545868 202.2 -30.09999999999999
    vertex 88.03407417371093 202.54118095489747 -30.09999999999999
  endloop
endfacet
facet normal 0.0 0.0 1.0
  outer loop
    vertex 88.03407417371093 202.54118095489747 -30.09999999999999
    vertex 87.96076951545868 202.2 -30.09999999999999
    vertex 88.15147186257616 201.9514718625761 -30.09999999999999
  endloop
endfacet
facet normal 0.0 0.0 1.0
  outer loop
    vertex 88.03407417371093 202.54118095489747 -30.09999999999999
    vertex 88.15147186257616 201.9514718625761 -30.09999999999999
    vertex 88.13397459621557 202.29999999999998 -30.09999999999999
  endloop
endfacet
facet normal 0.0 0.0 1.0
  outer loop
    vertex 88.13397459621557 202.29999999999998 -30.09999999999999
    vertex 88.15147186257616 201.9514718625761 -30.09999999999999
    vertex 88.29289321881346 202.09289321881343 -30.09999999999999
  endloop
endfacet
facet normal 0.0 0.0 1.0
  outer loop
    vertex 88.29289321881346 202.09289321881343 -30.09999999999999
    vertex 88.15147186257616 201.9514718625761 -30.09999999999999
    vertex 88.4 201.76076951545866 -30.09999999999999
  endloop
endfacet
facet normal 0.0 0.0 1.0
  outer loop
    vertex 88.29289321881346 202.09289321881343 -30.09999999999999
    vertex 88.4 201.76076951545866 -30.09999999999999
    vertex 88.5 201.93397459621556 -30.09999999999999
  endloop
endfacet
facet normal 0.0 0.0 1.0
  outer loop
    vertex 88.5 201.93397459621556 -30.09999999999999
    vertex 88.4 201.76076951545866 -30.09999999999999
    vertex 88.68941714587699 201.64088900845312 -30.09999999999999
  endloop
endfacet
facet normal 0.0 0.0 1.0
  outer loop
    vertex 88.5 201.93397459621556 -30.09999999999999
    vertex 88.68941714587699 201.64088900845312 -30.09999999999999
    vertex 88.74118095489749 201.83407417371092 -30.09999999999999
  endloop
endfacet
facet normal 0.0 0.0 1.0
  outer loop
    vertex 88.74118095489749 201.83407417371092 -30.09999999999999
    vertex 88.68941714587699 201.64088900845312 -30.09999999999999
    vertex 89.0 201.6 -30.09999999999999
  endloop
endfacet
facet normal 0.0 0.0 1.0
  outer loop
    vertex 88.74118095489749 201.83407417371092 -30.09999999999999
    vertex 89.0 201.6 -30.09999999999999
    vertex 89.0 201.79999999999998 -30.09999999999999
  endloop
endfacet
facet normal 0.0 0.0 1.0
  outer loop
    vertex 89.0 201.79999999999998 -30.09999999999999
    vertex 89.0 201.6 -30.09999999999999
    vertex 89.31058285412304 201.64088900845312 -30.09999999999999
  endloop
endfacet
facet normal 0.0 0.0 1.0
  outer loop
    vertex 89.0 201.79999999999998 -30.09999999999999
    vertex 89.31058285412304 201.64088900845312 -30.09999999999999
    vertex 89.25881904510253 201.83407417371092 -30.09999999999999
  endloop
endfacet
facet normal 0.0 0.0 1.0
  outer loop
    vertex 89.25881904510253 201.83407417371092 -30.09999999999999
    vertex 89.31058285412304 201.64088900845312 -30.09999999999999
    vertex 89.5 201.93397459621556 -30.09999999999999
  endloop
endfacet
facet normal 0.0 0.0 1.0
  outer loop
    vertex 89.5 201.93397459621556 -30.09999999999999
    vertex 89.31058285412304 201.64088900845312 -30.09999999999999
    vertex 89.60000000000001 201.76076951545866 -30.09999999999999
  endloop
endfacet
facet normal 0.0 0.0 1.0
  outer loop
    vertex 89.5 201.93397459621556 -30.09999999999999
    vertex 89.60000000000001 201.76076951545866 -30.09999999999999
    vertex 89.70710678118655 202.09289321881346 -30.09999999999999
  endloop
endfacet
facet normal 0.0 0.0 1.0
  outer loop
    vertex 89.70710678118655 202.09289321881346 -30.09999999999999
    vertex 89.60000000000001 201.76076951545866 -30.09999999999999
    vertex 89.84852813742386 201.9514718625761 -30.09999999999999
  endloop
endfacet
facet normal 0.0 0.0 1.0
  outer loop
    vertex 89.70710678118655 202.09289321881346 -30.09999999999999
    vertex 89.84852813742386 201.9514718625761 -30.09999999999999
    vertex 89.86602540378443 202.29999999999998 -30.09999999999999
  endloop
endfacet
facet normal 0.0 0.0 1.0
  outer loop
    vertex 89.86602540378443 202.29999999999998 -30.09999999999999
    vertex 89.84852813742386 201.9514718625761 -30.09999999999999
    vertex 90.03923048454133 202.2 -30.09999999999999
  endloop
endfacet
facet normal 0.0 0.0 1.0
  outer loop
    vertex 89.86602540378443 202.29999999999998 -30.09999999999999
    vertex 90.03923048454133 202.2 -30.09999999999999
    vertex 89.96592582628908 202.54118095489747 -30.09999999999999
  endloop
endfacet
facet normal 0.0 0.0 1.0
  outer loop
    vertex 89.96592582628908 202.54118095489747 -30.09999999999999
    vertex 90.03923048454133 202.2 -30.09999999999999
    vertex 90.0 202.79999999999998 -30.09999999999999
  endloop
endfacet
facet normal 0.0 0.0 1.0
  outer loop
    vertex 87.96076951545868 203.39999999999998 -30.09999999999999
    vertex 88.03407417371093 203.05881904510252 -30.09999999999999
    vertex 88.15147186257616 203.64852813742382 -30.09999999999999
  endloop
endfacet
facet normal 0.0 0.0 1.0
  outer loop
    vertex 88.03407417371093 203.05881904510252 -30.09999999999999
    vertex 87.96076951545868 203.39999999999998 -30.09999999999999
    vertex 88.00000000000001 202.79999999999998 -30.09999999999999
  endloop
endfacet
facet normal 0.0 0.0 1.0
  outer loop
    vertex 88.15147186257616 203.64852813742382 -30.09999999999999
    vertex 88.03407417371093 203.05881904510252 -30.09999999999999
    vertex 88.13397459621557 203.3 -30.09999999999999
  endloop
endfacet
facet normal 0.0 0.0 1.0
  outer loop
    vertex 88.15147186257616 203.64852813742382 -30.09999999999999
    vertex 88.13397459621557 203.3 -30.09999999999999
    vertex 88.29289321881346 203.50710678118654 -30.09999999999999
  endloop
endfacet
facet normal 0.0 0.0 1.0
  outer loop
    vertex 88.15147186257616 203.64852813742382 -30.09999999999999
    vertex 88.29289321881346 203.50710678118654 -30.09999999999999
    vertex 88.4 203.8392304845413 -30.09999999999999
  endloop
endfacet
facet normal 0.0 0.0 1.0
  outer loop
    vertex 88.4 203.8392304845413 -30.09999999999999
    vertex 88.29289321881346 203.50710678118654 -30.09999999999999
    vertex 88.5 203.66602540378443 -30.09999999999999
  endloop
endfacet
facet normal 0.0 0.0 1.0
  outer loop
    vertex 88.4 203.8392304845413 -30.09999999999999
    vertex 88.5 203.66602540378443 -30.09999999999999
    vertex 88.68941714587697 203.95911099154688 -30.09999999999999
  endloop
endfacet
facet normal 0.0 0.0 1.0
  outer loop
    vertex 88.68941714587697 203.95911099154688 -30.09999999999999
    vertex 88.5 203.66602540378443 -30.09999999999999
    vertex 88.74118095489749 203.76592582628908 -30.09999999999999
  endloop
endfacet
facet normal 0.0 0.0 1.0
  outer loop
    vertex 88.68941714587697 203.95911099154688 -30.09999999999999
    vertex 88.74118095489749 203.76592582628908 -30.09999999999999
    vertex 89.0 204.0 -30.09999999999999
  endloop
endfacet
facet normal 0.0 0.0 1.0
  outer loop
    vertex 89.0 204.0 -30.09999999999999
    vertex 88.74118095489749 203.76592582628908 -30.09999999999999
    vertex 89.0 203.79999999999998 -30.09999999999999
  endloop
endfacet
facet normal 0.0 0.0 1.0
  outer loop
    vertex 89.0 204.0 -30.09999999999999
    vertex 89.0 203.79999999999998 -30.09999999999999
    vertex 89.25881904510253 203.76592582628908 -30.09999999999999
  endloop
endfacet
facet normal 0.0 0.0 1.0
  outer loop
    vertex 89.0 204.0 -30.09999999999999
    vertex 89.25881904510253 203.76592582628908 -30.09999999999999
    vertex 89.31058285412304 203.95911099154688 -30.09999999999999
  endloop
endfacet
facet normal 0.0 0.0 1.0
  outer loop
    vertex 89.31058285412304 203.95911099154688 -30.09999999999999
    vertex 89.25881904510253 203.76592582628908 -30.09999999999999
    vertex 89.5 203.66602540378443 -30.09999999999999
  endloop
endfacet
facet normal 0.0 0.0 1.0
  outer loop
    vertex 89.31058285412304 203.95911099154688 -30.09999999999999
    vertex 89.5 203.66602540378443 -30.09999999999999
    vertex 89.60000000000001 203.8392304845413 -30.09999999999999
  endloop
endfacet
facet normal 0.0 0.0 1.0
  outer loop
    vertex 89.60000000000001 203.8392304845413 -30.09999999999999
    vertex 89.5 203.66602540378443 -30.09999999999999
    vertex 89.70710678118655 203.50710678118654 -30.09999999999999
  endloop
endfacet
facet normal 0.0 0.0 1.0
  outer loop
    vertex 89.60000000000001 203.8392304845413 -30.09999999999999
    vertex 89.70710678118655 203.50710678118654 -30.09999999999999
    vertex 89.84852813742386 203.64852813742382 -30.09999999999999
  endloop
endfacet
facet normal 0.0 0.0 1.0
  outer loop
    vertex 89.84852813742386 203.64852813742382 -30.09999999999999
    vertex 89.70710678118655 203.50710678118654 -30.09999999999999
    vertex 89.86602540378443 203.3 -30.09999999999999
  endloop
endfacet
facet normal 0.0 0.0 1.0
  outer loop
    vertex 89.84852813742386 203.64852813742382 -30.09999999999999
    vertex 89.86602540378443 203.3 -30.09999999999999
    vertex 90.03923048454133 203.39999999999998 -30.09999999999999
  endloop
endfacet
facet normal 0.0 0.0 1.0
  outer loop
    vertex 90.03923048454133 203.39999999999998 -30.09999999999999
    vertex 89.86602540378443 203.3 -30.09999999999999
    vertex 89.96592582628908 203.05881904510252 -30.09999999999999
  endloop
endfacet
facet normal 0.0 0.0 1.0
  outer loop
    vertex 90.03923048454133 203.39999999999998 -30.09999999999999
    vertex 89.96592582628908 203.05881904510252 -30.09999999999999
    vertex 90.0 202.79999999999998 -30.09999999999999
  endloop
endfacet
facet normal 0.0 0.0 1.0
  outer loop
    vertex 90.03923048454133 203.39999999999998 -30.09999999999999
    vertex 90.0 202.79999999999998 -30.09999999999999
    vertex 90.03923048454133 202.2 -30.09999999999999
  endloop
endfacet
facet normal 0.0 0.0 1.0
  outer loop
    vertex 90.03923048454133 203.39999999999998 -30.09999999999999
    vertex 90.03923048454133 202.2 -30.09999999999999
    vertex 90.15911099154688 202.48941714587698 -30.09999999999999
  endloop
endfacet
facet normal 0.0 0.0 1.0
  outer loop
    vertex 90.03923048454133 203.39999999999998 -30.09999999999999
    vertex 90.15911099154688 202.48941714587698 -30.09999999999999
    vertex 90.15911099154688 203.110582854123 -30.09999999999999
  endloop
endfacet
facet normal 0.0 0.0 1.0
  outer loop
    vertex 90.15911099154688 203.110582854123 -30.09999999999999
    vertex 90.15911099154688 202.48941714587698 -30.09999999999999
    vertex 90.2 202.79999999999998 -30.09999999999999
  endloop
endfacet
facet normal 0.7933533402912396 0.6087614290087148 0.0
  outer loop
    vertex 87.96076951545868 202.2 -30.09999999999999
    vertex 88.15147186257616 201.9514718625761 -17.599999999999994
    vertex 88.15147186257616 201.9514718625761 -30.09999999999999
  endloop
endfacet
facet normal 0.7933533402912396 0.6087614290087148 0.0
  outer loop
    vertex 88.15147186257616 201.9514718625761 -17.599999999999994
    vertex 87.96076951545868 202.2 -30.09999999999999
    vertex 87.96076951545868 202.2 -17.599999999999994
  endloop
endfacet
facet normal 0.6087614290087096 0.7933533402912437 0.0
  outer loop
    vertex 88.15147186257616 201.9514718625761 -17.599999999999994
    vertex 88.4 201.76076951545866 -30.09999999999999
    vertex 88.15147186257616 201.9514718625761 -30.09999999999999
  endloop
endfacet
facet normal 0.6087614290087096 0.7933533402912437 0.0
  outer loop
    vertex 88.4 201.76076951545866 -30.09999999999999
    vertex 88.15147186257616 201.9514718625761 -17.599999999999994
    vertex 88.4 201.76076951545866 -17.599999999999994
  endloop
endfacet
facet normal 0.382683432365088 0.9238795325112875 0.0
  outer loop
    vertex 88.4 201.76076951545866 -17.599999999999994
    vertex 88.68941714587699 201.64088900845312 -30.09999999999999
    vertex 88.4 201.76076951545866 -30.09999999999999
  endloop
endfacet
facet normal 0.382683432365088 0.9238795325112875 0.0
  outer loop
    vertex 88.68941714587699 201.64088900845312 -30.09999999999999
    vertex 88.4 201.76076951545866 -17.599999999999994
    vertex 88.68941714587699 201.64088900845312 -17.599999999999994
  endloop
endfacet
facet normal 0.13052619222004738 0.9914448613738109 0.0
  outer loop
    vertex 88.68941714587699 201.64088900845312 -17.599999999999994
    vertex 89.0 201.6 -30.09999999999999
    vertex 88.68941714587699 201.64088900845312 -30.09999999999999
  endloop
endfacet
facet normal 0.13052619222004738 0.9914448613738109 0.0
  outer loop
    vertex 89.0 201.6 -30.09999999999999
    vertex 88.68941714587699 201.64088900845312 -17.599999999999994
    vertex 89.0 201.6 -17.599999999999994
  endloop
endfacet
facet normal -0.13052619222004275 0.9914448613738117 0.0
  outer loop
    vertex 89.0 201.6 -17.599999999999994
    vertex 89.31058285412304 201.64088900845312 -30.09999999999999
    vertex 89.0 201.6 -30.09999999999999
  endloop
endfacet
facet normal -0.13052619222004275 0.9914448613738117 0.0
  outer loop
    vertex 89.31058285412304 201.64088900845312 -30.09999999999999
    vertex 89.0 201.6 -17.599999999999994
    vertex 89.31058285412304 201.64088900845312 -17.599999999999994
  endloop
endfacet
facet normal -0.3826834323651008 0.9238795325112823 0.0
  outer loop
    vertex 89.31058285412304 201.64088900845312 -17.599999999999994
    vertex 89.60000000000001 201.76076951545866 -30.09999999999999
    vertex 89.31058285412304 201.64088900845312 -30.09999999999999
  endloop
endfacet
facet normal -0.3826834323651008 0.9238795325112823 0.0
  outer loop
    vertex 89.60000000000001 201.76076951545866 -30.09999999999999
    vertex 89.31058285412304 201.64088900845312 -17.599999999999994
    vertex 89.60000000000001 201.76076951545866 -17.599999999999994
  endloop
endfacet
facet normal -0.6087614290087096 0.7933533402912437 0.0
  outer loop
    vertex 89.60000000000001 201.76076951545866 -17.599999999999994
    vertex 89.84852813742386 201.9514718625761 -30.09999999999999
    vertex 89.60000000000001 201.76076951545866 -30.09999999999999
  endloop
endfacet
facet normal -0.6087614290087096 0.7933533402912437 0.0
  outer loop
    vertex 89.84852813742386 201.9514718625761 -30.09999999999999
    vertex 89.60000000000001 201.76076951545866 -17.599999999999994
    vertex 89.84852813742386 201.9514718625761 -17.599999999999994
  endloop
endfacet
facet normal -0.7933533402912396 0.6087614290087148 0.0
  outer loop
    vertex 90.03923048454133 202.2 -17.599999999999994
    vertex 89.84852813742386 201.9514718625761 -30.09999999999999
    vertex 89.84852813742386 201.9514718625761 -17.599999999999994
  endloop
endfacet
facet normal -0.7933533402912396 0.6087614290087148 0.0
  outer loop
    vertex 89.84852813742386 201.9514718625761 -30.09999999999999
    vertex 90.03923048454133 202.2 -17.599999999999994
    vertex 90.03923048454133 202.2 -30.09999999999999
  endloop
endfacet
facet normal -0.9238795325112875 0.382683432365088 0.0
  outer loop
    vertex 90.15911099154688 202.48941714587698 -17.599999999999994
    vertex 90.03923048454133 202.2 -30.09999999999999
    vertex 90.03923048454133 202.2 -17.599999999999994
  endloop
endfacet
facet normal -0.9238795325112875 0.382683432365088 0.0
  outer loop
    vertex 90.03923048454133 202.2 -30.09999999999999
    vertex 90.15911099154688 202.48941714587698 -17.599999999999994
    vertex 90.15911099154688 202.48941714587698 -30.09999999999999
  endloop
endfacet
facet normal -0.9914448613738109 0.13052619222004738 0.0
  outer loop
    vertex 90.2 202.79999999999998 -17.599999999999994
    vertex 90.15911099154688 202.48941714587698 -30.09999999999999
    vertex 90.15911099154688 202.48941714587698 -17.599999999999994
  endloop
endfacet
facet normal -0.9914448613738109 0.13052619222004738 0.0
  outer loop
    vertex 90.15911099154688 202.48941714587698 -30.09999999999999
    vertex 90.2 202.79999999999998 -17.599999999999994
    vertex 90.2 202.79999999999998 -30.09999999999999
  endloop
endfacet
facet normal -0.9914448613738109 -0.13052619222004738 -0.0
  outer loop
    vertex 90.15911099154688 203.110582854123 -17.599999999999994
    vertex 90.2 202.79999999999998 -30.09999999999999
    vertex 90.2 202.79999999999998 -17.599999999999994
  endloop
endfacet
facet normal -0.9914448613738109 -0.13052619222004738 -0.0
  outer loop
    vertex 90.2 202.79999999999998 -30.09999999999999
    vertex 90.15911099154688 203.110582854123 -17.599999999999994
    vertex 90.15911099154688 203.110582854123 -30.09999999999999
  endloop
endfacet
facet normal -0.9238795325112875 -0.382683432365088 -0.0
  outer loop
    vertex 90.03923048454133 203.39999999999998 -17.599999999999994
    vertex 90.15911099154688 203.110582854123 -30.09999999999999
    vertex 90.15911099154688 203.110582854123 -17.599999999999994
  endloop
endfacet
facet normal -0.9238795325112875 -0.382683432365088 -0.0
  outer loop
    vertex 90.15911099154688 203.110582854123 -30.09999999999999
    vertex 90.03923048454133 203.39999999999998 -17.599999999999994
    vertex 90.03923048454133 203.39999999999998 -30.09999999999999
  endloop
endfacet
facet normal -0.793353340291213 -0.6087614290087496 -0.0
  outer loop
    vertex 89.84852813742386 203.64852813742382 -17.599999999999994
    vertex 90.03923048454133 203.39999999999998 -30.09999999999999
    vertex 90.03923048454133 203.39999999999998 -17.599999999999994
  endloop
endfacet
facet normal -0.793353340291213 -0.6087614290087496 -0.0
  outer loop
    vertex 90.03923048454133 203.39999999999998 -30.09999999999999
    vertex 89.84852813742386 203.64852813742382 -17.599999999999994
    vertex 89.84852813742386 203.64852813742382 -30.09999999999999
  endloop
endfacet
facet normal -0.6087614290087096 -0.7933533402912437 -0.0
  outer loop
    vertex 89.84852813742386 203.64852813742382 -17.599999999999994
    vertex 89.60000000000001 203.8392304845413 -30.09999999999999
    vertex 89.84852813742386 203.64852813742382 -30.09999999999999
  endloop
endfacet
facet normal -0.6087614290087096 -0.7933533402912437 -0.0
  outer loop
    vertex 89.60000000000001 203.8392304845413 -30.09999999999999
    vertex 89.84852813742386 203.64852813742382 -17.599999999999994
    vertex 89.60000000000001 203.8392304845413 -17.599999999999994
  endloop
endfacet
facet normal -0.3826834323651622 -0.9238795325112569 -0.0
  outer loop
    vertex 89.60000000000001 203.8392304845413 -17.599999999999994
    vertex 89.31058285412304 203.95911099154688 -30.09999999999999
    vertex 89.60000000000001 203.8392304845413 -30.09999999999999
  endloop
endfacet
facet normal -0.3826834323651622 -0.9238795325112569 -0.0
  outer loop
    vertex 89.31058285412304 203.95911099154688 -30.09999999999999
    vertex 89.60000000000001 203.8392304845413 -17.599999999999994
    vertex 89.31058285412304 203.95911099154688 -17.599999999999994
  endloop
endfacet
facet normal -0.13052619222004275 -0.9914448613738117 -0.0
  outer loop
    vertex 89.31058285412304 203.95911099154688 -17.599999999999994
    vertex 89.0 204.0 -30.09999999999999
    vertex 89.31058285412304 203.95911099154688 -30.09999999999999
  endloop
endfacet
facet normal -0.13052619222004275 -0.9914448613738117 -0.0
  outer loop
    vertex 89.0 204.0 -30.09999999999999
    vertex 89.31058285412304 203.95911099154688 -17.599999999999994
    vertex 89.0 204.0 -17.599999999999994
  endloop
endfacet
facet normal 0.13052619222004275 -0.9914448613738117 0.0
  outer loop
    vertex 89.0 204.0 -17.599999999999994
    vertex 88.68941714587697 203.95911099154688 -30.09999999999999
    vertex 89.0 204.0 -30.09999999999999
  endloop
endfacet
facet normal 0.13052619222004275 -0.9914448613738117 0.0
  outer loop
    vertex 88.68941714587697 203.95911099154688 -30.09999999999999
    vertex 89.0 204.0 -17.599999999999994
    vertex 88.68941714587697 203.95911099154688 -17.599999999999994
  endloop
endfacet
facet normal 0.3826834323651622 -0.9238795325112569 0.0
  outer loop
    vertex 88.68941714587697 203.95911099154688 -17.599999999999994
    vertex 88.4 203.8392304845413 -30.09999999999999
    vertex 88.68941714587697 203.95911099154688 -30.09999999999999
  endloop
endfacet
facet normal 0.3826834323651622 -0.9238795325112569 0.0
  outer loop
    vertex 88.4 203.8392304845413 -30.09999999999999
    vertex 88.68941714587697 203.95911099154688 -17.599999999999994
    vertex 88.4 203.8392304845413 -17.599999999999994
  endloop
endfacet
facet normal 0.6087614290087096 -0.7933533402912437 0.0
  outer loop
    vertex 88.4 203.8392304845413 -17.599999999999994
    vertex 88.15147186257616 203.64852813742382 -30.09999999999999
    vertex 88.4 203.8392304845413 -30.09999999999999
  endloop
endfacet
facet normal 0.6087614290087096 -0.7933533402912437 0.0
  outer loop
    vertex 88.15147186257616 203.64852813742382 -30.09999999999999
    vertex 88.4 203.8392304845413 -17.599999999999994
    vertex 88.15147186257616 203.64852813742382 -17.599999999999994
  endloop
endfacet
facet normal 0.793353340291213 -0.6087614290087496 0.0
  outer loop
    vertex 88.15147186257616 203.64852813742382 -30.09999999999999
    vertex 87.96076951545868 203.39999999999998 -17.599999999999994
    vertex 87.96076951545868 203.39999999999998 -30.09999999999999
  endloop
endfacet
facet normal 0.793353340291213 -0.6087614290087496 0.0
  outer loop
    vertex 87.96076951545868 203.39999999999998 -17.599999999999994
    vertex 88.15147186257616 203.64852813742382 -30.09999999999999
    vertex 88.15147186257616 203.64852813742382 -17.599999999999994
  endloop
endfacet
facet normal 0.9238795325112875 -0.382683432365088 0.0
  outer loop
    vertex 87.96076951545868 203.39999999999998 -30.09999999999999
    vertex 87.84088900845312 203.110582854123 -17.599999999999994
    vertex 87.84088900845312 203.110582854123 -30.09999999999999
  endloop
endfacet
facet normal 0.9238795325112875 -0.382683432365088 0.0
  outer loop
    vertex 87.84088900845312 203.110582854123 -17.599999999999994
    vertex 87.96076951545868 203.39999999999998 -30.09999999999999
    vertex 87.96076951545868 203.39999999999998 -17.599999999999994
  endloop
endfacet
facet normal 0.9914448613738109 -0.13052619222004738 0.0
  outer loop
    vertex 87.84088900845312 203.110582854123 -30.09999999999999
    vertex 87.80000000000001 202.79999999999998 -17.599999999999994
    vertex 87.80000000000001 202.79999999999998 -30.09999999999999
  endloop
endfacet
facet normal 0.9914448613738109 -0.13052619222004738 0.0
  outer loop
    vertex 87.80000000000001 202.79999999999998 -17.599999999999994
    vertex 87.84088900845312 203.110582854123 -30.09999999999999
    vertex 87.84088900845312 203.110582854123 -17.599999999999994
  endloop
endfacet
facet normal 0.9914448613738109 0.13052619222004738 0.0
  outer loop
    vertex 87.80000000000001 202.79999999999998 -30.09999999999999
    vertex 87.84088900845312 202.48941714587698 -17.599999999999994
    vertex 87.84088900845312 202.48941714587698 -30.09999999999999
  endloop
endfacet
facet normal 0.9914448613738109 0.13052619222004738 0.0
  outer loop
    vertex 87.84088900845312 202.48941714587698 -17.599999999999994
    vertex 87.80000000000001 202.79999999999998 -30.09999999999999
    vertex 87.80000000000001 202.79999999999998 -17.599999999999994
  endloop
endfacet
facet normal 0.9238795325112875 0.382683432365088 0.0
  outer loop
    vertex 87.84088900845312 202.48941714587698 -30.09999999999999
    vertex 87.96076951545868 202.2 -17.599999999999994
    vertex 87.96076951545868 202.2 -30.09999999999999
  endloop
endfacet
facet normal 0.9238795325112875 0.382683432365088 0.0
  outer loop
    vertex 87.96076951545868 202.2 -17.599999999999994
    vertex 87.84088900845312 202.48941714587698 -30.09999999999999
    vertex 87.84088900845312 202.48941714587698 -17.599999999999994
  endloop
endfacet
facet normal 0.0 0.0 1.0
  outer loop
    vertex 87.84088900845312 286.6894171458769 -30.09999999999999
    vertex 87.84088900845312 287.310582854123 -30.09999999999999
    vertex 87.80000000000001 286.99999999999994 -30.09999999999999
  endloop
endfacet
facet normal 0.0 0.0 1.0
  outer loop
    vertex 87.84088900845312 287.310582854123 -30.09999999999999
    vertex 87.84088900845312 286.6894171458769 -30.09999999999999
    vertex 87.96076951545868 286.4 -30.09999999999999
  endloop
endfacet
facet normal 0.0 0.0 1.0
  outer loop
    vertex 87.84088900845312 287.310582854123 -30.09999999999999
    vertex 87.96076951545868 286.4 -30.09999999999999
    vertex 87.96076951545868 287.59999999999997 -30.09999999999999
  endloop
endfacet
facet normal 0.0 0.0 1.0
  outer loop
    vertex 87.96076951545868 287.59999999999997 -30.09999999999999
    vertex 87.96076951545868 286.4 -30.09999999999999
    vertex 88.00000000000001 286.99999999999994 -30.1
  endloop
endfacet
facet normal 0.0 0.0 1.0
  outer loop
    vertex 88.00000000000001 286.99999999999994 -30.1
    vertex 87.96076951545868 286.4 -30.09999999999999
    vertex 88.03407417371095 286.74118095489746 -30.1
  endloop
endfacet
facet normal 0.0 0.0 1.0
  outer loop
    vertex 88.03407417371095 286.74118095489746 -30.1
    vertex 87.96076951545868 286.4 -30.09999999999999
    vertex 88.15147186257616 286.1514718625761 -30.09999999999999
  endloop
endfacet
facet normal 0.0 0.0 1.0
  outer loop
    vertex 88.03407417371095 286.74118095489746 -30.1
    vertex 88.15147186257616 286.1514718625761 -30.09999999999999
    vertex 88.13397459621557 286.5 -30.1
  endloop
endfacet
facet normal 0.0 0.0 1.0
  outer loop
    vertex 88.13397459621557 286.5 -30.1
    vertex 88.15147186257616 286.1514718625761 -30.09999999999999
    vertex 88.29289321881346 286.29289321881345 -30.1
  endloop
endfacet
facet normal 0.0 0.0 1.0
  outer loop
    vertex 88.29289321881346 286.29289321881345 -30.1
    vertex 88.15147186257616 286.1514718625761 -30.09999999999999
    vertex 88.4 285.96076951545865 -30.09999999999999
  endloop
endfacet
facet normal 0.0 0.0 1.0
  outer loop
    vertex 88.29289321881346 286.29289321881345 -30.1
    vertex 88.4 285.96076951545865 -30.09999999999999
    vertex 88.5 286.1339745962156 -30.1
  endloop
endfacet
facet normal 0.0 0.0 1.0
  outer loop
    vertex 88.5 286.1339745962156 -30.1
    vertex 88.4 285.96076951545865 -30.09999999999999
    vertex 88.68941714587699 285.8408890084531 -30.09999999999999
  endloop
endfacet
facet normal 0.0 0.0 1.0
  outer loop
    vertex 88.5 286.1339745962156 -30.1
    vertex 88.68941714587699 285.8408890084531 -30.09999999999999
    vertex 88.74118095489749 286.0340741737109 -30.1
  endloop
endfacet
facet normal 0.0 0.0 1.0
  outer loop
    vertex 88.74118095489749 286.0340741737109 -30.1
    vertex 88.68941714587699 285.8408890084531 -30.09999999999999
    vertex 89.0 285.79999999999995 -30.09999999999999
  endloop
endfacet
facet normal 0.0 0.0 1.0
  outer loop
    vertex 88.74118095489749 286.0340741737109 -30.1
    vertex 89.0 285.79999999999995 -30.09999999999999
    vertex 89.0 286.0 -30.1
  endloop
endfacet
facet normal 0.0 0.0 1.0
  outer loop
    vertex 89.0 286.0 -30.1
    vertex 89.0 285.79999999999995 -30.09999999999999
    vertex 89.31058285412304 285.8408890084531 -30.09999999999999
  endloop
endfacet
facet normal 0.0 0.0 1.0
  outer loop
    vertex 89.0 286.0 -30.1
    vertex 89.31058285412304 285.8408890084531 -30.09999999999999
    vertex 89.25881904510253 286.0340741737109 -30.1
  endloop
endfacet
facet normal 0.0 0.0 1.0
  outer loop
    vertex 89.25881904510253 286.0340741737109 -30.1
    vertex 89.31058285412304 285.8408890084531 -30.09999999999999
    vertex 89.5 286.1339745962156 -30.1
  endloop
endfacet
facet normal 0.0 0.0 1.0
  outer loop
    vertex 89.5 286.1339745962156 -30.1
    vertex 89.31058285412304 285.8408890084531 -30.09999999999999
    vertex 89.60000000000001 285.96076951545865 -30.09999999999999
  endloop
endfacet
facet normal 0.0 0.0 1.0
  outer loop
    vertex 89.5 286.1339745962156 -30.1
    vertex 89.60000000000001 285.96076951545865 -30.09999999999999
    vertex 89.70710678118655 286.29289321881345 -30.1
  endloop
endfacet
facet normal 0.0 0.0 1.0
  outer loop
    vertex 89.70710678118655 286.29289321881345 -30.1
    vertex 89.60000000000001 285.96076951545865 -30.09999999999999
    vertex 89.84852813742386 286.1514718625761 -30.09999999999999
  endloop
endfacet
facet normal 0.0 0.0 1.0
  outer loop
    vertex 89.70710678118655 286.29289321881345 -30.1
    vertex 89.84852813742386 286.1514718625761 -30.09999999999999
    vertex 89.86602540378443 286.5 -30.1
  endloop
endfacet
facet normal 0.0 0.0 1.0
  outer loop
    vertex 89.86602540378443 286.5 -30.1
    vertex 89.84852813742386 286.1514718625761 -30.09999999999999
    vertex 90.03923048454133 286.4 -30.09999999999999
  endloop
endfacet
facet normal 0.0 0.0 1.0
  outer loop
    vertex 89.86602540378443 286.5 -30.1
    vertex 90.03923048454133 286.4 -30.09999999999999
    vertex 89.96592582628908 286.74118095489746 -30.1
  endloop
endfacet
facet normal 0.0 0.0 1.0
  outer loop
    vertex 89.96592582628908 286.74118095489746 -30.1
    vertex 90.03923048454133 286.4 -30.09999999999999
    vertex 90.0 286.99999999999994 -30.1
  endloop
endfacet
facet normal 0.0 0.0 1.0
  outer loop
    vertex 87.96076951545868 287.59999999999997 -30.09999999999999
    vertex 88.03407417371093 287.2588190451025 -30.1
    vertex 88.15147186257616 287.8485281374238 -30.09999999999999
  endloop
endfacet
facet normal 0.0 0.0 1.0
  outer loop
    vertex 88.03407417371093 287.2588190451025 -30.1
    vertex 87.96076951545868 287.59999999999997 -30.09999999999999
    vertex 88.00000000000001 286.99999999999994 -30.1
  endloop
endfacet
facet normal 0.0 0.0 1.0
  outer loop
    vertex 88.15147186257616 287.8485281374238 -30.09999999999999
    vertex 88.03407417371093 287.2588190451025 -30.1
    vertex 88.13397459621557 287.5 -30.1
  endloop
endfacet
facet normal 0.0 0.0 1.0
  outer loop
    vertex 88.15147186257616 287.8485281374238 -30.09999999999999
    vertex 88.13397459621557 287.5 -30.1
    vertex 88.29289321881346 287.70710678118655 -30.1
  endloop
endfacet
facet normal 0.0 0.0 1.0
  outer loop
    vertex 88.15147186257616 287.8485281374238 -30.09999999999999
    vertex 88.29289321881346 287.70710678118655 -30.1
    vertex 88.4 288.0392304845413 -30.09999999999999
  endloop
endfacet
facet normal 0.0 0.0 1.0
  outer loop
    vertex 88.4 288.0392304845413 -30.09999999999999
    vertex 88.29289321881346 287.70710678118655 -30.1
    vertex 88.5 287.8660254037845 -30.1
  endloop
endfacet
facet normal 0.0 0.0 1.0
  outer loop
    vertex 88.4 288.0392304845413 -30.09999999999999
    vertex 88.5 287.8660254037845 -30.1
    vertex 88.68941714587697 288.15911099154687 -30.09999999999999
  endloop
endfacet
facet normal 0.0 0.0 1.0
  outer loop
    vertex 88.68941714587697 288.15911099154687 -30.09999999999999
    vertex 88.5 287.8660254037845 -30.1
    vertex 88.74118095489749 287.96592582628904 -30.1
  endloop
endfacet
facet normal 0.0 0.0 1.0
  outer loop
    vertex 88.68941714587697 288.15911099154687 -30.09999999999999
    vertex 88.74118095489749 287.96592582628904 -30.1
    vertex 89.0 288.2 -30.09999999999999
  endloop
endfacet
facet normal 0.0 0.0 1.0
  outer loop
    vertex 89.0 288.2 -30.09999999999999
    vertex 88.74118095489749 287.96592582628904 -30.1
    vertex 89.0 288.0 -30.1
  endloop
endfacet
facet normal 0.0 0.0 1.0
  outer loop
    vertex 89.0 288.2 -30.09999999999999
    vertex 89.0 288.0 -30.1
    vertex 89.25881904510253 287.9659258262891 -30.1
  endloop
endfacet
facet normal 0.0 0.0 1.0
  outer loop
    vertex 89.0 288.2 -30.09999999999999
    vertex 89.25881904510253 287.9659258262891 -30.1
    vertex 89.31058285412304 288.15911099154687 -30.09999999999999
  endloop
endfacet
facet normal 0.0 0.0 1.0
  outer loop
    vertex 89.31058285412304 288.15911099154687 -30.09999999999999
    vertex 89.25881904510253 287.9659258262891 -30.1
    vertex 89.5 287.8660254037845 -30.1
  endloop
endfacet
facet normal 0.0 0.0 1.0
  outer loop
    vertex 89.31058285412304 288.15911099154687 -30.09999999999999
    vertex 89.5 287.8660254037845 -30.1
    vertex 89.60000000000001 288.0392304845413 -30.09999999999999
  endloop
endfacet
facet normal 0.0 0.0 1.0
  outer loop
    vertex 89.60000000000001 288.0392304845413 -30.09999999999999
    vertex 89.5 287.8660254037845 -30.1
    vertex 89.70710678118655 287.70710678118655 -30.1
  endloop
endfacet
facet normal 0.0 0.0 1.0
  outer loop
    vertex 89.60000000000001 288.0392304845413 -30.09999999999999
    vertex 89.70710678118655 287.70710678118655 -30.1
    vertex 89.84852813742386 287.8485281374238 -30.09999999999999
  endloop
endfacet
facet normal 0.0 0.0 1.0
  outer loop
    vertex 89.84852813742386 287.8485281374238 -30.09999999999999
    vertex 89.70710678118655 287.70710678118655 -30.1
    vertex 89.86602540378443 287.5 -30.1
  endloop
endfacet
facet normal 0.0 0.0 1.0
  outer loop
    vertex 89.84852813742386 287.8485281374238 -30.09999999999999
    vertex 89.86602540378443 287.5 -30.1
    vertex 90.03923048454133 287.59999999999997 -30.09999999999999
  endloop
endfacet
facet normal 0.0 0.0 1.0
  outer loop
    vertex 90.03923048454133 287.59999999999997 -30.09999999999999
    vertex 89.86602540378443 287.5 -30.1
    vertex 89.96592582628908 287.2588190451025 -30.1
  endloop
endfacet
facet normal 0.0 0.0 1.0
  outer loop
    vertex 90.03923048454133 287.59999999999997 -30.09999999999999
    vertex 89.96592582628908 287.2588190451025 -30.1
    vertex 90.0 286.99999999999994 -30.1
  endloop
endfacet
facet normal 0.0 0.0 1.0
  outer loop
    vertex 90.03923048454133 287.59999999999997 -30.09999999999999
    vertex 90.0 286.99999999999994 -30.1
    vertex 90.03923048454133 286.4 -30.09999999999999
  endloop
endfacet
facet normal 0.0 0.0 1.0
  outer loop
    vertex 90.03923048454133 287.59999999999997 -30.09999999999999
    vertex 90.03923048454133 286.4 -30.09999999999999
    vertex 90.15911099154688 286.6894171458769 -30.09999999999999
  endloop
endfacet
facet normal 0.0 0.0 1.0
  outer loop
    vertex 90.03923048454133 287.59999999999997 -30.09999999999999
    vertex 90.15911099154688 286.6894171458769 -30.09999999999999
    vertex 90.15911099154688 287.310582854123 -30.09999999999999
  endloop
endfacet
facet normal 0.0 0.0 1.0
  outer loop
    vertex 90.15911099154688 287.310582854123 -30.09999999999999
    vertex 90.15911099154688 286.6894171458769 -30.09999999999999
    vertex 90.2 286.99999999999994 -30.09999999999999
  endloop
endfacet
facet normal -0.793353340291213 0.6087614290087496 0.0
  outer loop
    vertex 90.03923048454133 286.4 -17.600000000000048
    vertex 89.84852813742386 286.1514718625761 -30.09999999999999
    vertex 89.84852813742386 286.1514718625761 -17.600000000000048
  endloop
endfacet
facet normal -0.793353340291213 0.6087614290087496 0.0
  outer loop
    vertex 89.84852813742386 286.1514718625761 -30.09999999999999
    vertex 90.03923048454133 286.4 -17.600000000000048
    vertex 90.03923048454133 286.4 -30.09999999999999
  endloop
endfacet
facet normal -0.9238795325112771 0.38268343236511354 0.0
  outer loop
    vertex 90.15911099154688 286.6894171458769 -17.600000000000048
    vertex 90.03923048454133 286.4 -30.09999999999999
    vertex 90.03923048454133 286.4 -17.600000000000048
  endloop
endfacet
facet normal -0.9238795325112771 0.38268343236511354 0.0
  outer loop
    vertex 90.03923048454133 286.4 -30.09999999999999
    vertex 90.15911099154688 286.6894171458769 -17.600000000000048
    vertex 90.15911099154688 286.6894171458769 -30.09999999999999
  endloop
endfacet
facet normal -0.9914448613738123 0.13052619222003808 0.0
  outer loop
    vertex 90.2 286.99999999999994 -17.600000000000048
    vertex 90.15911099154688 286.6894171458769 -30.09999999999999
    vertex 90.15911099154688 286.6894171458769 -17.600000000000048
  endloop
endfacet
facet normal -0.9914448613738123 0.13052619222003808 0.0
  outer loop
    vertex 90.15911099154688 286.6894171458769 -30.09999999999999
    vertex 90.2 286.99999999999994 -17.600000000000048
    vertex 90.2 286.99999999999994 -30.09999999999999
  endloop
endfacet
facet normal -0.9914448613738123 -0.13052619222003808 -0.0
  outer loop
    vertex 90.15911099154688 287.310582854123 -17.600000000000048
    vertex 90.2 286.99999999999994 -30.09999999999999
    vertex 90.2 286.99999999999994 -17.600000000000048
  endloop
endfacet
facet normal -0.9914448613738123 -0.13052619222003808 -0.0
  outer loop
    vertex 90.2 286.99999999999994 -30.09999999999999
    vertex 90.15911099154688 287.310582854123 -17.600000000000048
    vertex 90.15911099154688 287.310582854123 -30.09999999999999
  endloop
endfacet
facet normal -0.9238795325112771 -0.38268343236511354 -0.0
  outer loop
    vertex 90.03923048454133 287.59999999999997 -17.600000000000048
    vertex 90.15911099154688 287.310582854123 -30.09999999999999
    vertex 90.15911099154688 287.310582854123 -17.600000000000048
  endloop
endfacet
facet normal -0.9238795325112771 -0.38268343236511354 -0.0
  outer loop
    vertex 90.15911099154688 287.310582854123 -30.09999999999999
    vertex 90.03923048454133 287.59999999999997 -17.600000000000048
    vertex 90.03923048454133 287.59999999999997 -30.09999999999999
  endloop
endfacet
facet normal -0.793353340291213 -0.6087614290087496 -0.0
  outer loop
    vertex 89.84852813742386 287.8485281374238 -17.600000000000048
    vertex 90.03923048454133 287.59999999999997 -30.09999999999999
    vertex 90.03923048454133 287.59999999999997 -17.600000000000048
  endloop
endfacet
facet normal -0.793353340291213 -0.6087614290087496 -0.0
  outer loop
    vertex 90.03923048454133 287.59999999999997 -30.09999999999999
    vertex 89.84852813742386 287.8485281374238 -17.600000000000048
    vertex 89.84852813742386 287.8485281374238 -30.09999999999999
  endloop
endfacet
facet normal -0.6087614290087096 -0.7933533402912437 -0.0
  outer loop
    vertex 89.84852813742386 287.8485281374238 -17.600000000000048
    vertex 89.60000000000001 288.0392304845413 -30.09999999999999
    vertex 89.84852813742386 287.8485281374238 -30.09999999999999
  endloop
endfacet
facet normal -0.6087614290087096 -0.7933533402912437 -0.0
  outer loop
    vertex 89.60000000000001 288.0392304845413 -30.09999999999999
    vertex 89.84852813742386 287.8485281374238 -17.600000000000048
    vertex 89.60000000000001 288.0392304845413 -17.600000000000048
  endloop
endfacet
facet normal -0.3826834323651622 -0.9238795325112569 -0.0
  outer loop
    vertex 89.60000000000001 288.0392304845413 -17.600000000000048
    vertex 89.31058285412304 288.15911099154687 -30.09999999999999
    vertex 89.60000000000001 288.0392304845413 -30.09999999999999
  endloop
endfacet
facet normal -0.3826834323651622 -0.9238795325112569 -0.0
  outer loop
    vertex 89.31058285412304 288.15911099154687 -30.09999999999999
    vertex 89.60000000000001 288.0392304845413 -17.600000000000048
    vertex 89.31058285412304 288.15911099154687 -17.600000000000048
  endloop
endfacet
facet normal -0.13052619222004275 -0.9914448613738117 -0.0
  outer loop
    vertex 89.31058285412304 288.15911099154687 -17.600000000000048
    vertex 89.0 288.2 -30.09999999999999
    vertex 89.31058285412304 288.15911099154687 -30.09999999999999
  endloop
endfacet
facet normal -0.13052619222004275 -0.9914448613738117 -0.0
  outer loop
    vertex 89.0 288.2 -30.09999999999999
    vertex 89.31058285412304 288.15911099154687 -17.600000000000048
    vertex 89.0 288.2 -17.600000000000048
  endloop
endfacet
facet normal 0.13052619222004275 -0.9914448613738117 0.0
  outer loop
    vertex 89.0 288.2 -17.600000000000048
    vertex 88.68941714587697 288.15911099154687 -30.09999999999999
    vertex 89.0 288.2 -30.09999999999999
  endloop
endfacet
facet normal 0.13052619222004275 -0.9914448613738117 0.0
  outer loop
    vertex 88.68941714587697 288.15911099154687 -30.09999999999999
    vertex 89.0 288.2 -17.600000000000048
    vertex 88.68941714587697 288.15911099154687 -17.600000000000048
  endloop
endfacet
facet normal 0.3826834323651622 -0.9238795325112569 0.0
  outer loop
    vertex 88.68941714587697 288.15911099154687 -17.600000000000048
    vertex 88.4 288.0392304845413 -30.09999999999999
    vertex 88.68941714587697 288.15911099154687 -30.09999999999999
  endloop
endfacet
facet normal 0.3826834323651622 -0.9238795325112569 0.0
  outer loop
    vertex 88.4 288.0392304845413 -30.09999999999999
    vertex 88.68941714587697 288.15911099154687 -17.600000000000048
    vertex 88.4 288.0392304845413 -17.600000000000048
  endloop
endfacet
facet normal 0.6087614290087096 -0.7933533402912437 0.0
  outer loop
    vertex 88.4 288.0392304845413 -17.600000000000048
    vertex 88.15147186257616 287.8485281374238 -30.09999999999999
    vertex 88.4 288.0392304845413 -30.09999999999999
  endloop
endfacet
facet normal 0.6087614290087096 -0.7933533402912437 0.0
  outer loop
    vertex 88.15147186257616 287.8485281374238 -30.09999999999999
    vertex 88.4 288.0392304845413 -17.600000000000048
    vertex 88.15147186257616 287.8485281374238 -17.600000000000048
  endloop
endfacet
facet normal 0.793353340291213 -0.6087614290087496 0.0
  outer loop
    vertex 88.15147186257616 287.8485281374238 -30.09999999999999
    vertex 87.96076951545868 287.59999999999997 -17.600000000000048
    vertex 87.96076951545868 287.59999999999997 -30.09999999999999
  endloop
endfacet
facet normal 0.793353340291213 -0.6087614290087496 0.0
  outer loop
    vertex 87.96076951545868 287.59999999999997 -17.600000000000048
    vertex 88.15147186257616 287.8485281374238 -30.09999999999999
    vertex 88.15147186257616 287.8485281374238 -17.600000000000048
  endloop
endfacet
facet normal 0.9238795325112771 -0.38268343236511354 0.0
  outer loop
    vertex 87.96076951545868 287.59999999999997 -30.09999999999999
    vertex 87.84088900845312 287.310582854123 -17.600000000000048
    vertex 87.84088900845312 287.310582854123 -30.09999999999999
  endloop
endfacet
facet normal 0.9238795325112771 -0.38268343236511354 0.0
  outer loop
    vertex 87.84088900845312 287.310582854123 -17.600000000000048
    vertex 87.96076951545868 287.59999999999997 -30.09999999999999
    vertex 87.96076951545868 287.59999999999997 -17.600000000000048
  endloop
endfacet
facet normal 0.9914448613738123 -0.13052619222003808 0.0
  outer loop
    vertex 87.84088900845312 287.310582854123 -30.09999999999999
    vertex 87.80000000000001 286.99999999999994 -17.600000000000048
    vertex 87.80000000000001 286.99999999999994 -30.09999999999999
  endloop
endfacet
facet normal 0.9914448613738123 -0.13052619222003808 0.0
  outer loop
    vertex 87.80000000000001 286.99999999999994 -17.600000000000048
    vertex 87.84088900845312 287.310582854123 -30.09999999999999
    vertex 87.84088900845312 287.310582854123 -17.600000000000048
  endloop
endfacet
facet normal 0.9914448613738123 0.13052619222003808 0.0
  outer loop
    vertex 87.80000000000001 286.99999999999994 -30.09999999999999
    vertex 87.84088900845312 286.6894171458769 -17.600000000000048
    vertex 87.84088900845312 286.6894171458769 -30.09999999999999
  endloop
endfacet
facet normal 0.9914448613738123 0.13052619222003808 0.0
  outer loop
    vertex 87.84088900845312 286.6894171458769 -17.600000000000048
    vertex 87.80000000000001 286.99999999999994 -30.09999999999999
    vertex 87.80000000000001 286.99999999999994 -17.600000000000048
  endloop
endfacet
facet normal 0.9238795325112771 0.38268343236511354 0.0
  outer loop
    vertex 87.84088900845312 286.6894171458769 -30.09999999999999
    vertex 87.96076951545868 286.4 -17.600000000000048
    vertex 87.96076951545868 286.4 -30.09999999999999
  endloop
endfacet
facet normal 0.9238795325112771 0.38268343236511354 0.0
  outer loop
    vertex 87.96076951545868 286.4 -17.600000000000048
    vertex 87.84088900845312 286.6894171458769 -30.09999999999999
    vertex 87.84088900845312 286.6894171458769 -17.600000000000048
  endloop
endfacet
facet normal 0.793353340291213 0.6087614290087496 0.0
  outer loop
    vertex 87.96076951545868 286.4 -30.09999999999999
    vertex 88.15147186257616 286.1514718625761 -17.600000000000048
    vertex 88.15147186257616 286.1514718625761 -30.09999999999999
  endloop
endfacet
facet normal 0.793353340291213 0.6087614290087496 0.0
  outer loop
    vertex 88.15147186257616 286.1514718625761 -17.600000000000048
    vertex 87.96076951545868 286.4 -30.09999999999999
    vertex 87.96076951545868 286.4 -17.600000000000048
  endloop
endfacet
facet normal 0.6087614290087096 0.7933533402912437 0.0
  outer loop
    vertex 88.15147186257616 286.1514718625761 -17.600000000000048
    vertex 88.4 285.96076951545865 -30.09999999999999
    vertex 88.15147186257616 286.1514718625761 -30.09999999999999
  endloop
endfacet
facet normal 0.6087614290087096 0.7933533402912437 0.0
  outer loop
    vertex 88.4 285.96076951545865 -30.09999999999999
    vertex 88.15147186257616 286.1514718625761 -17.600000000000048
    vertex 88.4 285.96076951545865 -17.600000000000048
  endloop
endfacet
facet normal 0.3826834323651495 0.9238795325112621 0.0
  outer loop
    vertex 88.4 285.96076951545865 -17.600000000000048
    vertex 88.68941714587699 285.8408890084531 -30.09999999999999
    vertex 88.4 285.96076951545865 -30.09999999999999
  endloop
endfacet
facet normal 0.3826834323651495 0.9238795325112621 0.0
  outer loop
    vertex 88.68941714587699 285.8408890084531 -30.09999999999999
    vertex 88.4 285.96076951545865 -17.600000000000048
    vertex 88.68941714587699 285.8408890084531 -17.600000000000048
  endloop
endfacet
facet normal 0.13052619222004738 0.9914448613738109 0.0
  outer loop
    vertex 88.68941714587699 285.8408890084531 -17.600000000000048
    vertex 89.0 285.79999999999995 -30.09999999999999
    vertex 88.68941714587699 285.8408890084531 -30.09999999999999
  endloop
endfacet
facet normal 0.13052619222004738 0.9914448613738109 0.0
  outer loop
    vertex 89.0 285.79999999999995 -30.09999999999999
    vertex 88.68941714587699 285.8408890084531 -17.600000000000048
    vertex 89.0 285.79999999999995 -17.600000000000048
  endloop
endfacet
facet normal -0.13052619222004275 0.9914448613738117 0.0
  outer loop
    vertex 89.0 285.79999999999995 -17.600000000000048
    vertex 89.31058285412304 285.8408890084531 -30.09999999999999
    vertex 89.0 285.79999999999995 -30.09999999999999
  endloop
endfacet
facet normal -0.13052619222004275 0.9914448613738117 0.0
  outer loop
    vertex 89.31058285412304 285.8408890084531 -30.09999999999999
    vertex 89.0 285.79999999999995 -17.600000000000048
    vertex 89.31058285412304 285.8408890084531 -17.600000000000048
  endloop
endfacet
facet normal -0.3826834323651622 0.9238795325112569 0.0
  outer loop
    vertex 89.31058285412304 285.8408890084531 -17.600000000000048
    vertex 89.60000000000001 285.96076951545865 -30.09999999999999
    vertex 89.31058285412304 285.8408890084531 -30.09999999999999
  endloop
endfacet
facet normal -0.3826834323651622 0.9238795325112569 0.0
  outer loop
    vertex 89.60000000000001 285.96076951545865 -30.09999999999999
    vertex 89.31058285412304 285.8408890084531 -17.600000000000048
    vertex 89.60000000000001 285.96076951545865 -17.600000000000048
  endloop
endfacet
facet normal -0.6087614290087096 0.7933533402912437 0.0
  outer loop
    vertex 89.60000000000001 285.96076951545865 -17.600000000000048
    vertex 89.84852813742386 286.1514718625761 -30.09999999999999
    vertex 89.60000000000001 285.96076951545865 -30.09999999999999
  endloop
endfacet
facet normal -0.6087614290087096 0.7933533402912437 0.0
  outer loop
    vertex 89.84852813742386 286.1514718625761 -30.09999999999999
    vertex 89.60000000000001 285.96076951545865 -17.600000000000048
    vertex 89.84852813742386 286.1514718625761 -17.600000000000048
  endloop
endfacet
endsolid HA-Monitor_Case_v3
